ISO-10303-21;
HEADER;
/* Generated by software containing ST-Developer
 * from STEP Tools, Inc. (www.steptools.com) 
 */

FILE_DESCRIPTION(
/* description */ ('STEP AP214'),
/* implementation_level */ '2;1');

FILE_NAME(
/* name */ 'Trinity Depressor Arm and Holder_.step',
/* time_stamp */ '2026-07-19T01:07:09+02:00',
/* author */ (''),
/* organization */ (''),
/* preprocessor_version */ 'ST-DEVELOPER v20.1',
/* originating_system */ 'Autodesk Translation Framework v15.8.0.0',
/* authorisation */ '');

FILE_SCHEMA (('AUTOMOTIVE_DESIGN { 1 0 10303 214 3 1 1 }'));
ENDSEC;

DATA;
#10=MECHANICAL_DESIGN_GEOMETRIC_PRESENTATION_REPRESENTATION('',(#54,#55),
#6281);
#11=ITEM_DEFINED_TRANSFORMATION($,$,#3598,#3942);
#12=ITEM_DEFINED_TRANSFORMATION($,$,#3796,#3943);
#13=ITEM_DEFINED_TRANSFORMATION($,$,#3597,#3944);
#14=(
REPRESENTATION_RELATIONSHIP($,$,#6299,#6298)
REPRESENTATION_RELATIONSHIP_WITH_TRANSFORMATION(#11)
SHAPE_REPRESENTATION_RELATIONSHIP()
);
#15=(
REPRESENTATION_RELATIONSHIP($,$,#6300,#6298)
REPRESENTATION_RELATIONSHIP_WITH_TRANSFORMATION(#12)
SHAPE_REPRESENTATION_RELATIONSHIP()
);
#16=(
REPRESENTATION_RELATIONSHIP($,$,#6298,#6297)
REPRESENTATION_RELATIONSHIP_WITH_TRANSFORMATION(#13)
SHAPE_REPRESENTATION_RELATIONSHIP()
);
#17=CONTEXT_DEPENDENT_SHAPE_REPRESENTATION(#14,#6294);
#18=CONTEXT_DEPENDENT_SHAPE_REPRESENTATION(#15,#6295);
#19=CONTEXT_DEPENDENT_SHAPE_REPRESENTATION(#16,#6296);
#20=NEXT_ASSEMBLY_USAGE_OCCURRENCE('Depressor Arm Base:1',
'Depressor Arm Base:1','Depressor Arm Base:1',#6303,#6304,
'Depressor Arm Base:1');
#21=NEXT_ASSEMBLY_USAGE_OCCURRENCE('Depressor Arm:1','Depressor Arm:1',
'Depressor Arm:1',#6303,#6305,'Depressor Arm:1');
#22=NEXT_ASSEMBLY_USAGE_OCCURRENCE(
'Trinity Depressor Arm and Holder :1',
'Trinity Depressor Arm and Holder :1',
'Trinity Depressor Arm and Holder :1',#6302,#6303,
'Trinity Depressor Arm and Holder :1');
#23=B_SPLINE_SURFACE_WITH_KNOTS('',3,3,((#6003,#6004,#6005,#6006,#6007,
#6008,#6009),(#6010,#6011,#6012,#6013,#6014,#6015,#6016),(#6017,#6018,#6019,
#6020,#6021,#6022,#6023),(#6024,#6025,#6026,#6027,#6028,#6029,#6030)),
 .UNSPECIFIED.,.F.,.F.,.F.,(4,4),(4,1,1,1,4),(0.,1.00973406795404),(-1.5805324583336,
-0.673199310162683,-0.224399770054214,0.673199310162725,1.58053245833369),
 .UNSPECIFIED.);
#24=B_SPLINE_SURFACE_WITH_KNOTS('',3,3,((#6077,#6078,#6079,#6080,#6081,
#6082,#6083),(#6084,#6085,#6086,#6087,#6088,#6089,#6090),(#6091,#6092,#6093,
#6094,#6095,#6096,#6097),(#6098,#6099,#6100,#6101,#6102,#6103,#6104)),
 .UNSPECIFIED.,.F.,.F.,.F.,(4,4),(4,1,1,1,4),(0.,1.00973924078873),(-1.58038726879909,
-0.673048934540591,-0.224249387805678,0.673349705664147,1.5806880399227),
 .UNSPECIFIED.);
#25=B_SPLINE_SURFACE_WITH_KNOTS('',3,3,((#6202,#6203,#6204,#6205,#6206,
#6207,#6208),(#6209,#6210,#6211,#6212,#6213,#6214,#6215),(#6216,#6217,#6218,
#6219,#6220,#6221,#6222),(#6223,#6224,#6225,#6226,#6227,#6228,#6229)),
 .UNSPECIFIED.,.F.,.F.,.F.,(4,4),(4,1,1,1,4),(0.,1.0097387556996),(-4.72209604065762,
-3.8146831080066,-3.36584601953089,-2.46817184257947,-1.56075890993736),
 .UNSPECIFIED.);
#26=B_SPLINE_SURFACE_WITH_KNOTS('',3,3,((#6241,#6242,#6243,#6244,#6245,
#6246,#6247),(#6248,#6249,#6250,#6251,#6252,#6253,#6254),(#6255,#6256,#6257,
#6258,#6259,#6260,#6261),(#6262,#6263,#6264,#6265,#6266,#6267,#6268)),
 .UNSPECIFIED.,.F.,.F.,.F.,(4,4),(4,1,1,1,4),(0.,1.00891563258155),(-4.72130241026043,
-4.26358844326137,-3.36599177442636,-2.46839510559135,-1.56188280417479),
 .UNSPECIFIED.);
#27=(
BOUNDED_CURVE()
B_SPLINE_CURVE(2,(#5744,#5745,#5746),.UNSPECIFIED.,.F.,.F.)
B_SPLINE_CURVE_WITH_KNOTS((3,3),(0.970841224551998,1.196151486656),
 .UNSPECIFIED.)
CURVE()
GEOMETRIC_REPRESENTATION_ITEM()
RATIONAL_B_SPLINE_CURVE((8.32648283982921,8.52513345945197,8.42138508058603))
REPRESENTATION_ITEM('')
);
#28=(
BOUNDED_CURVE()
B_SPLINE_CURVE(2,(#5749,#5750,#5751),.UNSPECIFIED.,.F.,.F.)
B_SPLINE_CURVE_WITH_KNOTS((3,3),(0.470626845304234,0.55974104188722),
 .UNSPECIFIED.)
CURVE()
GEOMETRIC_REPRESENTATION_ITEM()
RATIONAL_B_SPLINE_CURVE((3.10580183802353,3.11552439017132,3.05342701098529))
REPRESENTATION_ITEM('')
);
#29=(
BOUNDED_CURVE()
B_SPLINE_CURVE(2,(#5754,#5755,#5756),.UNSPECIFIED.,.F.,.F.)
B_SPLINE_CURVE_WITH_KNOTS((3,3),(0.405640141283467,0.49475433789627),
 .UNSPECIFIED.)
CURVE()
GEOMETRIC_REPRESENTATION_ITEM()
RATIONAL_B_SPLINE_CURVE((3.05342701193263,3.11552439113792,3.1058018389871))
REPRESENTATION_ITEM('')
);
#30=(
BOUNDED_CURVE()
B_SPLINE_CURVE(2,(#5799,#5800,#5801),.UNSPECIFIED.,.F.,.F.)
B_SPLINE_CURVE_WITH_KNOTS((3,3),(1.04155066004119,1.26686097773055),
 .UNSPECIFIED.)
CURVE()
GEOMETRIC_REPRESENTATION_ITEM()
RATIONAL_B_SPLINE_CURVE((8.42138579585623,8.5251342114314,8.32648347898243))
REPRESENTATION_ITEM('')
);
#31=B_SPLINE_CURVE_WITH_KNOTS('',3,(#5637,#5638,#5639,#5640,#5641,#5642),
 .UNSPECIFIED.,.F.,.F.,(4,2,4),(-0.0571561142310726,-0.0366349748947782,
4.04255712238566E-10),.UNSPECIFIED.);
#32=B_SPLINE_CURVE_WITH_KNOTS('',3,(#5696,#5697,#5698,#5699,#5700,#5701,
#5702,#5703),.UNSPECIFIED.,.F.,.F.,(4,2,2,4),(-0.0810743176034955,-0.071137321842103,
-0.0355686609210515,-0.0235830468636624),.UNSPECIFIED.);
#33=B_SPLINE_CURVE_WITH_KNOTS('',3,(#5731,#5732,#5733,#5734,#5735,#5736,
#5737,#5738,#5739),.UNSPECIFIED.,.F.,.F.,(4,3,2,4),(-0.0195092299594237,
0.,0.039039208108577,0.0398432931953526),.UNSPECIFIED.);
#34=B_SPLINE_CURVE_WITH_KNOTS('',3,(#5788,#5789,#5790,#5791,#5792,#5793,
#5794,#5795),.UNSPECIFIED.,.F.,.F.,(4,2,2,4),(0.0217809587840242,0.0285825882536634,
0.0571651765073267,0.0806045263498519),.UNSPECIFIED.);
#35=B_SPLINE_CURVE_WITH_KNOTS('',3,(#5832,#5833,#5834,#5835,#5836,#5837,
#5838),.UNSPECIFIED.,.F.,.F.,(4,1,1,1,4),(1.57055455347657,2.46817184256939,
3.36584601952484,3.81468310800257,4.71235728495802),.UNSPECIFIED.);
#36=B_SPLINE_CURVE_WITH_KNOTS('',3,(#5846,#5847,#5848,#5849,#5850,#5851,
#5852),.UNSPECIFIED.,.F.,.F.,(4,1,1,1,4),(1.57079843675634,2.46839510559135,
3.36599177442636,4.26358844326137,4.71238677767888),.UNSPECIFIED.);
#37=B_SPLINE_CURVE_WITH_KNOTS('',3,(#5877,#5878,#5879,#5880,#5881,#5882,
#5883),.UNSPECIFIED.,.F.,.F.,(4,1,1,1,4),(-1.57079758658675,-0.673199310162725,
0.224399770054214,0.673199310162683,1.57079758658672),.UNSPECIFIED.);
#38=B_SPLINE_CURVE_WITH_KNOTS('',3,(#5892,#5893,#5894,#5895,#5896,#5897,
#5898),.UNSPECIFIED.,.F.,.F.,(4,1,1,1,4),(-1.57094799534099,-0.673349705664147,
0.224249387805678,0.673048934540591,1.57064722421753),.UNSPECIFIED.);
#39=B_SPLINE_CURVE_WITH_KNOTS('',3,(#6031,#6032,#6033,#6034,#6035,#6036,
#6037,#6038,#6039,#6040,#6041,#6042,#6043,#6044,#6045,#6046,#6047,#6048,
#6049,#6050,#6051,#6052),.UNSPECIFIED.,.F.,.F.,(4,2,2,2,2,2,2,2,2,2,4),
(-0.536213302696875,-0.485366370926425,-0.43433215640001,-0.367964471138471,
-0.301182291189475,-0.268108175245865,-0.201592050468805,-0.136189688922458,
-0.0702832274779843,-0.0350790561823658,-1.0000000724153E-6),
 .UNSPECIFIED.);
#40=B_SPLINE_CURVE_WITH_KNOTS('',3,(#6105,#6106,#6107,#6108,#6109,#6110,
#6111,#6112,#6113,#6114,#6115,#6116,#6117,#6118,#6119,#6120,#6121,#6122,
#6123,#6124,#6125,#6126),.UNSPECIFIED.,.F.,.F.,(4,2,2,2,2,2,2,2,2,2,4),
(-0.536212057411863,-0.485365953335491,-0.434331840031648,-0.36796358750158,
-0.301181774931516,-0.268107552178433,-0.201591774872024,-0.136188003459015,
-0.0702810457405186,-0.0350781303919188,-1.00000007552392E-6),
 .UNSPECIFIED.);
#41=B_SPLINE_CURVE_WITH_KNOTS('',3,(#6148,#6149,#6150,#6151,#6152,#6153,
#6154,#6155,#6156,#6157,#6158,#6159,#6160,#6161,#6162,#6163,#6164,#6165,
#6166,#6167,#6168,#6169,#6170,#6171),.UNSPECIFIED.,.F.,.F.,(4,2,2,2,2,2,
2,2,2,2,2,4),(-0.536081618026476,-0.501215865936431,-0.466454251837737,
-0.400761530782966,-0.367456528595931,-0.301115127302208,-0.268041255060766,
-0.201440981387868,-0.136154483253886,-0.070255764791786,-0.0350735253956947,
-1.0000000744137E-6),.UNSPECIFIED.);
#42=B_SPLINE_CURVE_WITH_KNOTS('',3,(#6175,#6176,#6177,#6178,#6179,#6180,
#6181,#6182,#6183,#6184,#6185,#6186,#6187,#6188,#6189,#6190,#6191,#6192,
#6193,#6194,#6195,#6196),.UNSPECIFIED.,.F.,.F.,(4,2,2,2,2,2,2,2,2,2,4),
(-0.536262556749113,-0.485411553007657,-0.434369375111808,-0.368001287649727,
-0.301218983853976,-0.268144561636566,-0.201628192820171,-0.136225758269943,
-0.0703201424699918,-0.0350968892646564,-2.65655981498169E-5),
 .UNSPECIFIED.);
#43=TOROIDAL_SURFACE('',#3797,0.6,0.4);
#44=TOROIDAL_SURFACE('',#3804,1.4,0.400000000000001);
#45=TOROIDAL_SURFACE('',#3813,1.4,0.399999999999996);
#46=TOROIDAL_SURFACE('',#3823,1.4,0.4);
#47=TOROIDAL_SURFACE('',#3829,0.6,0.4);
#48=TOROIDAL_SURFACE('',#3836,0.6,0.4);
#49=TOROIDAL_SURFACE('',#3907,0.6,0.4);
#50=SHAPE_REPRESENTATION_RELATIONSHIP('SRR','None',#6299,#52);
#51=SHAPE_REPRESENTATION_RELATIONSHIP('SRR','None',#6300,#53);
#52=ADVANCED_BREP_SHAPE_REPRESENTATION('',(#56),#6279);
#53=ADVANCED_BREP_SHAPE_REPRESENTATION('',(#57),#6280);
#54=STYLED_ITEM('',(#6322),#56);
#55=STYLED_ITEM('',(#6323),#57);
#56=MANIFOLD_SOLID_BREP('Body1',#3571);
#57=MANIFOLD_SOLID_BREP('Body1',#3572);
#58=CONICAL_SURFACE('',#3654,1.8,0.785398163397448);
#59=CONICAL_SURFACE('',#3657,1.8,0.785398163397448);
#60=CONICAL_SURFACE('',#3660,3.85000000000012,0.785398163397454);
#61=CONICAL_SURFACE('',#3662,3.84999999999987,0.785398163397453);
#62=CONICAL_SURFACE('',#3663,3.84999999999999,0.785398163397448);
#63=CONICAL_SURFACE('',#3687,2.80000000856606,0.785398163397445);
#64=CONICAL_SURFACE('',#3690,2.80000000354818,0.785398163397447);
#65=CONICAL_SURFACE('',#3693,2.79999999645182,0.78539816339745);
#66=CONICAL_SURFACE('',#3696,2.79999999143395,0.785398163397433);
#67=CONICAL_SURFACE('',#3698,2.8,0.785398163397465);
#68=CONICAL_SURFACE('',#3700,2.8,0.785398163397447);
#69=CONICAL_SURFACE('',#3702,2.8,0.785398163397474);
#70=CONICAL_SURFACE('',#3704,2.8,0.785398163397469);
#71=CONICAL_SURFACE('',#3718,2.8,0.785398163397443);
#72=CONICAL_SURFACE('',#3721,2.8,0.785398163397427);
#73=CONICAL_SURFACE('',#3724,2.8,0.785398163397461);
#74=CONICAL_SURFACE('',#3727,2.8,0.785398163397419);
#75=CONICAL_SURFACE('',#3730,2.8,0.785398163397426);
#76=CONICAL_SURFACE('',#3733,2.8,0.78539816339746);
#77=CONICAL_SURFACE('',#3736,2.8,0.785398163397437);
#78=CONICAL_SURFACE('',#3739,2.8,0.785398163397453);
#79=CONICAL_SURFACE('',#3742,1.75000000927184,0.785398163397455);
#80=CONICAL_SURFACE('',#3751,1.80000000000009,0.78539816339746);
#81=CONICAL_SURFACE('',#3753,1.79999999999992,0.785398163397455);
#82=CONICAL_SURFACE('',#3759,1.75,0.785398163397448);
#83=CONICAL_SURFACE('',#3772,2.55,0.785398163397452);
#84=CONICAL_SURFACE('',#3777,2.55,0.785398163397447);
#85=CONICAL_SURFACE('',#3782,1.9,0.785398163397448);
#86=CONICAL_SURFACE('',#3789,1.9,0.785398163397448);
#87=CONICAL_SURFACE('',#3848,1.12044130181747,0.867054113762635);
#88=CONICAL_SURFACE('',#3851,0.362034291415596,0.867054113762615);
#89=CONICAL_SURFACE('',#3854,0.948151938507938,0.984706559156411);
#90=CONICAL_SURFACE('',#3857,1.37920145246282,0.984706586601028);
#91=CONICAL_SURFACE('',#3887,0.799999999999996,0.785398163397959);
#92=CONICAL_SURFACE('',#3890,0.800000000000001,0.785398163397512);
#93=CONICAL_SURFACE('',#3892,1.2,0.785398163397451);
#94=CONICAL_SURFACE('',#3915,1.89999999999999,0.785398163399069);
#95=CONICAL_SURFACE('',#3922,1.89999999999999,0.785398163398004);
#96=CONICAL_SURFACE('',#3931,0.250000000000005,0.785398163397435);
#97=CONICAL_SURFACE('',#3938,1.90000000000001,0.785398163402889);
#98=CONICAL_SURFACE('',#3940,1.90000000000001,0.785398163401845);
#99=CYLINDRICAL_SURFACE('',#3641,3.1);
#100=CYLINDRICAL_SURFACE('',#3645,1.6);
#101=CYLINDRICAL_SURFACE('',#3672,3.);
#102=CYLINDRICAL_SURFACE('',#3676,3.);
#103=CYLINDRICAL_SURFACE('',#3679,3.);
#104=CYLINDRICAL_SURFACE('',#3683,3.);
#105=CYLINDRICAL_SURFACE('',#3707,3.);
#106=CYLINDRICAL_SURFACE('',#3710,3.);
#107=CYLINDRICAL_SURFACE('',#3713,3.);
#108=CYLINDRICAL_SURFACE('',#3716,3.);
#109=CYLINDRICAL_SURFACE('',#3749,1.6);
#110=CYLINDRICAL_SURFACE('',#3757,1.55);
#111=CYLINDRICAL_SURFACE('',#3775,2.35);
#112=CYLINDRICAL_SURFACE('',#3780,2.35);
#113=CYLINDRICAL_SURFACE('',#3787,1.7);
#114=CYLINDRICAL_SURFACE('',#3791,1.7);
#115=CYLINDRICAL_SURFACE('',#3793,3.1);
#116=CYLINDRICAL_SURFACE('',#3802,0.4);
#117=CYLINDRICAL_SURFACE('',#3809,1.);
#118=CYLINDRICAL_SURFACE('',#3811,0.4);
#119=CYLINDRICAL_SURFACE('',#3818,0.4);
#120=CYLINDRICAL_SURFACE('',#3819,0.4);
#121=CYLINDRICAL_SURFACE('',#3827,0.4);
#122=CYLINDRICAL_SURFACE('',#3833,0.4);
#123=CYLINDRICAL_SURFACE('',#3834,1.);
#124=CYLINDRICAL_SURFACE('',#3839,0.4);
#125=CYLINDRICAL_SURFACE('',#3841,1.);
#126=CYLINDRICAL_SURFACE('',#3844,1.);
#127=CYLINDRICAL_SURFACE('',#3869,1.);
#128=CYLINDRICAL_SURFACE('',#3880,0.4);
#129=CYLINDRICAL_SURFACE('',#3883,1.);
#130=CYLINDRICAL_SURFACE('',#3895,1.);
#131=CYLINDRICAL_SURFACE('',#3898,0.4);
#132=CYLINDRICAL_SURFACE('',#3904,0.4);
#133=CYLINDRICAL_SURFACE('',#3918,1.7);
#134=CYLINDRICAL_SURFACE('',#3925,1.7);
#135=CYLINDRICAL_SURFACE('',#3928,0.4);
#136=CYLINDRICAL_SURFACE('',#3933,1.7);
#137=CYLINDRICAL_SURFACE('',#3934,1.7);
#138=FACE_BOUND('',#523,.T.);
#139=FACE_BOUND('',#524,.T.);
#140=FACE_BOUND('',#531,.T.);
#141=FACE_BOUND('',#536,.T.);
#142=FACE_BOUND('',#548,.T.);
#143=FACE_BOUND('',#598,.T.);
#144=FACE_BOUND('',#599,.T.);
#145=FACE_BOUND('',#607,.T.);
#146=FACE_BOUND('',#628,.T.);
#147=FACE_BOUND('',#629,.T.);
#148=FACE_BOUND('',#635,.T.);
#149=FACE_BOUND('',#637,.T.);
#150=FACE_BOUND('',#666,.T.);
#151=FACE_BOUND('',#667,.T.);
#152=FACE_BOUND('',#671,.T.);
#153=FACE_BOUND('',#672,.T.);
#154=CIRCLE('',#3624,3.1);
#155=CIRCLE('',#3625,3.1);
#156=CIRCLE('',#3626,2.75);
#157=CIRCLE('',#3627,2.75);
#158=CIRCLE('',#3635,2.6);
#159=CIRCLE('',#3636,2.6);
#160=CIRCLE('',#3637,2.6);
#161=CIRCLE('',#3638,2.6);
#162=CIRCLE('',#3639,4.14999999999975);
#163=CIRCLE('',#3640,4.15000000000025);
#164=CIRCLE('',#3646,1.6);
#165=CIRCLE('',#3647,1.6);
#166=CIRCLE('',#3649,3.55);
#167=CIRCLE('',#3650,3.55);
#168=CIRCLE('',#3651,2.);
#169=CIRCLE('',#3652,2.);
#170=CIRCLE('',#3655,1.6);
#171=CIRCLE('',#3664,3.55);
#172=CIRCLE('',#3665,4.14999999999999);
#173=CIRCLE('',#3667,2.60000001713211);
#174=CIRCLE('',#3668,2.60000000709635);
#175=CIRCLE('',#3669,2.59999999290365);
#176=CIRCLE('',#3670,2.59999998286789);
#177=CIRCLE('',#3673,3.);
#178=CIRCLE('',#3674,3.);
#179=CIRCLE('',#3677,3.);
#180=CIRCLE('',#3678,3.);
#181=CIRCLE('',#3680,3.);
#182=CIRCLE('',#3681,3.);
#183=CIRCLE('',#3684,3.);
#184=CIRCLE('',#3685,3.);
#185=CIRCLE('',#3688,3.);
#186=CIRCLE('',#3691,3.);
#187=CIRCLE('',#3694,3.);
#188=CIRCLE('',#3697,3.);
#189=CIRCLE('',#3708,3.);
#190=CIRCLE('',#3711,3.);
#191=CIRCLE('',#3714,3.);
#192=CIRCLE('',#3717,3.);
#193=CIRCLE('',#3719,2.6);
#194=CIRCLE('',#3722,2.6);
#195=CIRCLE('',#3725,2.6);
#196=CIRCLE('',#3728,2.6);
#197=CIRCLE('',#3731,2.6);
#198=CIRCLE('',#3734,2.6);
#199=CIRCLE('',#3737,2.6);
#200=CIRCLE('',#3740,2.6);
#201=CIRCLE('',#3743,1.55);
#202=CIRCLE('',#3744,1.95000001854367);
#203=CIRCLE('',#3746,1.99999999999984);
#204=CIRCLE('',#3747,2.00000000000017);
#205=CIRCLE('',#3750,1.6);
#206=CIRCLE('',#3756,1.95);
#207=CIRCLE('',#3758,1.55);
#208=CIRCLE('',#3773,2.35);
#209=CIRCLE('',#3774,2.35);
#210=CIRCLE('',#3776,2.35);
#211=CIRCLE('',#3778,2.35);
#212=CIRCLE('',#3779,2.35);
#213=CIRCLE('',#3781,2.35);
#214=CIRCLE('',#3783,1.7);
#215=CIRCLE('',#3784,2.1);
#216=CIRCLE('',#3786,2.1);
#217=CIRCLE('',#3788,1.7);
#218=CIRCLE('',#3790,1.7);
#219=CIRCLE('',#3792,1.7);
#220=CIRCLE('',#3798,0.399999999999885);
#221=CIRCLE('',#3799,1.);
#222=CIRCLE('',#3800,0.399999999999996);
#223=CIRCLE('',#3801,0.6);
#224=CIRCLE('',#3803,0.400000000000009);
#225=CIRCLE('',#3805,0.400000000000001);
#226=CIRCLE('',#3806,1.);
#227=CIRCLE('',#3807,0.4);
#228=CIRCLE('',#3808,1.40000000000001);
#229=CIRCLE('',#3812,0.399999999999998);
#230=CIRCLE('',#3814,1.);
#231=CIRCLE('',#3815,0.4);
#232=CIRCLE('',#3816,1.4);
#233=CIRCLE('',#3817,0.399999999999996);
#234=CIRCLE('',#3821,0.4);
#235=CIRCLE('',#3824,0.4);
#236=CIRCLE('',#3825,1.4);
#237=CIRCLE('',#3826,1.);
#238=CIRCLE('',#3828,0.4);
#239=CIRCLE('',#3830,0.400000000000006);
#240=CIRCLE('',#3831,0.6);
#241=CIRCLE('',#3832,1.);
#242=CIRCLE('',#3837,1.);
#243=CIRCLE('',#3838,0.6);
#244=CIRCLE('',#3840,0.400000000000063);
#245=CIRCLE('',#3842,1.);
#246=CIRCLE('',#3860,1.4);
#247=CIRCLE('',#3861,0.0500000000000107);
#248=CIRCLE('',#3862,0.0500000000000107);
#249=CIRCLE('',#3863,0.599999999999992);
#250=CIRCLE('',#3864,0.600000000000002);
#251=CIRCLE('',#3865,2.10000000000002);
#252=CIRCLE('',#3866,2.10000000000002);
#253=CIRCLE('',#3871,0.6);
#254=CIRCLE('',#3872,2.09999999999998);
#255=CIRCLE('',#3873,2.09999999999998);
#256=CIRCLE('',#3884,1.);
#257=CIRCLE('',#3888,1.);
#258=CIRCLE('',#3896,1.);
#259=CIRCLE('',#3906,0.4);
#260=CIRCLE('',#3916,1.7);
#261=CIRCLE('',#3919,1.7);
#262=CIRCLE('',#3923,1.7);
#263=CIRCLE('',#3926,1.7);
#264=CIRCLE('',#3930,0.0500000000000107);
#265=ELLIPSE('',#3607,3.31956694055045,3.1);
#266=ELLIPSE('',#3608,3.31956694055045,3.1);
#267=ELLIPSE('',#3629,4.3840620433575,3.1);
#268=ELLIPSE('',#3642,4.3840620433575,3.1);
#269=ELLIPSE('',#3644,4.3840620433575,3.1);
#270=ELLIPSE('',#3810,1.41421356237309,1.);
#271=ELLIPSE('',#3820,0.565685424949244,0.4);
#272=ELLIPSE('',#3822,0.565685424949238,0.4);
#273=ELLIPSE('',#3835,1.41421356237312,1.);
#274=ELLIPSE('',#3845,1.41421356237309,1.);
#275=ELLIPSE('',#3849,1.40192245832172,1.38848786616331);
#276=ELLIPSE('',#3852,1.40192245832174,1.38848786616329);
#277=ELLIPSE('',#3855,0.671018581667078,0.615462190336361);
#278=ELLIPSE('',#3858,0.671018622977985,0.615462210167507);
#279=ELLIPSE('',#3868,1.41421356237309,1.);
#280=ELLIPSE('',#3877,0.565685424949238,0.4);
#281=ELLIPSE('',#3878,0.565685424949238,0.4);
#282=ELLIPSE('',#3881,0.565685424949238,0.4);
#283=ELLIPSE('',#3882,0.565685424949244,0.4);
#284=ELLIPSE('',#3886,0.56568542494914,0.4);
#285=ELLIPSE('',#3899,0.565685424949244,0.4);
#286=ELLIPSE('',#3900,0.56568542494925,0.4);
#287=ELLIPSE('',#3901,0.565685424949238,0.4);
#288=ELLIPSE('',#3903,0.565685424949244,0.4);
#289=ELLIPSE('',#3905,0.565685424949226,0.4);
#290=ELLIPSE('',#3909,0.565685424949251,0.4);
#291=ELLIPSE('',#3912,0.565685424949238,0.4);
#292=FACE_OUTER_BOUND('',#500,.T.);
#293=FACE_OUTER_BOUND('',#501,.T.);
#294=FACE_OUTER_BOUND('',#502,.T.);
#295=FACE_OUTER_BOUND('',#503,.T.);
#296=FACE_OUTER_BOUND('',#504,.T.);
#297=FACE_OUTER_BOUND('',#505,.T.);
#298=FACE_OUTER_BOUND('',#506,.T.);
#299=FACE_OUTER_BOUND('',#507,.T.);
#300=FACE_OUTER_BOUND('',#508,.T.);
#301=FACE_OUTER_BOUND('',#509,.T.);
#302=FACE_OUTER_BOUND('',#510,.T.);
#303=FACE_OUTER_BOUND('',#511,.T.);
#304=FACE_OUTER_BOUND('',#512,.T.);
#305=FACE_OUTER_BOUND('',#513,.T.);
#306=FACE_OUTER_BOUND('',#514,.T.);
#307=FACE_OUTER_BOUND('',#515,.T.);
#308=FACE_OUTER_BOUND('',#516,.T.);
#309=FACE_OUTER_BOUND('',#517,.T.);
#310=FACE_OUTER_BOUND('',#518,.T.);
#311=FACE_OUTER_BOUND('',#519,.T.);
#312=FACE_OUTER_BOUND('',#520,.T.);
#313=FACE_OUTER_BOUND('',#521,.T.);
#314=FACE_OUTER_BOUND('',#522,.T.);
#315=FACE_OUTER_BOUND('',#525,.T.);
#316=FACE_OUTER_BOUND('',#526,.T.);
#317=FACE_OUTER_BOUND('',#527,.T.);
#318=FACE_OUTER_BOUND('',#528,.T.);
#319=FACE_OUTER_BOUND('',#529,.T.);
#320=FACE_OUTER_BOUND('',#530,.T.);
#321=FACE_OUTER_BOUND('',#532,.T.);
#322=FACE_OUTER_BOUND('',#533,.T.);
#323=FACE_OUTER_BOUND('',#534,.T.);
#324=FACE_OUTER_BOUND('',#535,.T.);
#325=FACE_OUTER_BOUND('',#537,.T.);
#326=FACE_OUTER_BOUND('',#538,.T.);
#327=FACE_OUTER_BOUND('',#539,.T.);
#328=FACE_OUTER_BOUND('',#540,.T.);
#329=FACE_OUTER_BOUND('',#541,.T.);
#330=FACE_OUTER_BOUND('',#542,.T.);
#331=FACE_OUTER_BOUND('',#543,.T.);
#332=FACE_OUTER_BOUND('',#544,.T.);
#333=FACE_OUTER_BOUND('',#545,.T.);
#334=FACE_OUTER_BOUND('',#546,.T.);
#335=FACE_OUTER_BOUND('',#547,.T.);
#336=FACE_OUTER_BOUND('',#549,.T.);
#337=FACE_OUTER_BOUND('',#550,.T.);
#338=FACE_OUTER_BOUND('',#551,.T.);
#339=FACE_OUTER_BOUND('',#552,.T.);
#340=FACE_OUTER_BOUND('',#553,.T.);
#341=FACE_OUTER_BOUND('',#554,.T.);
#342=FACE_OUTER_BOUND('',#555,.T.);
#343=FACE_OUTER_BOUND('',#556,.T.);
#344=FACE_OUTER_BOUND('',#557,.T.);
#345=FACE_OUTER_BOUND('',#558,.T.);
#346=FACE_OUTER_BOUND('',#559,.T.);
#347=FACE_OUTER_BOUND('',#560,.T.);
#348=FACE_OUTER_BOUND('',#561,.T.);
#349=FACE_OUTER_BOUND('',#562,.T.);
#350=FACE_OUTER_BOUND('',#563,.T.);
#351=FACE_OUTER_BOUND('',#564,.T.);
#352=FACE_OUTER_BOUND('',#565,.T.);
#353=FACE_OUTER_BOUND('',#566,.T.);
#354=FACE_OUTER_BOUND('',#567,.T.);
#355=FACE_OUTER_BOUND('',#568,.T.);
#356=FACE_OUTER_BOUND('',#569,.T.);
#357=FACE_OUTER_BOUND('',#570,.T.);
#358=FACE_OUTER_BOUND('',#571,.T.);
#359=FACE_OUTER_BOUND('',#572,.T.);
#360=FACE_OUTER_BOUND('',#573,.T.);
#361=FACE_OUTER_BOUND('',#574,.T.);
#362=FACE_OUTER_BOUND('',#575,.T.);
#363=FACE_OUTER_BOUND('',#576,.T.);
#364=FACE_OUTER_BOUND('',#577,.T.);
#365=FACE_OUTER_BOUND('',#578,.T.);
#366=FACE_OUTER_BOUND('',#579,.T.);
#367=FACE_OUTER_BOUND('',#580,.T.);
#368=FACE_OUTER_BOUND('',#581,.T.);
#369=FACE_OUTER_BOUND('',#582,.T.);
#370=FACE_OUTER_BOUND('',#583,.T.);
#371=FACE_OUTER_BOUND('',#584,.T.);
#372=FACE_OUTER_BOUND('',#585,.T.);
#373=FACE_OUTER_BOUND('',#586,.T.);
#374=FACE_OUTER_BOUND('',#587,.T.);
#375=FACE_OUTER_BOUND('',#588,.T.);
#376=FACE_OUTER_BOUND('',#589,.T.);
#377=FACE_OUTER_BOUND('',#590,.T.);
#378=FACE_OUTER_BOUND('',#591,.T.);
#379=FACE_OUTER_BOUND('',#592,.T.);
#380=FACE_OUTER_BOUND('',#593,.T.);
#381=FACE_OUTER_BOUND('',#594,.T.);
#382=FACE_OUTER_BOUND('',#595,.T.);
#383=FACE_OUTER_BOUND('',#596,.T.);
#384=FACE_OUTER_BOUND('',#597,.T.);
#385=FACE_OUTER_BOUND('',#600,.T.);
#386=FACE_OUTER_BOUND('',#601,.T.);
#387=FACE_OUTER_BOUND('',#602,.T.);
#388=FACE_OUTER_BOUND('',#603,.T.);
#389=FACE_OUTER_BOUND('',#604,.T.);
#390=FACE_OUTER_BOUND('',#605,.T.);
#391=FACE_OUTER_BOUND('',#606,.T.);
#392=FACE_OUTER_BOUND('',#608,.T.);
#393=FACE_OUTER_BOUND('',#609,.T.);
#394=FACE_OUTER_BOUND('',#610,.T.);
#395=FACE_OUTER_BOUND('',#611,.T.);
#396=FACE_OUTER_BOUND('',#612,.T.);
#397=FACE_OUTER_BOUND('',#613,.T.);
#398=FACE_OUTER_BOUND('',#614,.T.);
#399=FACE_OUTER_BOUND('',#615,.T.);
#400=FACE_OUTER_BOUND('',#616,.T.);
#401=FACE_OUTER_BOUND('',#617,.T.);
#402=FACE_OUTER_BOUND('',#618,.T.);
#403=FACE_OUTER_BOUND('',#619,.T.);
#404=FACE_OUTER_BOUND('',#620,.T.);
#405=FACE_OUTER_BOUND('',#621,.T.);
#406=FACE_OUTER_BOUND('',#622,.T.);
#407=FACE_OUTER_BOUND('',#623,.T.);
#408=FACE_OUTER_BOUND('',#624,.T.);
#409=FACE_OUTER_BOUND('',#625,.T.);
#410=FACE_OUTER_BOUND('',#626,.T.);
#411=FACE_OUTER_BOUND('',#627,.T.);
#412=FACE_OUTER_BOUND('',#630,.T.);
#413=FACE_OUTER_BOUND('',#631,.T.);
#414=FACE_OUTER_BOUND('',#632,.T.);
#415=FACE_OUTER_BOUND('',#633,.T.);
#416=FACE_OUTER_BOUND('',#634,.T.);
#417=FACE_OUTER_BOUND('',#636,.T.);
#418=FACE_OUTER_BOUND('',#638,.T.);
#419=FACE_OUTER_BOUND('',#639,.T.);
#420=FACE_OUTER_BOUND('',#640,.T.);
#421=FACE_OUTER_BOUND('',#641,.T.);
#422=FACE_OUTER_BOUND('',#642,.T.);
#423=FACE_OUTER_BOUND('',#643,.T.);
#424=FACE_OUTER_BOUND('',#644,.T.);
#425=FACE_OUTER_BOUND('',#645,.T.);
#426=FACE_OUTER_BOUND('',#646,.T.);
#427=FACE_OUTER_BOUND('',#647,.T.);
#428=FACE_OUTER_BOUND('',#648,.T.);
#429=FACE_OUTER_BOUND('',#649,.T.);
#430=FACE_OUTER_BOUND('',#650,.T.);
#431=FACE_OUTER_BOUND('',#651,.T.);
#432=FACE_OUTER_BOUND('',#652,.T.);
#433=FACE_OUTER_BOUND('',#653,.T.);
#434=FACE_OUTER_BOUND('',#654,.T.);
#435=FACE_OUTER_BOUND('',#655,.T.);
#436=FACE_OUTER_BOUND('',#656,.T.);
#437=FACE_OUTER_BOUND('',#657,.T.);
#438=FACE_OUTER_BOUND('',#658,.T.);
#439=FACE_OUTER_BOUND('',#659,.T.);
#440=FACE_OUTER_BOUND('',#660,.T.);
#441=FACE_OUTER_BOUND('',#661,.T.);
#442=FACE_OUTER_BOUND('',#662,.T.);
#443=FACE_OUTER_BOUND('',#663,.T.);
#444=FACE_OUTER_BOUND('',#664,.T.);
#445=FACE_OUTER_BOUND('',#665,.T.);
#446=FACE_OUTER_BOUND('',#668,.T.);
#447=FACE_OUTER_BOUND('',#669,.T.);
#448=FACE_OUTER_BOUND('',#670,.T.);
#449=FACE_OUTER_BOUND('',#673,.T.);
#450=FACE_OUTER_BOUND('',#674,.T.);
#451=FACE_OUTER_BOUND('',#675,.T.);
#452=FACE_OUTER_BOUND('',#676,.T.);
#453=FACE_OUTER_BOUND('',#677,.T.);
#454=FACE_OUTER_BOUND('',#678,.T.);
#455=FACE_OUTER_BOUND('',#679,.T.);
#456=FACE_OUTER_BOUND('',#680,.T.);
#457=FACE_OUTER_BOUND('',#681,.T.);
#458=FACE_OUTER_BOUND('',#682,.T.);
#459=FACE_OUTER_BOUND('',#683,.T.);
#460=FACE_OUTER_BOUND('',#684,.T.);
#461=FACE_OUTER_BOUND('',#685,.T.);
#462=FACE_OUTER_BOUND('',#686,.T.);
#463=FACE_OUTER_BOUND('',#687,.T.);
#464=FACE_OUTER_BOUND('',#688,.T.);
#465=FACE_OUTER_BOUND('',#689,.T.);
#466=FACE_OUTER_BOUND('',#690,.T.);
#467=FACE_OUTER_BOUND('',#691,.T.);
#468=FACE_OUTER_BOUND('',#692,.T.);
#469=FACE_OUTER_BOUND('',#693,.T.);
#470=FACE_OUTER_BOUND('',#694,.T.);
#471=FACE_OUTER_BOUND('',#695,.T.);
#472=FACE_OUTER_BOUND('',#696,.T.);
#473=FACE_OUTER_BOUND('',#697,.T.);
#474=FACE_OUTER_BOUND('',#698,.T.);
#475=FACE_OUTER_BOUND('',#699,.T.);
#476=FACE_OUTER_BOUND('',#700,.T.);
#477=FACE_OUTER_BOUND('',#701,.T.);
#478=FACE_OUTER_BOUND('',#702,.T.);
#479=FACE_OUTER_BOUND('',#703,.T.);
#480=FACE_OUTER_BOUND('',#704,.T.);
#481=FACE_OUTER_BOUND('',#705,.T.);
#482=FACE_OUTER_BOUND('',#706,.T.);
#483=FACE_OUTER_BOUND('',#707,.T.);
#484=FACE_OUTER_BOUND('',#708,.T.);
#485=FACE_OUTER_BOUND('',#709,.T.);
#486=FACE_OUTER_BOUND('',#710,.T.);
#487=FACE_OUTER_BOUND('',#711,.T.);
#488=FACE_OUTER_BOUND('',#712,.T.);
#489=FACE_OUTER_BOUND('',#713,.T.);
#490=FACE_OUTER_BOUND('',#714,.T.);
#491=FACE_OUTER_BOUND('',#715,.T.);
#492=FACE_OUTER_BOUND('',#716,.T.);
#493=FACE_OUTER_BOUND('',#717,.T.);
#494=FACE_OUTER_BOUND('',#718,.T.);
#495=FACE_OUTER_BOUND('',#719,.T.);
#496=FACE_OUTER_BOUND('',#720,.T.);
#497=FACE_OUTER_BOUND('',#721,.T.);
#498=FACE_OUTER_BOUND('',#722,.T.);
#499=FACE_OUTER_BOUND('',#723,.T.);
#500=EDGE_LOOP('',(#2236,#2237,#2238,#2239));
#501=EDGE_LOOP('',(#2240,#2241,#2242,#2243,#2244,#2245,#2246,#2247,#2248,
#2249,#2250,#2251,#2252,#2253,#2254,#2255,#2256));
#502=EDGE_LOOP('',(#2257,#2258,#2259,#2260,#2261));
#503=EDGE_LOOP('',(#2262,#2263,#2264,#2265));
#504=EDGE_LOOP('',(#2266,#2267,#2268,#2269,#2270,#2271,#2272));
#505=EDGE_LOOP('',(#2273,#2274,#2275));
#506=EDGE_LOOP('',(#2276,#2277,#2278,#2279,#2280,#2281,#2282,#2283,#2284,
#2285,#2286,#2287,#2288));
#507=EDGE_LOOP('',(#2289,#2290,#2291,#2292,#2293,#2294,#2295,#2296,#2297,
#2298,#2299,#2300));
#508=EDGE_LOOP('',(#2301,#2302,#2303,#2304));
#509=EDGE_LOOP('',(#2305,#2306,#2307,#2308));
#510=EDGE_LOOP('',(#2309,#2310,#2311,#2312));
#511=EDGE_LOOP('',(#2313,#2314,#2315,#2316));
#512=EDGE_LOOP('',(#2317,#2318,#2319,#2320,#2321,#2322,#2323,#2324,#2325,
#2326,#2327,#2328));
#513=EDGE_LOOP('',(#2329,#2330,#2331,#2332));
#514=EDGE_LOOP('',(#2333,#2334,#2335,#2336));
#515=EDGE_LOOP('',(#2337,#2338,#2339,#2340));
#516=EDGE_LOOP('',(#2341,#2342,#2343,#2344));
#517=EDGE_LOOP('',(#2345,#2346,#2347,#2348,#2349,#2350));
#518=EDGE_LOOP('',(#2351,#2352,#2353,#2354));
#519=EDGE_LOOP('',(#2355,#2356,#2357,#2358,#2359,#2360));
#520=EDGE_LOOP('',(#2361,#2362,#2363,#2364,#2365));
#521=EDGE_LOOP('',(#2366,#2367,#2368));
#522=EDGE_LOOP('',(#2369,#2370,#2371,#2372,#2373,#2374,#2375,#2376,#2377,
#2378,#2379,#2380));
#523=EDGE_LOOP('',(#2381));
#524=EDGE_LOOP('',(#2382));
#525=EDGE_LOOP('',(#2383,#2384,#2385,#2386));
#526=EDGE_LOOP('',(#2387,#2388,#2389,#2390));
#527=EDGE_LOOP('',(#2391,#2392,#2393,#2394));
#528=EDGE_LOOP('',(#2395,#2396,#2397,#2398));
#529=EDGE_LOOP('',(#2399,#2400,#2401,#2402));
#530=EDGE_LOOP('',(#2403,#2404,#2405,#2406,#2407,#2408,#2409,#2410,#2411,
#2412,#2413,#2414,#2415));
#531=EDGE_LOOP('',(#2416,#2417,#2418,#2419));
#532=EDGE_LOOP('',(#2420,#2421,#2422,#2423));
#533=EDGE_LOOP('',(#2424,#2425,#2426,#2427));
#534=EDGE_LOOP('',(#2428,#2429,#2430,#2431));
#535=EDGE_LOOP('',(#2432,#2433,#2434,#2435));
#536=EDGE_LOOP('',(#2436,#2437,#2438,#2439));
#537=EDGE_LOOP('',(#2440,#2441,#2442,#2443));
#538=EDGE_LOOP('',(#2444,#2445,#2446,#2447));
#539=EDGE_LOOP('',(#2448,#2449,#2450,#2451));
#540=EDGE_LOOP('',(#2452,#2453,#2454,#2455));
#541=EDGE_LOOP('',(#2456,#2457,#2458,#2459));
#542=EDGE_LOOP('',(#2460,#2461,#2462,#2463));
#543=EDGE_LOOP('',(#2464,#2465,#2466,#2467));
#544=EDGE_LOOP('',(#2468,#2469,#2470,#2471));
#545=EDGE_LOOP('',(#2472,#2473,#2474,#2475));
#546=EDGE_LOOP('',(#2476,#2477,#2478,#2479));
#547=EDGE_LOOP('',(#2480,#2481,#2482,#2483,#2484,#2485,#2486,#2487,#2488,
#2489));
#548=EDGE_LOOP('',(#2490));
#549=EDGE_LOOP('',(#2491,#2492,#2493,#2494));
#550=EDGE_LOOP('',(#2495,#2496,#2497,#2498));
#551=EDGE_LOOP('',(#2499,#2500,#2501,#2502));
#552=EDGE_LOOP('',(#2503,#2504,#2505,#2506));
#553=EDGE_LOOP('',(#2507,#2508,#2509,#2510));
#554=EDGE_LOOP('',(#2511,#2512,#2513,#2514));
#555=EDGE_LOOP('',(#2515,#2516,#2517,#2518));
#556=EDGE_LOOP('',(#2519,#2520,#2521,#2522));
#557=EDGE_LOOP('',(#2523,#2524,#2525,#2526));
#558=EDGE_LOOP('',(#2527,#2528,#2529,#2530));
#559=EDGE_LOOP('',(#2531,#2532,#2533,#2534));
#560=EDGE_LOOP('',(#2535,#2536,#2537,#2538));
#561=EDGE_LOOP('',(#2539,#2540,#2541,#2542));
#562=EDGE_LOOP('',(#2543,#2544,#2545,#2546));
#563=EDGE_LOOP('',(#2547,#2548,#2549,#2550));
#564=EDGE_LOOP('',(#2551,#2552,#2553,#2554));
#565=EDGE_LOOP('',(#2555,#2556,#2557,#2558));
#566=EDGE_LOOP('',(#2559,#2560,#2561,#2562));
#567=EDGE_LOOP('',(#2563,#2564,#2565,#2566));
#568=EDGE_LOOP('',(#2567,#2568,#2569,#2570));
#569=EDGE_LOOP('',(#2571,#2572,#2573,#2574));
#570=EDGE_LOOP('',(#2575,#2576,#2577,#2578));
#571=EDGE_LOOP('',(#2579,#2580,#2581));
#572=EDGE_LOOP('',(#2582,#2583,#2584,#2585));
#573=EDGE_LOOP('',(#2586,#2587,#2588,#2589));
#574=EDGE_LOOP('',(#2590,#2591,#2592,#2593));
#575=EDGE_LOOP('',(#2594,#2595,#2596,#2597));
#576=EDGE_LOOP('',(#2598,#2599,#2600,#2601));
#577=EDGE_LOOP('',(#2602,#2603,#2604,#2605));
#578=EDGE_LOOP('',(#2606,#2607,#2608,#2609));
#579=EDGE_LOOP('',(#2610,#2611,#2612,#2613));
#580=EDGE_LOOP('',(#2614,#2615,#2616,#2617));
#581=EDGE_LOOP('',(#2618,#2619,#2620,#2621));
#582=EDGE_LOOP('',(#2622,#2623,#2624,#2625));
#583=EDGE_LOOP('',(#2626,#2627,#2628,#2629));
#584=EDGE_LOOP('',(#2630,#2631,#2632,#2633));
#585=EDGE_LOOP('',(#2634,#2635,#2636,#2637));
#586=EDGE_LOOP('',(#2638,#2639,#2640,#2641));
#587=EDGE_LOOP('',(#2642,#2643,#2644,#2645));
#588=EDGE_LOOP('',(#2646,#2647,#2648,#2649));
#589=EDGE_LOOP('',(#2650,#2651,#2652,#2653));
#590=EDGE_LOOP('',(#2654,#2655,#2656,#2657));
#591=EDGE_LOOP('',(#2658,#2659,#2660,#2661));
#592=EDGE_LOOP('',(#2662,#2663,#2664,#2665));
#593=EDGE_LOOP('',(#2666,#2667,#2668,#2669));
#594=EDGE_LOOP('',(#2670,#2671,#2672,#2673));
#595=EDGE_LOOP('',(#2674,#2675,#2676,#2677));
#596=EDGE_LOOP('',(#2678,#2679,#2680,#2681));
#597=EDGE_LOOP('',(#2682,#2683,#2684,#2685,#2686,#2687,#2688,#2689,#2690,
#2691,#2692,#2693,#2694,#2695,#2696,#2697));
#598=EDGE_LOOP('',(#2698));
#599=EDGE_LOOP('',(#2699,#2700,#2701,#2702));
#600=EDGE_LOOP('',(#2703,#2704,#2705,#2706));
#601=EDGE_LOOP('',(#2707,#2708,#2709,#2710));
#602=EDGE_LOOP('',(#2711,#2712,#2713,#2714));
#603=EDGE_LOOP('',(#2715,#2716,#2717,#2718));
#604=EDGE_LOOP('',(#2719,#2720,#2721,#2722));
#605=EDGE_LOOP('',(#2723,#2724,#2725,#2726));
#606=EDGE_LOOP('',(#2727));
#607=EDGE_LOOP('',(#2728));
#608=EDGE_LOOP('',(#2729,#2730,#2731,#2732));
#609=EDGE_LOOP('',(#2733,#2734,#2735,#2736));
#610=EDGE_LOOP('',(#2737,#2738,#2739,#2740));
#611=EDGE_LOOP('',(#2741,#2742,#2743,#2744));
#612=EDGE_LOOP('',(#2745,#2746,#2747,#2748));
#613=EDGE_LOOP('',(#2749,#2750,#2751,#2752));
#614=EDGE_LOOP('',(#2753,#2754,#2755,#2756));
#615=EDGE_LOOP('',(#2757,#2758,#2759,#2760));
#616=EDGE_LOOP('',(#2761,#2762,#2763,#2764));
#617=EDGE_LOOP('',(#2765,#2766,#2767,#2768));
#618=EDGE_LOOP('',(#2769,#2770,#2771,#2772));
#619=EDGE_LOOP('',(#2773,#2774,#2775,#2776));
#620=EDGE_LOOP('',(#2777,#2778,#2779,#2780,#2781,#2782));
#621=EDGE_LOOP('',(#2783,#2784,#2785,#2786,#2787,#2788));
#622=EDGE_LOOP('',(#2789,#2790,#2791,#2792,#2793));
#623=EDGE_LOOP('',(#2794,#2795,#2796,#2797,#2798));
#624=EDGE_LOOP('',(#2799,#2800,#2801,#2802,#2803));
#625=EDGE_LOOP('',(#2804,#2805,#2806,#2807,#2808));
#626=EDGE_LOOP('',(#2809,#2810,#2811,#2812));
#627=EDGE_LOOP('',(#2813,#2814,#2815,#2816));
#628=EDGE_LOOP('',(#2817));
#629=EDGE_LOOP('',(#2818));
#630=EDGE_LOOP('',(#2819,#2820,#2821,#2822));
#631=EDGE_LOOP('',(#2823,#2824,#2825,#2826));
#632=EDGE_LOOP('',(#2827,#2828,#2829,#2830));
#633=EDGE_LOOP('',(#2831,#2832,#2833));
#634=EDGE_LOOP('',(#2834));
#635=EDGE_LOOP('',(#2835));
#636=EDGE_LOOP('',(#2836));
#637=EDGE_LOOP('',(#2837));
#638=EDGE_LOOP('',(#2838,#2839,#2840,#2841));
#639=EDGE_LOOP('',(#2842,#2843,#2844,#2845));
#640=EDGE_LOOP('',(#2846,#2847,#2848,#2849));
#641=EDGE_LOOP('',(#2850,#2851,#2852,#2853,#2854));
#642=EDGE_LOOP('',(#2855,#2856,#2857,#2858));
#643=EDGE_LOOP('',(#2859,#2860,#2861,#2862));
#644=EDGE_LOOP('',(#2863,#2864,#2865,#2866));
#645=EDGE_LOOP('',(#2867,#2868,#2869,#2870,#2871));
#646=EDGE_LOOP('',(#2872,#2873,#2874,#2875));
#647=EDGE_LOOP('',(#2876,#2877,#2878,#2879));
#648=EDGE_LOOP('',(#2880,#2881,#2882,#2883));
#649=EDGE_LOOP('',(#2884,#2885,#2886,#2887));
#650=EDGE_LOOP('',(#2888,#2889,#2890,#2891,#2892));
#651=EDGE_LOOP('',(#2893,#2894,#2895,#2896));
#652=EDGE_LOOP('',(#2897,#2898,#2899,#2900));
#653=EDGE_LOOP('',(#2901,#2902,#2903,#2904));
#654=EDGE_LOOP('',(#2905,#2906,#2907,#2908));
#655=EDGE_LOOP('',(#2909,#2910,#2911,#2912,#2913));
#656=EDGE_LOOP('',(#2914,#2915,#2916,#2917,#2918));
#657=EDGE_LOOP('',(#2919,#2920,#2921,#2922,#2923,#2924));
#658=EDGE_LOOP('',(#2925,#2926,#2927,#2928,#2929));
#659=EDGE_LOOP('',(#2930,#2931,#2932,#2933));
#660=EDGE_LOOP('',(#2934,#2935,#2936,#2937,#2938));
#661=EDGE_LOOP('',(#2939,#2940,#2941,#2942,#2943));
#662=EDGE_LOOP('',(#2944,#2945,#2946,#2947,#2948));
#663=EDGE_LOOP('',(#2949,#2950,#2951,#2952,#2953));
#664=EDGE_LOOP('',(#2954,#2955,#2956,#2957,#2958));
#665=EDGE_LOOP('',(#2959,#2960,#2961,#2962,#2963,#2964,#2965,#2966,#2967,
#2968,#2969,#2970,#2971,#2972,#2973,#2974,#2975,#2976,#2977));
#666=EDGE_LOOP('',(#2978,#2979,#2980,#2981));
#667=EDGE_LOOP('',(#2982,#2983,#2984,#2985));
#668=EDGE_LOOP('',(#2986,#2987,#2988,#2989,#2990));
#669=EDGE_LOOP('',(#2991,#2992,#2993,#2994,#2995));
#670=EDGE_LOOP('',(#2996,#2997,#2998,#2999,#3000,#3001,#3002,#3003,#3004,
#3005,#3006,#3007,#3008,#3009,#3010,#3011,#3012));
#671=EDGE_LOOP('',(#3013,#3014,#3015,#3016));
#672=EDGE_LOOP('',(#3017,#3018,#3019,#3020));
#673=EDGE_LOOP('',(#3021,#3022,#3023,#3024));
#674=EDGE_LOOP('',(#3025,#3026,#3027,#3028,#3029));
#675=EDGE_LOOP('',(#3030,#3031,#3032,#3033,#3034,#3035));
#676=EDGE_LOOP('',(#3036,#3037,#3038,#3039));
#677=EDGE_LOOP('',(#3040,#3041,#3042,#3043,#3044,#3045));
#678=EDGE_LOOP('',(#3046,#3047,#3048,#3049));
#679=EDGE_LOOP('',(#3050,#3051,#3052,#3053,#3054));
#680=EDGE_LOOP('',(#3055,#3056,#3057,#3058));
#681=EDGE_LOOP('',(#3059,#3060,#3061,#3062));
#682=EDGE_LOOP('',(#3063,#3064,#3065,#3066));
#683=EDGE_LOOP('',(#3067,#3068,#3069,#3070,#3071));
#684=EDGE_LOOP('',(#3072,#3073,#3074,#3075));
#685=EDGE_LOOP('',(#3076,#3077,#3078,#3079,#3080));
#686=EDGE_LOOP('',(#3081,#3082,#3083,#3084));
#687=EDGE_LOOP('',(#3085,#3086,#3087,#3088));
#688=EDGE_LOOP('',(#3089,#3090,#3091,#3092));
#689=EDGE_LOOP('',(#3093,#3094,#3095,#3096,#3097,#3098));
#690=EDGE_LOOP('',(#3099,#3100,#3101,#3102,#3103,#3104,#3105));
#691=EDGE_LOOP('',(#3106,#3107,#3108,#3109,#3110));
#692=EDGE_LOOP('',(#3111,#3112,#3113,#3114));
#693=EDGE_LOOP('',(#3115,#3116,#3117,#3118,#3119,#3120));
#694=EDGE_LOOP('',(#3121,#3122,#3123,#3124));
#695=EDGE_LOOP('',(#3125,#3126,#3127,#3128,#3129,#3130,#3131));
#696=EDGE_LOOP('',(#3132,#3133,#3134,#3135));
#697=EDGE_LOOP('',(#3136,#3137,#3138,#3139));
#698=EDGE_LOOP('',(#3140,#3141,#3142,#3143));
#699=EDGE_LOOP('',(#3144,#3145,#3146,#3147));
#700=EDGE_LOOP('',(#3148,#3149,#3150,#3151));
#701=EDGE_LOOP('',(#3152,#3153,#3154,#3155));
#702=EDGE_LOOP('',(#3156,#3157,#3158,#3159));
#703=EDGE_LOOP('',(#3160,#3161,#3162,#3163));
#704=EDGE_LOOP('',(#3164,#3165,#3166,#3167));
#705=EDGE_LOOP('',(#3168,#3169,#3170,#3171));
#706=EDGE_LOOP('',(#3172,#3173,#3174,#3175));
#707=EDGE_LOOP('',(#3176,#3177,#3178,#3179));
#708=EDGE_LOOP('',(#3180,#3181,#3182,#3183));
#709=EDGE_LOOP('',(#3184,#3185,#3186,#3187,#3188,#3189));
#710=EDGE_LOOP('',(#3190,#3191,#3192));
#711=EDGE_LOOP('',(#3193,#3194,#3195,#3196,#3197));
#712=EDGE_LOOP('',(#3198,#3199,#3200,#3201));
#713=EDGE_LOOP('',(#3202,#3203,#3204,#3205));
#714=EDGE_LOOP('',(#3206,#3207,#3208,#3209));
#715=EDGE_LOOP('',(#3210,#3211,#3212,#3213));
#716=EDGE_LOOP('',(#3214,#3215,#3216,#3217));
#717=EDGE_LOOP('',(#3218,#3219,#3220,#3221));
#718=EDGE_LOOP('',(#3222,#3223,#3224,#3225));
#719=EDGE_LOOP('',(#3226,#3227,#3228,#3229));
#720=EDGE_LOOP('',(#3230,#3231,#3232,#3233));
#721=EDGE_LOOP('',(#3234,#3235,#3236,#3237));
#722=EDGE_LOOP('',(#3238,#3239,#3240,#3241));
#723=EDGE_LOOP('',(#3242,#3243,#3244,#3245));
#724=LINE('',#5000,#1075);
#725=LINE('',#5002,#1076);
#726=LINE('',#5004,#1077);
#727=LINE('',#5005,#1078);
#728=LINE('',#5009,#1079);
#729=LINE('',#5011,#1080);
#730=LINE('',#5013,#1081);
#731=LINE('',#5015,#1082);
#732=LINE('',#5017,#1083);
#733=LINE('',#5019,#1084);
#734=LINE('',#5021,#1085);
#735=LINE('',#5023,#1086);
#736=LINE('',#5025,#1087);
#737=LINE('',#5027,#1088);
#738=LINE('',#5029,#1089);
#739=LINE('',#5031,#1090);
#740=LINE('',#5033,#1091);
#741=LINE('',#5035,#1092);
#742=LINE('',#5037,#1093);
#743=LINE('',#5039,#1094);
#744=LINE('',#5040,#1095);
#745=LINE('',#5043,#1096);
#746=LINE('',#5045,#1097);
#747=LINE('',#5047,#1098);
#748=LINE('',#5048,#1099);
#749=LINE('',#5051,#1100);
#750=LINE('',#5053,#1101);
#751=LINE('',#5054,#1102);
#752=LINE('',#5057,#1103);
#753=LINE('',#5059,#1104);
#754=LINE('',#5060,#1105);
#755=LINE('',#5062,#1106);
#756=LINE('',#5063,#1107);
#757=LINE('',#5067,#1108);
#758=LINE('',#5069,#1109);
#759=LINE('',#5070,#1110);
#760=LINE('',#5073,#1111);
#761=LINE('',#5074,#1112);
#762=LINE('',#5076,#1113);
#763=LINE('',#5077,#1114);
#764=LINE('',#5078,#1115);
#765=LINE('',#5079,#1116);
#766=LINE('',#5082,#1117);
#767=LINE('',#5084,#1118);
#768=LINE('',#5086,#1119);
#769=LINE('',#5088,#1120);
#770=LINE('',#5090,#1121);
#771=LINE('',#5094,#1122);
#772=LINE('',#5098,#1123);
#773=LINE('',#5100,#1124);
#774=LINE('',#5101,#1125);
#775=LINE('',#5104,#1126);
#776=LINE('',#5105,#1127);
#777=LINE('',#5109,#1128);
#778=LINE('',#5110,#1129);
#779=LINE('',#5111,#1130);
#780=LINE('',#5114,#1131);
#781=LINE('',#5116,#1132);
#782=LINE('',#5117,#1133);
#783=LINE('',#5120,#1134);
#784=LINE('',#5122,#1135);
#785=LINE('',#5123,#1136);
#786=LINE('',#5126,#1137);
#787=LINE('',#5128,#1138);
#788=LINE('',#5130,#1139);
#789=LINE('',#5132,#1140);
#790=LINE('',#5134,#1141);
#791=LINE('',#5136,#1142);
#792=LINE('',#5138,#1143);
#793=LINE('',#5140,#1144);
#794=LINE('',#5141,#1145);
#795=LINE('',#5143,#1146);
#796=LINE('',#5145,#1147);
#797=LINE('',#5149,#1148);
#798=LINE('',#5150,#1149);
#799=LINE('',#5153,#1150);
#800=LINE('',#5154,#1151);
#801=LINE('',#5155,#1152);
#802=LINE('',#5158,#1153);
#803=LINE('',#5159,#1154);
#804=LINE('',#5162,#1155);
#805=LINE('',#5164,#1156);
#806=LINE('',#5165,#1157);
#807=LINE('',#5168,#1158);
#808=LINE('',#5169,#1159);
#809=LINE('',#5173,#1160);
#810=LINE('',#5177,#1161);
#811=LINE('',#5180,#1162);
#812=LINE('',#5181,#1163);
#813=LINE('',#5183,#1164);
#814=LINE('',#5185,#1165);
#815=LINE('',#5186,#1166);
#816=LINE('',#5195,#1167);
#817=LINE('',#5196,#1168);
#818=LINE('',#5198,#1169);
#819=LINE('',#5202,#1170);
#820=LINE('',#5203,#1171);
#821=LINE('',#5208,#1172);
#822=LINE('',#5212,#1173);
#823=LINE('',#5216,#1174);
#824=LINE('',#5222,#1175);
#825=LINE('',#5225,#1176);
#826=LINE('',#5235,#1177);
#827=LINE('',#5238,#1178);
#828=LINE('',#5244,#1179);
#829=LINE('',#5247,#1180);
#830=LINE('',#5250,#1181);
#831=LINE('',#5254,#1182);
#832=LINE('',#5258,#1183);
#833=LINE('',#5260,#1184);
#834=LINE('',#5261,#1185);
#835=LINE('',#5263,#1186);
#836=LINE('',#5266,#1187);
#837=LINE('',#5268,#1188);
#838=LINE('',#5269,#1189);
#839=LINE('',#5271,#1190);
#840=LINE('',#5274,#1191);
#841=LINE('',#5275,#1192);
#842=LINE('',#5277,#1193);
#843=LINE('',#5279,#1194);
#844=LINE('',#5285,#1195);
#845=LINE('',#5290,#1196);
#846=LINE('',#5292,#1197);
#847=LINE('',#5294,#1198);
#848=LINE('',#5298,#1199);
#849=LINE('',#5302,#1200);
#850=LINE('',#5306,#1201);
#851=LINE('',#5311,#1202);
#852=LINE('',#5313,#1203);
#853=LINE('',#5315,#1204);
#854=LINE('',#5316,#1205);
#855=LINE('',#5321,#1206);
#856=LINE('',#5325,#1207);
#857=LINE('',#5327,#1208);
#858=LINE('',#5328,#1209);
#859=LINE('',#5336,#1210);
#860=LINE('',#5340,#1211);
#861=LINE('',#5342,#1212);
#862=LINE('',#5343,#1213);
#863=LINE('',#5348,#1214);
#864=LINE('',#5349,#1215);
#865=LINE('',#5353,#1216);
#866=LINE('',#5356,#1217);
#867=LINE('',#5357,#1218);
#868=LINE('',#5361,#1219);
#869=LINE('',#5364,#1220);
#870=LINE('',#5365,#1221);
#871=LINE('',#5369,#1222);
#872=LINE('',#5372,#1223);
#873=LINE('',#5373,#1224);
#874=LINE('',#5376,#1225);
#875=LINE('',#5378,#1226);
#876=LINE('',#5380,#1227);
#877=LINE('',#5382,#1228);
#878=LINE('',#5384,#1229);
#879=LINE('',#5386,#1230);
#880=LINE('',#5388,#1231);
#881=LINE('',#5392,#1232);
#882=LINE('',#5396,#1233);
#883=LINE('',#5399,#1234);
#884=LINE('',#5400,#1235);
#885=LINE('',#5404,#1236);
#886=LINE('',#5407,#1237);
#887=LINE('',#5408,#1238);
#888=LINE('',#5412,#1239);
#889=LINE('',#5415,#1240);
#890=LINE('',#5416,#1241);
#891=LINE('',#5421,#1242);
#892=LINE('',#5423,#1243);
#893=LINE('',#5427,#1244);
#894=LINE('',#5428,#1245);
#895=LINE('',#5431,#1246);
#896=LINE('',#5435,#1247);
#897=LINE('',#5436,#1248);
#898=LINE('',#5439,#1249);
#899=LINE('',#5443,#1250);
#900=LINE('',#5444,#1251);
#901=LINE('',#5447,#1252);
#902=LINE('',#5451,#1253);
#903=LINE('',#5452,#1254);
#904=LINE('',#5455,#1255);
#905=LINE('',#5459,#1256);
#906=LINE('',#5460,#1257);
#907=LINE('',#5463,#1258);
#908=LINE('',#5467,#1259);
#909=LINE('',#5468,#1260);
#910=LINE('',#5471,#1261);
#911=LINE('',#5475,#1262);
#912=LINE('',#5476,#1263);
#913=LINE('',#5479,#1264);
#914=LINE('',#5482,#1265);
#915=LINE('',#5487,#1266);
#916=LINE('',#5492,#1267);
#917=LINE('',#5496,#1268);
#918=LINE('',#5500,#1269);
#919=LINE('',#5501,#1270);
#920=LINE('',#5505,#1271);
#921=LINE('',#5506,#1272);
#922=LINE('',#5508,#1273);
#923=LINE('',#5510,#1274);
#924=LINE('',#5518,#1275);
#925=LINE('',#5520,#1276);
#926=LINE('',#5523,#1277);
#927=LINE('',#5524,#1278);
#928=LINE('',#5527,#1279);
#929=LINE('',#5528,#1280);
#930=LINE('',#5531,#1281);
#931=LINE('',#5532,#1282);
#932=LINE('',#5533,#1283);
#933=LINE('',#5536,#1284);
#934=LINE('',#5537,#1285);
#935=LINE('',#5540,#1286);
#936=LINE('',#5541,#1287);
#937=LINE('',#5543,#1288);
#938=LINE('',#5546,#1289);
#939=LINE('',#5547,#1290);
#940=LINE('',#5550,#1291);
#941=LINE('',#5551,#1292);
#942=LINE('',#5554,#1293);
#943=LINE('',#5555,#1294);
#944=LINE('',#5556,#1295);
#945=LINE('',#5558,#1296);
#946=LINE('',#5565,#1297);
#947=LINE('',#5570,#1298);
#948=LINE('',#5575,#1299);
#949=LINE('',#5580,#1300);
#950=LINE('',#5585,#1301);
#951=LINE('',#5592,#1302);
#952=LINE('',#5597,#1303);
#953=LINE('',#5600,#1304);
#954=LINE('',#5619,#1305);
#955=LINE('',#5620,#1306);
#956=LINE('',#5634,#1307);
#957=LINE('',#5636,#1308);
#958=LINE('',#5647,#1309);
#959=LINE('',#5648,#1310);
#960=LINE('',#5659,#1311);
#961=LINE('',#5660,#1312);
#962=LINE('',#5666,#1313);
#963=LINE('',#5670,#1314);
#964=LINE('',#5682,#1315);
#965=LINE('',#5683,#1316);
#966=LINE('',#5691,#1317);
#967=LINE('',#5692,#1318);
#968=LINE('',#5704,#1319);
#969=LINE('',#5706,#1320);
#970=LINE('',#5713,#1321);
#971=LINE('',#5716,#1322);
#972=LINE('',#5719,#1323);
#973=LINE('',#5722,#1324);
#974=LINE('',#5725,#1325);
#975=LINE('',#5726,#1326);
#976=LINE('',#5729,#1327);
#977=LINE('',#5743,#1328);
#978=LINE('',#5753,#1329);
#979=LINE('',#5759,#1330);
#980=LINE('',#5762,#1331);
#981=LINE('',#5765,#1332);
#982=LINE('',#5766,#1333);
#983=LINE('',#5769,#1334);
#984=LINE('',#5773,#1335);
#985=LINE('',#5775,#1336);
#986=LINE('',#5776,#1337);
#987=LINE('',#5779,#1338);
#988=LINE('',#5782,#1339);
#989=LINE('',#5784,#1340);
#990=LINE('',#5797,#1341);
#991=LINE('',#5804,#1342);
#992=LINE('',#5808,#1343);
#993=LINE('',#5810,#1344);
#994=LINE('',#5816,#1345);
#995=LINE('',#5818,#1346);
#996=LINE('',#5822,#1347);
#997=LINE('',#5825,#1348);
#998=LINE('',#5830,#1349);
#999=LINE('',#5839,#1350);
#1000=LINE('',#5844,#1351);
#1001=LINE('',#5853,#1352);
#1002=LINE('',#5858,#1353);
#1003=LINE('',#5859,#1354);
#1004=LINE('',#5861,#1355);
#1005=LINE('',#5862,#1356);
#1006=LINE('',#5867,#1357);
#1007=LINE('',#5869,#1358);
#1008=LINE('',#5870,#1359);
#1009=LINE('',#5875,#1360);
#1010=LINE('',#5884,#1361);
#1011=LINE('',#5887,#1362);
#1012=LINE('',#5891,#1363);
#1013=LINE('',#5900,#1364);
#1014=LINE('',#5904,#1365);
#1015=LINE('',#5908,#1366);
#1016=LINE('',#5912,#1367);
#1017=LINE('',#5914,#1368);
#1018=LINE('',#5915,#1369);
#1019=LINE('',#5918,#1370);
#1020=LINE('',#5929,#1371);
#1021=LINE('',#5930,#1372);
#1022=LINE('',#5931,#1373);
#1023=LINE('',#5935,#1374);
#1024=LINE('',#5937,#1375);
#1025=LINE('',#5938,#1376);
#1026=LINE('',#5940,#1377);
#1027=LINE('',#5943,#1378);
#1028=LINE('',#5945,#1379);
#1029=LINE('',#5947,#1380);
#1030=LINE('',#5950,#1381);
#1031=LINE('',#5954,#1382);
#1032=LINE('',#5955,#1383);
#1033=LINE('',#5960,#1384);
#1034=LINE('',#5966,#1385);
#1035=LINE('',#5968,#1386);
#1036=LINE('',#5971,#1387);
#1037=LINE('',#5978,#1388);
#1038=LINE('',#5981,#1389);
#1039=LINE('',#5984,#1390);
#1040=LINE('',#5986,#1391);
#1041=LINE('',#5988,#1392);
#1042=LINE('',#5991,#1393);
#1043=LINE('',#5993,#1394);
#1044=LINE('',#5994,#1395);
#1045=LINE('',#5997,#1396);
#1046=LINE('',#6001,#1397);
#1047=LINE('',#6002,#1398);
#1048=LINE('',#6055,#1399);
#1049=LINE('',#6058,#1400);
#1050=LINE('',#6061,#1401);
#1051=LINE('',#6062,#1402);
#1052=LINE('',#6065,#1403);
#1053=LINE('',#6067,#1404);
#1054=LINE('',#6068,#1405);
#1055=LINE('',#6071,#1406);
#1056=LINE('',#6075,#1407);
#1057=LINE('',#6076,#1408);
#1058=LINE('',#6129,#1409);
#1059=LINE('',#6132,#1410);
#1060=LINE('',#6135,#1411);
#1061=LINE('',#6136,#1412);
#1062=LINE('',#6142,#1413);
#1063=LINE('',#6145,#1414);
#1064=LINE('',#6146,#1415);
#1065=LINE('',#6174,#1416);
#1066=LINE('',#6198,#1417);
#1067=LINE('',#6200,#1418);
#1068=LINE('',#6201,#1419);
#1069=LINE('',#6230,#1420);
#1070=LINE('',#6232,#1421);
#1071=LINE('',#6235,#1422);
#1072=LINE('',#6236,#1423);
#1073=LINE('',#6238,#1424);
#1074=LINE('',#6240,#1425);
#1075=VECTOR('',#3953,10.);
#1076=VECTOR('',#3954,10.);
#1077=VECTOR('',#3955,10.);
#1078=VECTOR('',#3956,10.);
#1079=VECTOR('',#3959,10.);
#1080=VECTOR('',#3960,10.);
#1081=VECTOR('',#3961,10.);
#1082=VECTOR('',#3962,10.);
#1083=VECTOR('',#3963,10.);
#1084=VECTOR('',#3964,10.);
#1085=VECTOR('',#3965,10.);
#1086=VECTOR('',#3966,10.);
#1087=VECTOR('',#3967,10.);
#1088=VECTOR('',#3968,10.);
#1089=VECTOR('',#3969,10.);
#1090=VECTOR('',#3970,10.);
#1091=VECTOR('',#3971,10.);
#1092=VECTOR('',#3972,10.);
#1093=VECTOR('',#3973,10.);
#1094=VECTOR('',#3974,10.);
#1095=VECTOR('',#3975,10.);
#1096=VECTOR('',#3978,10.);
#1097=VECTOR('',#3979,10.);
#1098=VECTOR('',#3980,10.);
#1099=VECTOR('',#3981,10.);
#1100=VECTOR('',#3984,10.);
#1101=VECTOR('',#3985,10.);
#1102=VECTOR('',#3986,10.);
#1103=VECTOR('',#3989,10.);
#1104=VECTOR('',#3990,10.);
#1105=VECTOR('',#3991,10.);
#1106=VECTOR('',#3992,10.);
#1107=VECTOR('',#3993,10.);
#1108=VECTOR('',#3996,10.);
#1109=VECTOR('',#3997,10.);
#1110=VECTOR('',#3998,10.);
#1111=VECTOR('',#4001,10.);
#1112=VECTOR('',#4002,10.);
#1113=VECTOR('',#4003,10.);
#1114=VECTOR('',#4004,10.);
#1115=VECTOR('',#4005,10.);
#1116=VECTOR('',#4006,10.);
#1117=VECTOR('',#4009,10.);
#1118=VECTOR('',#4010,10.);
#1119=VECTOR('',#4011,10.);
#1120=VECTOR('',#4012,10.);
#1121=VECTOR('',#4013,10.);
#1122=VECTOR('',#4016,10.);
#1123=VECTOR('',#4019,10.);
#1124=VECTOR('',#4020,10.);
#1125=VECTOR('',#4021,10.);
#1126=VECTOR('',#4024,10.);
#1127=VECTOR('',#4025,10.);
#1128=VECTOR('',#4028,10.);
#1129=VECTOR('',#4029,10.);
#1130=VECTOR('',#4030,10.);
#1131=VECTOR('',#4033,10.);
#1132=VECTOR('',#4034,9.99999999999999);
#1133=VECTOR('',#4035,10.);
#1134=VECTOR('',#4038,10.);
#1135=VECTOR('',#4039,10.);
#1136=VECTOR('',#4040,10.);
#1137=VECTOR('',#4043,10.);
#1138=VECTOR('',#4044,10.);
#1139=VECTOR('',#4045,10.);
#1140=VECTOR('',#4046,10.);
#1141=VECTOR('',#4047,10.);
#1142=VECTOR('',#4048,10.);
#1143=VECTOR('',#4049,10.);
#1144=VECTOR('',#4050,10.);
#1145=VECTOR('',#4051,10.);
#1146=VECTOR('',#4054,10.);
#1147=VECTOR('',#4057,10.);
#1148=VECTOR('',#4062,10.);
#1149=VECTOR('',#4063,10.);
#1150=VECTOR('',#4066,10.);
#1151=VECTOR('',#4067,10.);
#1152=VECTOR('',#4068,10.);
#1153=VECTOR('',#4071,10.);
#1154=VECTOR('',#4072,10.);
#1155=VECTOR('',#4075,10.);
#1156=VECTOR('',#4076,10.);
#1157=VECTOR('',#4077,10.);
#1158=VECTOR('',#4080,10.);
#1159=VECTOR('',#4081,10.);
#1160=VECTOR('',#4086,10.);
#1161=VECTOR('',#4089,10.);
#1162=VECTOR('',#4092,10.);
#1163=VECTOR('',#4093,10.);
#1164=VECTOR('',#4094,10.);
#1165=VECTOR('',#4095,10.);
#1166=VECTOR('',#4096,10.);
#1167=VECTOR('',#4107,10.);
#1168=VECTOR('',#4108,10.);
#1169=VECTOR('',#4111,9.99999999999998);
#1170=VECTOR('',#4116,10.);
#1171=VECTOR('',#4117,10.);
#1172=VECTOR('',#4122,10.);
#1173=VECTOR('',#4125,9.99999999999998);
#1174=VECTOR('',#4128,10.);
#1175=VECTOR('',#4133,10.);
#1176=VECTOR('',#4136,10.);
#1177=VECTOR('',#4149,10.);
#1178=VECTOR('',#4152,10.);
#1179=VECTOR('',#4157,10.);
#1180=VECTOR('',#4160,10.);
#1181=VECTOR('',#4161,10.);
#1182=VECTOR('',#4164,10.);
#1183=VECTOR('',#4169,10.);
#1184=VECTOR('',#4170,10.);
#1185=VECTOR('',#4171,10.);
#1186=VECTOR('',#4174,9.99999999999998);
#1187=VECTOR('',#4177,10.);
#1188=VECTOR('',#4180,10.);
#1189=VECTOR('',#4181,10.);
#1190=VECTOR('',#4184,9.99999999999998);
#1191=VECTOR('',#4189,9.99999999999999);
#1192=VECTOR('',#4190,10.);
#1193=VECTOR('',#4193,10.);
#1194=VECTOR('',#4196,10.);
#1195=VECTOR('',#4203,3.84999999999999);
#1196=VECTOR('',#4208,10.);
#1197=VECTOR('',#4209,10.);
#1198=VECTOR('',#4210,10.);
#1199=VECTOR('',#4213,9.99999999999999);
#1200=VECTOR('',#4216,10.);
#1201=VECTOR('',#4219,10.);
#1202=VECTOR('',#4224,9.99999999999998);
#1203=VECTOR('',#4225,10.);
#1204=VECTOR('',#4226,9.99999999999998);
#1205=VECTOR('',#4227,10.);
#1206=VECTOR('',#4232,10.);
#1207=VECTOR('',#4237,10.);
#1208=VECTOR('',#4238,10.);
#1209=VECTOR('',#4239,10.);
#1210=VECTOR('',#4250,10.);
#1211=VECTOR('',#4255,10.);
#1212=VECTOR('',#4256,10.);
#1213=VECTOR('',#4257,10.);
#1214=VECTOR('',#4266,10.);
#1215=VECTOR('',#4267,10.);
#1216=VECTOR('',#4272,9.99999999999998);
#1217=VECTOR('',#4275,9.99999999999999);
#1218=VECTOR('',#4276,10.);
#1219=VECTOR('',#4281,10.);
#1220=VECTOR('',#4284,10.);
#1221=VECTOR('',#4285,10.);
#1222=VECTOR('',#4290,10.);
#1223=VECTOR('',#4293,10.);
#1224=VECTOR('',#4294,10.);
#1225=VECTOR('',#4299,10.);
#1226=VECTOR('',#4302,10.);
#1227=VECTOR('',#4305,10.);
#1228=VECTOR('',#4308,10.);
#1229=VECTOR('',#4311,10.);
#1230=VECTOR('',#4314,10.);
#1231=VECTOR('',#4317,10.);
#1232=VECTOR('',#4324,10.);
#1233=VECTOR('',#4329,10.);
#1234=VECTOR('',#4332,10.);
#1235=VECTOR('',#4333,10.);
#1236=VECTOR('',#4338,10.);
#1237=VECTOR('',#4341,9.99999999999998);
#1238=VECTOR('',#4342,10.);
#1239=VECTOR('',#4347,10.);
#1240=VECTOR('',#4350,10.);
#1241=VECTOR('',#4351,10.);
#1242=VECTOR('',#4358,10.);
#1243=VECTOR('',#4359,10.);
#1244=VECTOR('',#4364,10.);
#1245=VECTOR('',#4365,10.);
#1246=VECTOR('',#4368,10.);
#1247=VECTOR('',#4373,10.);
#1248=VECTOR('',#4374,9.99999999999998);
#1249=VECTOR('',#4377,10.);
#1250=VECTOR('',#4382,10.);
#1251=VECTOR('',#4383,10.);
#1252=VECTOR('',#4386,10.);
#1253=VECTOR('',#4391,10.);
#1254=VECTOR('',#4392,10.);
#1255=VECTOR('',#4395,10.);
#1256=VECTOR('',#4400,10.);
#1257=VECTOR('',#4401,10.);
#1258=VECTOR('',#4404,10.);
#1259=VECTOR('',#4409,10.);
#1260=VECTOR('',#4410,9.99999999999998);
#1261=VECTOR('',#4413,10.);
#1262=VECTOR('',#4418,10.);
#1263=VECTOR('',#4419,10.);
#1264=VECTOR('',#4422,10.);
#1265=VECTOR('',#4427,10.);
#1266=VECTOR('',#4432,1.75000000927184);
#1267=VECTOR('',#4437,10.);
#1268=VECTOR('',#4440,10.);
#1269=VECTOR('',#4445,10.);
#1270=VECTOR('',#4446,10.);
#1271=VECTOR('',#4453,10.);
#1272=VECTOR('',#4454,10.);
#1273=VECTOR('',#4457,10.);
#1274=VECTOR('',#4460,10.);
#1275=VECTOR('',#4471,1.55);
#1276=VECTOR('',#4474,1.75);
#1277=VECTOR('',#4477,10.);
#1278=VECTOR('',#4478,10.);
#1279=VECTOR('',#4481,9.99999999999998);
#1280=VECTOR('',#4482,10.);
#1281=VECTOR('',#4485,10.);
#1282=VECTOR('',#4486,10.);
#1283=VECTOR('',#4487,10.);
#1284=VECTOR('',#4490,10.);
#1285=VECTOR('',#4491,10.);
#1286=VECTOR('',#4494,10.);
#1287=VECTOR('',#4495,10.);
#1288=VECTOR('',#4498,10.);
#1289=VECTOR('',#4501,10.);
#1290=VECTOR('',#4502,10.);
#1291=VECTOR('',#4505,9.99999999999998);
#1292=VECTOR('',#4506,9.99999999999999);
#1293=VECTOR('',#4509,10.);
#1294=VECTOR('',#4510,10.);
#1295=VECTOR('',#4511,10.);
#1296=VECTOR('',#4514,10.);
#1297=VECTOR('',#4523,2.55);
#1298=VECTOR('',#4530,2.35);
#1299=VECTOR('',#4535,2.55);
#1300=VECTOR('',#4542,2.35);
#1301=VECTOR('',#4547,1.9);
#1302=VECTOR('',#4556,1.7);
#1303=VECTOR('',#4563,1.9);
#1304=VECTOR('',#4566,1.7);
#1305=VECTOR('',#4591,10.);
#1306=VECTOR('',#4592,10.);
#1307=VECTOR('',#4607,10.);
#1308=VECTOR('',#4608,10.);
#1309=VECTOR('',#4613,10.);
#1310=VECTOR('',#4614,10.);
#1311=VECTOR('',#4627,10.);
#1312=VECTOR('',#4628,10.);
#1313=VECTOR('',#4633,10.);
#1314=VECTOR('',#4636,10.);
#1315=VECTOR('',#4651,10.);
#1316=VECTOR('',#4652,10.);
#1317=VECTOR('',#4663,10.);
#1318=VECTOR('',#4664,10.);
#1319=VECTOR('',#4667,10.);
#1320=VECTOR('',#4668,10.);
#1321=VECTOR('',#4679,10.);
#1322=VECTOR('',#4682,10.);
#1323=VECTOR('',#4685,10.);
#1324=VECTOR('',#4688,10.);
#1325=VECTOR('',#4691,10.);
#1326=VECTOR('',#4692,10.);
#1327=VECTOR('',#4695,10.);
#1328=VECTOR('',#4700,10.);
#1329=VECTOR('',#4703,10.);
#1330=VECTOR('',#4706,10.6311378386804);
#1331=VECTOR('',#4709,10.6311378386804);
#1332=VECTOR('',#4712,10.6311378386803);
#1333=VECTOR('',#4713,10.);
#1334=VECTOR('',#4716,9.99999999999999);
#1335=VECTOR('',#4721,10.);
#1336=VECTOR('',#4722,11.0992832700314);
#1337=VECTOR('',#4723,10.);
#1338=VECTOR('',#4726,11.0992834205149);
#1339=VECTOR('',#4729,11.0992834205149);
#1340=VECTOR('',#4732,10.);
#1341=VECTOR('',#4735,11.0992832700314);
#1342=VECTOR('',#4740,10.);
#1343=VECTOR('',#4743,10.);
#1344=VECTOR('',#4744,10.);
#1345=VECTOR('',#4749,10.);
#1346=VECTOR('',#4750,10.);
#1347=VECTOR('',#4753,10.);
#1348=VECTOR('',#4756,10.);
#1349=VECTOR('',#4759,10.);
#1350=VECTOR('',#4760,10.);
#1351=VECTOR('',#4763,10.);
#1352=VECTOR('',#4764,10.);
#1353=VECTOR('',#4769,10.);
#1354=VECTOR('',#4770,10.);
#1355=VECTOR('',#4773,10.);
#1356=VECTOR('',#4774,10.);
#1357=VECTOR('',#4779,10.);
#1358=VECTOR('',#4780,10.);
#1359=VECTOR('',#4781,10.);
#1360=VECTOR('',#4784,10.);
#1361=VECTOR('',#4785,10.);
#1362=VECTOR('',#4786,10.);
#1363=VECTOR('',#4789,10.);
#1364=VECTOR('',#4792,10.);
#1365=VECTOR('',#4797,10.);
#1366=VECTOR('',#4800,10.);
#1367=VECTOR('',#4805,10.);
#1368=VECTOR('',#4806,10.);
#1369=VECTOR('',#4807,10.);
#1370=VECTOR('',#4810,10.);
#1371=VECTOR('',#4823,10.);
#1372=VECTOR('',#4824,10.);
#1373=VECTOR('',#4825,9.99999999999999);
#1374=VECTOR('',#4830,10.);
#1375=VECTOR('',#4833,10.);
#1376=VECTOR('',#4834,10.);
#1377=VECTOR('',#4837,10.);
#1378=VECTOR('',#4842,10.);
#1379=VECTOR('',#4845,10.);
#1380=VECTOR('',#4848,10.);
#1381=VECTOR('',#4851,10.);
#1382=VECTOR('',#4856,10.);
#1383=VECTOR('',#4857,10.);
#1384=VECTOR('',#4862,10.);
#1385=VECTOR('',#4869,10.);
#1386=VECTOR('',#4870,10.);
#1387=VECTOR('',#4873,10.);
#1388=VECTOR('',#4884,10.);
#1389=VECTOR('',#4889,10.);
#1390=VECTOR('',#4892,10.);
#1391=VECTOR('',#4895,10.);
#1392=VECTOR('',#4898,10.);
#1393=VECTOR('',#4901,10.);
#1394=VECTOR('',#4902,10.);
#1395=VECTOR('',#4903,10.);
#1396=VECTOR('',#4906,10.);
#1397=VECTOR('',#4911,10.);
#1398=VECTOR('',#4912,10.);
#1399=VECTOR('',#4915,10.);
#1400=VECTOR('',#4918,10.);
#1401=VECTOR('',#4921,10.);
#1402=VECTOR('',#4922,10.);
#1403=VECTOR('',#4925,10.);
#1404=VECTOR('',#4926,10.);
#1405=VECTOR('',#4927,10.);
#1406=VECTOR('',#4930,10.);
#1407=VECTOR('',#4935,10.);
#1408=VECTOR('',#4936,10.);
#1409=VECTOR('',#4939,10.);
#1410=VECTOR('',#4942,10.);
#1411=VECTOR('',#4945,10.);
#1412=VECTOR('',#4946,10.);
#1413=VECTOR('',#4955,0.250000000000005);
#1414=VECTOR('',#4958,10.);
#1415=VECTOR('',#4959,10.);
#1416=VECTOR('',#4964,10.);
#1417=VECTOR('',#4967,10.);
#1418=VECTOR('',#4970,10.);
#1419=VECTOR('',#4971,10.);
#1420=VECTOR('',#4972,10.);
#1421=VECTOR('',#4975,10.);
#1422=VECTOR('',#4980,10.);
#1423=VECTOR('',#4981,10.);
#1424=VECTOR('',#4984,10.);
#1425=VECTOR('',#4987,10.);
#1426=VERTEX_POINT('',#4998);
#1427=VERTEX_POINT('',#4999);
#1428=VERTEX_POINT('',#5001);
#1429=VERTEX_POINT('',#5003);
#1430=VERTEX_POINT('',#5007);
#1431=VERTEX_POINT('',#5008);
#1432=VERTEX_POINT('',#5010);
#1433=VERTEX_POINT('',#5012);
#1434=VERTEX_POINT('',#5014);
#1435=VERTEX_POINT('',#5016);
#1436=VERTEX_POINT('',#5018);
#1437=VERTEX_POINT('',#5020);
#1438=VERTEX_POINT('',#5022);
#1439=VERTEX_POINT('',#5024);
#1440=VERTEX_POINT('',#5026);
#1441=VERTEX_POINT('',#5028);
#1442=VERTEX_POINT('',#5030);
#1443=VERTEX_POINT('',#5032);
#1444=VERTEX_POINT('',#5034);
#1445=VERTEX_POINT('',#5036);
#1446=VERTEX_POINT('',#5038);
#1447=VERTEX_POINT('',#5042);
#1448=VERTEX_POINT('',#5044);
#1449=VERTEX_POINT('',#5046);
#1450=VERTEX_POINT('',#5050);
#1451=VERTEX_POINT('',#5052);
#1452=VERTEX_POINT('',#5056);
#1453=VERTEX_POINT('',#5058);
#1454=VERTEX_POINT('',#5061);
#1455=VERTEX_POINT('',#5065);
#1456=VERTEX_POINT('',#5066);
#1457=VERTEX_POINT('',#5068);
#1458=VERTEX_POINT('',#5072);
#1459=VERTEX_POINT('',#5075);
#1460=VERTEX_POINT('',#5081);
#1461=VERTEX_POINT('',#5083);
#1462=VERTEX_POINT('',#5085);
#1463=VERTEX_POINT('',#5087);
#1464=VERTEX_POINT('',#5089);
#1465=VERTEX_POINT('',#5091);
#1466=VERTEX_POINT('',#5093);
#1467=VERTEX_POINT('',#5095);
#1468=VERTEX_POINT('',#5097);
#1469=VERTEX_POINT('',#5099);
#1470=VERTEX_POINT('',#5103);
#1471=VERTEX_POINT('',#5107);
#1472=VERTEX_POINT('',#5108);
#1473=VERTEX_POINT('',#5113);
#1474=VERTEX_POINT('',#5115);
#1475=VERTEX_POINT('',#5119);
#1476=VERTEX_POINT('',#5121);
#1477=VERTEX_POINT('',#5125);
#1478=VERTEX_POINT('',#5127);
#1479=VERTEX_POINT('',#5129);
#1480=VERTEX_POINT('',#5131);
#1481=VERTEX_POINT('',#5133);
#1482=VERTEX_POINT('',#5135);
#1483=VERTEX_POINT('',#5137);
#1484=VERTEX_POINT('',#5139);
#1485=VERTEX_POINT('',#5148);
#1486=VERTEX_POINT('',#5152);
#1487=VERTEX_POINT('',#5157);
#1488=VERTEX_POINT('',#5161);
#1489=VERTEX_POINT('',#5163);
#1490=VERTEX_POINT('',#5167);
#1491=VERTEX_POINT('',#5172);
#1492=VERTEX_POINT('',#5174);
#1493=VERTEX_POINT('',#5176);
#1494=VERTEX_POINT('',#5179);
#1495=VERTEX_POINT('',#5182);
#1496=VERTEX_POINT('',#5184);
#1497=VERTEX_POINT('',#5187);
#1498=VERTEX_POINT('',#5189);
#1499=VERTEX_POINT('',#5194);
#1500=VERTEX_POINT('',#5201);
#1501=VERTEX_POINT('',#5205);
#1502=VERTEX_POINT('',#5207);
#1503=VERTEX_POINT('',#5209);
#1504=VERTEX_POINT('',#5211);
#1505=VERTEX_POINT('',#5213);
#1506=VERTEX_POINT('',#5215);
#1507=VERTEX_POINT('',#5218);
#1508=VERTEX_POINT('',#5219);
#1509=VERTEX_POINT('',#5221);
#1510=VERTEX_POINT('',#5223);
#1511=VERTEX_POINT('',#5231);
#1512=VERTEX_POINT('',#5232);
#1513=VERTEX_POINT('',#5234);
#1514=VERTEX_POINT('',#5236);
#1515=VERTEX_POINT('',#5240);
#1516=VERTEX_POINT('',#5241);
#1517=VERTEX_POINT('',#5243);
#1518=VERTEX_POINT('',#5245);
#1519=VERTEX_POINT('',#5248);
#1520=VERTEX_POINT('',#5249);
#1521=VERTEX_POINT('',#5251);
#1522=VERTEX_POINT('',#5253);
#1523=VERTEX_POINT('',#5257);
#1524=VERTEX_POINT('',#5259);
#1525=VERTEX_POINT('',#5264);
#1526=VERTEX_POINT('',#5282);
#1527=VERTEX_POINT('',#5284);
#1528=VERTEX_POINT('',#5288);
#1529=VERTEX_POINT('',#5289);
#1530=VERTEX_POINT('',#5291);
#1531=VERTEX_POINT('',#5293);
#1532=VERTEX_POINT('',#5295);
#1533=VERTEX_POINT('',#5297);
#1534=VERTEX_POINT('',#5299);
#1535=VERTEX_POINT('',#5301);
#1536=VERTEX_POINT('',#5303);
#1537=VERTEX_POINT('',#5305);
#1538=VERTEX_POINT('',#5309);
#1539=VERTEX_POINT('',#5310);
#1540=VERTEX_POINT('',#5312);
#1541=VERTEX_POINT('',#5314);
#1542=VERTEX_POINT('',#5318);
#1543=VERTEX_POINT('',#5320);
#1544=VERTEX_POINT('',#5324);
#1545=VERTEX_POINT('',#5326);
#1546=VERTEX_POINT('',#5333);
#1547=VERTEX_POINT('',#5335);
#1548=VERTEX_POINT('',#5339);
#1549=VERTEX_POINT('',#5341);
#1550=VERTEX_POINT('',#5351);
#1551=VERTEX_POINT('',#5355);
#1552=VERTEX_POINT('',#5359);
#1553=VERTEX_POINT('',#5363);
#1554=VERTEX_POINT('',#5367);
#1555=VERTEX_POINT('',#5371);
#1556=VERTEX_POINT('',#5394);
#1557=VERTEX_POINT('',#5398);
#1558=VERTEX_POINT('',#5402);
#1559=VERTEX_POINT('',#5406);
#1560=VERTEX_POINT('',#5410);
#1561=VERTEX_POINT('',#5414);
#1562=VERTEX_POINT('',#5420);
#1563=VERTEX_POINT('',#5422);
#1564=VERTEX_POINT('',#5426);
#1565=VERTEX_POINT('',#5430);
#1566=VERTEX_POINT('',#5434);
#1567=VERTEX_POINT('',#5438);
#1568=VERTEX_POINT('',#5442);
#1569=VERTEX_POINT('',#5446);
#1570=VERTEX_POINT('',#5450);
#1571=VERTEX_POINT('',#5454);
#1572=VERTEX_POINT('',#5458);
#1573=VERTEX_POINT('',#5462);
#1574=VERTEX_POINT('',#5466);
#1575=VERTEX_POINT('',#5470);
#1576=VERTEX_POINT('',#5474);
#1577=VERTEX_POINT('',#5478);
#1578=VERTEX_POINT('',#5484);
#1579=VERTEX_POINT('',#5486);
#1580=VERTEX_POINT('',#5490);
#1581=VERTEX_POINT('',#5491);
#1582=VERTEX_POINT('',#5493);
#1583=VERTEX_POINT('',#5495);
#1584=VERTEX_POINT('',#5499);
#1585=VERTEX_POINT('',#5513);
#1586=VERTEX_POINT('',#5516);
#1587=VERTEX_POINT('',#5522);
#1588=VERTEX_POINT('',#5526);
#1589=VERTEX_POINT('',#5530);
#1590=VERTEX_POINT('',#5535);
#1591=VERTEX_POINT('',#5539);
#1592=VERTEX_POINT('',#5545);
#1593=VERTEX_POINT('',#5549);
#1594=VERTEX_POINT('',#5553);
#1595=VERTEX_POINT('',#5562);
#1596=VERTEX_POINT('',#5563);
#1597=VERTEX_POINT('',#5568);
#1598=VERTEX_POINT('',#5572);
#1599=VERTEX_POINT('',#5573);
#1600=VERTEX_POINT('',#5578);
#1601=VERTEX_POINT('',#5582);
#1602=VERTEX_POINT('',#5584);
#1603=VERTEX_POINT('',#5588);
#1604=VERTEX_POINT('',#5591);
#1605=VERTEX_POINT('',#5595);
#1606=VERTEX_POINT('',#5599);
#1607=VERTEX_POINT('',#5607);
#1608=VERTEX_POINT('',#5608);
#1609=VERTEX_POINT('',#5610);
#1610=VERTEX_POINT('',#5612);
#1611=VERTEX_POINT('',#5616);
#1612=VERTEX_POINT('',#5617);
#1613=VERTEX_POINT('',#5622);
#1614=VERTEX_POINT('',#5623);
#1615=VERTEX_POINT('',#5625);
#1616=VERTEX_POINT('',#5627);
#1617=VERTEX_POINT('',#5631);
#1618=VERTEX_POINT('',#5632);
#1619=VERTEX_POINT('',#5635);
#1620=VERTEX_POINT('',#5644);
#1621=VERTEX_POINT('',#5645);
#1622=VERTEX_POINT('',#5650);
#1623=VERTEX_POINT('',#5651);
#1624=VERTEX_POINT('',#5653);
#1625=VERTEX_POINT('',#5655);
#1626=VERTEX_POINT('',#5662);
#1627=VERTEX_POINT('',#5663);
#1628=VERTEX_POINT('',#5665);
#1629=VERTEX_POINT('',#5667);
#1630=VERTEX_POINT('',#5669);
#1631=VERTEX_POINT('',#5673);
#1632=VERTEX_POINT('',#5674);
#1633=VERTEX_POINT('',#5679);
#1634=VERTEX_POINT('',#5680);
#1635=VERTEX_POINT('',#5685);
#1636=VERTEX_POINT('',#5686);
#1637=VERTEX_POINT('',#5694);
#1638=VERTEX_POINT('',#5695);
#1639=VERTEX_POINT('',#5705);
#1640=VERTEX_POINT('',#5712);
#1641=VERTEX_POINT('',#5714);
#1642=VERTEX_POINT('',#5718);
#1643=VERTEX_POINT('',#5720);
#1644=VERTEX_POINT('',#5724);
#1645=VERTEX_POINT('',#5728);
#1646=VERTEX_POINT('',#5730);
#1647=VERTEX_POINT('',#5742);
#1648=VERTEX_POINT('',#5748);
#1649=VERTEX_POINT('',#5752);
#1650=VERTEX_POINT('',#5758);
#1651=VERTEX_POINT('',#5760);
#1652=VERTEX_POINT('',#5764);
#1653=VERTEX_POINT('',#5768);
#1654=VERTEX_POINT('',#5772);
#1655=VERTEX_POINT('',#5774);
#1656=VERTEX_POINT('',#5778);
#1657=VERTEX_POINT('',#5780);
#1658=VERTEX_POINT('',#5786);
#1659=VERTEX_POINT('',#5787);
#1660=VERTEX_POINT('',#5796);
#1661=VERTEX_POINT('',#5803);
#1662=VERTEX_POINT('',#5805);
#1663=VERTEX_POINT('',#5807);
#1664=VERTEX_POINT('',#5809);
#1665=VERTEX_POINT('',#5811);
#1666=VERTEX_POINT('',#5813);
#1667=VERTEX_POINT('',#5815);
#1668=VERTEX_POINT('',#5817);
#1669=VERTEX_POINT('',#5819);
#1670=VERTEX_POINT('',#5821);
#1671=VERTEX_POINT('',#5823);
#1672=VERTEX_POINT('',#5826);
#1673=VERTEX_POINT('',#5827);
#1674=VERTEX_POINT('',#5829);
#1675=VERTEX_POINT('',#5831);
#1676=VERTEX_POINT('',#5840);
#1677=VERTEX_POINT('',#5841);
#1678=VERTEX_POINT('',#5843);
#1679=VERTEX_POINT('',#5845);
#1680=VERTEX_POINT('',#5855);
#1681=VERTEX_POINT('',#5857);
#1682=VERTEX_POINT('',#5864);
#1683=VERTEX_POINT('',#5866);
#1684=VERTEX_POINT('',#5868);
#1685=VERTEX_POINT('',#5871);
#1686=VERTEX_POINT('',#5872);
#1687=VERTEX_POINT('',#5874);
#1688=VERTEX_POINT('',#5876);
#1689=VERTEX_POINT('',#5885);
#1690=VERTEX_POINT('',#5886);
#1691=VERTEX_POINT('',#5888);
#1692=VERTEX_POINT('',#5890);
#1693=VERTEX_POINT('',#5903);
#1694=VERTEX_POINT('',#5905);
#1695=VERTEX_POINT('',#5907);
#1696=VERTEX_POINT('',#5911);
#1697=VERTEX_POINT('',#5913);
#1698=VERTEX_POINT('',#5917);
#1699=VERTEX_POINT('',#5919);
#1700=VERTEX_POINT('',#5925);
#1701=VERTEX_POINT('',#5926);
#1702=VERTEX_POINT('',#5928);
#1703=VERTEX_POINT('',#5933);
#1704=VERTEX_POINT('',#5949);
#1705=VERTEX_POINT('',#5953);
#1706=VERTEX_POINT('',#5957);
#1707=VERTEX_POINT('',#5959);
#1708=VERTEX_POINT('',#5961);
#1709=VERTEX_POINT('',#5965);
#1710=VERTEX_POINT('',#5967);
#1711=VERTEX_POINT('',#5969);
#1712=VERTEX_POINT('',#5977);
#1713=VERTEX_POINT('',#5983);
#1714=VERTEX_POINT('',#5990);
#1715=VERTEX_POINT('',#5992);
#1716=VERTEX_POINT('',#5996);
#1717=VERTEX_POINT('',#6000);
#1718=VERTEX_POINT('',#6054);
#1719=VERTEX_POINT('',#6056);
#1720=VERTEX_POINT('',#6060);
#1721=VERTEX_POINT('',#6064);
#1722=VERTEX_POINT('',#6066);
#1723=VERTEX_POINT('',#6070);
#1724=VERTEX_POINT('',#6074);
#1725=VERTEX_POINT('',#6128);
#1726=VERTEX_POINT('',#6130);
#1727=VERTEX_POINT('',#6134);
#1728=VERTEX_POINT('',#6141);
#1729=VERTEX_POINT('',#6144);
#1730=VERTEX_POINT('',#6173);
#1731=EDGE_CURVE('',#1426,#1427,#724,.T.);
#1732=EDGE_CURVE('',#1426,#1428,#725,.T.);
#1733=EDGE_CURVE('',#1428,#1429,#726,.T.);
#1734=EDGE_CURVE('',#1427,#1429,#727,.T.);
#1735=EDGE_CURVE('',#1430,#1431,#728,.T.);
#1736=EDGE_CURVE('',#1432,#1430,#729,.T.);
#1737=EDGE_CURVE('',#1433,#1432,#730,.T.);
#1738=EDGE_CURVE('',#1434,#1433,#731,.T.);
#1739=EDGE_CURVE('',#1435,#1434,#732,.T.);
#1740=EDGE_CURVE('',#1436,#1435,#733,.T.);
#1741=EDGE_CURVE('',#1437,#1436,#734,.T.);
#1742=EDGE_CURVE('',#1438,#1437,#735,.T.);
#1743=EDGE_CURVE('',#1439,#1438,#736,.T.);
#1744=EDGE_CURVE('',#1440,#1439,#737,.T.);
#1745=EDGE_CURVE('',#1441,#1440,#738,.T.);
#1746=EDGE_CURVE('',#1442,#1441,#739,.T.);
#1747=EDGE_CURVE('',#1443,#1442,#740,.T.);
#1748=EDGE_CURVE('',#1444,#1443,#741,.T.);
#1749=EDGE_CURVE('',#1445,#1444,#742,.T.);
#1750=EDGE_CURVE('',#1446,#1445,#743,.T.);
#1751=EDGE_CURVE('',#1431,#1446,#744,.T.);
#1752=EDGE_CURVE('',#1447,#1430,#745,.T.);
#1753=EDGE_CURVE('',#1447,#1448,#746,.T.);
#1754=EDGE_CURVE('',#1448,#1449,#747,.T.);
#1755=EDGE_CURVE('',#1432,#1449,#748,.T.);
#1756=EDGE_CURVE('',#1450,#1447,#749,.T.);
#1757=EDGE_CURVE('',#1450,#1451,#750,.T.);
#1758=EDGE_CURVE('',#1451,#1448,#751,.T.);
#1759=EDGE_CURVE('',#1452,#1441,#752,.T.);
#1760=EDGE_CURVE('',#1452,#1453,#753,.T.);
#1761=EDGE_CURVE('',#1453,#1444,#754,.F.);
#1762=EDGE_CURVE('',#1443,#1454,#755,.T.);
#1763=EDGE_CURVE('',#1442,#1454,#756,.T.);
#1764=EDGE_CURVE('',#1455,#1456,#757,.T.);
#1765=EDGE_CURVE('',#1457,#1455,#758,.T.);
#1766=EDGE_CURVE('',#1456,#1457,#759,.T.);
#1767=EDGE_CURVE('',#1431,#1458,#760,.T.);
#1768=EDGE_CURVE('',#1458,#1455,#761,.T.);
#1769=EDGE_CURVE('',#1456,#1459,#762,.T.);
#1770=EDGE_CURVE('',#1459,#1445,#763,.T.);
#1771=EDGE_CURVE('',#1453,#1426,#764,.T.);
#1772=EDGE_CURVE('',#1427,#1450,#765,.T.);
#1773=EDGE_CURVE('',#1460,#1453,#766,.T.);
#1774=EDGE_CURVE('',#1461,#1460,#767,.T.);
#1775=EDGE_CURVE('',#1462,#1461,#768,.T.);
#1776=EDGE_CURVE('',#1463,#1462,#769,.T.);
#1777=EDGE_CURVE('',#1464,#1463,#770,.T.);
#1778=EDGE_CURVE('',#1465,#1464,#265,.T.);
#1779=EDGE_CURVE('',#1466,#1465,#771,.T.);
#1780=EDGE_CURVE('',#1467,#1466,#266,.T.);
#1781=EDGE_CURVE('',#1468,#1467,#772,.T.);
#1782=EDGE_CURVE('',#1469,#1468,#773,.T.);
#1783=EDGE_CURVE('',#1426,#1469,#774,.T.);
#1784=EDGE_CURVE('',#1470,#1458,#775,.T.);
#1785=EDGE_CURVE('',#1457,#1470,#776,.T.);
#1786=EDGE_CURVE('',#1471,#1472,#777,.T.);
#1787=EDGE_CURVE('',#1472,#1462,#778,.T.);
#1788=EDGE_CURVE('',#1461,#1471,#779,.T.);
#1789=EDGE_CURVE('',#1472,#1473,#780,.T.);
#1790=EDGE_CURVE('',#1474,#1473,#781,.T.);
#1791=EDGE_CURVE('',#1474,#1462,#782,.T.);
#1792=EDGE_CURVE('',#1461,#1475,#783,.T.);
#1793=EDGE_CURVE('',#1476,#1475,#784,.T.);
#1794=EDGE_CURVE('',#1476,#1471,#785,.T.);
#1795=EDGE_CURVE('',#1477,#1476,#786,.T.);
#1796=EDGE_CURVE('',#1478,#1477,#787,.T.);
#1797=EDGE_CURVE('',#1479,#1478,#788,.T.);
#1798=EDGE_CURVE('',#1480,#1479,#789,.T.);
#1799=EDGE_CURVE('',#1481,#1480,#790,.T.);
#1800=EDGE_CURVE('',#1482,#1481,#791,.T.);
#1801=EDGE_CURVE('',#1483,#1482,#792,.T.);
#1802=EDGE_CURVE('',#1484,#1483,#793,.T.);
#1803=EDGE_CURVE('',#1473,#1484,#794,.T.);
#1804=EDGE_CURVE('',#1459,#1470,#795,.T.);
#1805=EDGE_CURVE('',#1446,#1470,#796,.T.);
#1806=EDGE_CURVE('',#1440,#1485,#797,.T.);
#1807=EDGE_CURVE('',#1485,#1452,#798,.T.);
#1808=EDGE_CURVE('',#1449,#1486,#799,.T.);
#1809=EDGE_CURVE('',#1451,#1427,#800,.T.);
#1810=EDGE_CURVE('',#1429,#1486,#801,.T.);
#1811=EDGE_CURVE('',#1487,#1469,#802,.T.);
#1812=EDGE_CURVE('',#1428,#1487,#803,.T.);
#1813=EDGE_CURVE('',#1488,#1487,#804,.T.);
#1814=EDGE_CURVE('',#1489,#1488,#805,.T.);
#1815=EDGE_CURVE('',#1486,#1489,#806,.T.);
#1816=EDGE_CURVE('',#1488,#1490,#807,.T.);
#1817=EDGE_CURVE('',#1490,#1468,#808,.T.);
#1818=EDGE_CURVE('',#1491,#1490,#809,.T.);
#1819=EDGE_CURVE('',#1491,#1492,#154,.T.);
#1820=EDGE_CURVE('',#1493,#1492,#810,.T.);
#1821=EDGE_CURVE('',#1493,#1464,#155,.T.);
#1822=EDGE_CURVE('',#1463,#1494,#811,.T.);
#1823=EDGE_CURVE('',#1474,#1494,#812,.T.);
#1824=EDGE_CURVE('',#1495,#1474,#813,.T.);
#1825=EDGE_CURVE('',#1496,#1495,#814,.T.);
#1826=EDGE_CURVE('',#1489,#1496,#815,.T.);
#1827=EDGE_CURVE('',#1497,#1497,#156,.T.);
#1828=EDGE_CURVE('',#1498,#1498,#157,.T.);
#1829=EDGE_CURVE('',#1467,#1491,#267,.T.);
#1830=EDGE_CURVE('',#1475,#1499,#816,.T.);
#1831=EDGE_CURVE('',#1477,#1499,#817,.T.);
#1832=EDGE_CURVE('',#1495,#1484,#818,.T.);
#1833=EDGE_CURVE('',#1500,#1460,#819,.T.);
#1834=EDGE_CURVE('',#1475,#1500,#820,.T.);
#1835=EDGE_CURVE('',#1501,#1485,#158,.T.);
#1836=EDGE_CURVE('',#1502,#1501,#821,.T.);
#1837=EDGE_CURVE('',#1503,#1502,#159,.T.);
#1838=EDGE_CURVE('',#1504,#1503,#822,.T.);
#1839=EDGE_CURVE('',#1505,#1504,#160,.T.);
#1840=EDGE_CURVE('',#1506,#1505,#823,.T.);
#1841=EDGE_CURVE('',#1499,#1506,#161,.T.);
#1842=EDGE_CURVE('',#1507,#1508,#162,.T.);
#1843=EDGE_CURVE('',#1509,#1507,#824,.T.);
#1844=EDGE_CURVE('',#1510,#1509,#163,.T.);
#1845=EDGE_CURVE('',#1508,#1510,#825,.T.);
#1846=EDGE_CURVE('',#1492,#1466,#268,.T.);
#1847=EDGE_CURVE('',#1465,#1493,#269,.T.);
#1848=EDGE_CURVE('',#1511,#1512,#164,.T.);
#1849=EDGE_CURVE('',#1511,#1513,#826,.T.);
#1850=EDGE_CURVE('',#1514,#1513,#165,.T.);
#1851=EDGE_CURVE('',#1512,#1514,#827,.T.);
#1852=EDGE_CURVE('',#1515,#1516,#166,.T.);
#1853=EDGE_CURVE('',#1517,#1515,#828,.T.);
#1854=EDGE_CURVE('',#1518,#1517,#167,.T.);
#1855=EDGE_CURVE('',#1516,#1518,#829,.T.);
#1856=EDGE_CURVE('',#1519,#1520,#830,.T.);
#1857=EDGE_CURVE('',#1521,#1519,#168,.T.);
#1858=EDGE_CURVE('',#1522,#1521,#831,.T.);
#1859=EDGE_CURVE('',#1520,#1522,#169,.T.);
#1860=EDGE_CURVE('',#1523,#1511,#832,.T.);
#1861=EDGE_CURVE('',#1523,#1524,#833,.T.);
#1862=EDGE_CURVE('',#1513,#1524,#834,.T.);
#1863=EDGE_CURVE('',#1524,#1519,#835,.T.);
#1864=EDGE_CURVE('',#1524,#1525,#170,.T.);
#1865=EDGE_CURVE('',#1521,#1525,#836,.T.);
#1866=EDGE_CURVE('',#1525,#1514,#837,.T.);
#1867=EDGE_CURVE('',#1522,#1514,#838,.T.);
#1868=EDGE_CURVE('',#1520,#1513,#839,.T.);
#1869=EDGE_CURVE('',#1508,#1518,#840,.T.);
#1870=EDGE_CURVE('',#1516,#1510,#841,.T.);
#1871=EDGE_CURVE('',#1515,#1509,#842,.T.);
#1872=EDGE_CURVE('',#1517,#1507,#843,.T.);
#1873=EDGE_CURVE('',#1526,#1526,#171,.T.);
#1874=EDGE_CURVE('',#1526,#1527,#844,.T.);
#1875=EDGE_CURVE('',#1527,#1527,#172,.T.);
#1876=EDGE_CURVE('',#1528,#1529,#845,.T.);
#1877=EDGE_CURVE('',#1530,#1528,#846,.T.);
#1878=EDGE_CURVE('',#1531,#1530,#847,.T.);
#1879=EDGE_CURVE('',#1532,#1531,#173,.T.);
#1880=EDGE_CURVE('',#1533,#1532,#848,.T.);
#1881=EDGE_CURVE('',#1534,#1533,#174,.T.);
#1882=EDGE_CURVE('',#1535,#1534,#849,.T.);
#1883=EDGE_CURVE('',#1536,#1535,#175,.T.);
#1884=EDGE_CURVE('',#1537,#1536,#850,.T.);
#1885=EDGE_CURVE('',#1529,#1537,#176,.T.);
#1886=EDGE_CURVE('',#1538,#1539,#851,.T.);
#1887=EDGE_CURVE('',#1540,#1538,#852,.T.);
#1888=EDGE_CURVE('',#1541,#1540,#853,.T.);
#1889=EDGE_CURVE('',#1539,#1541,#854,.T.);
#1890=EDGE_CURVE('',#1542,#1439,#177,.T.);
#1891=EDGE_CURVE('',#1542,#1543,#855,.T.);
#1892=EDGE_CURVE('',#1440,#1543,#178,.T.);
#1893=EDGE_CURVE('',#1544,#1542,#856,.T.);
#1894=EDGE_CURVE('',#1545,#1544,#857,.T.);
#1895=EDGE_CURVE('',#1543,#1545,#858,.T.);
#1896=EDGE_CURVE('',#1539,#1544,#179,.T.);
#1897=EDGE_CURVE('',#1545,#1541,#180,.T.);
#1898=EDGE_CURVE('',#1546,#1538,#181,.T.);
#1899=EDGE_CURVE('',#1546,#1547,#859,.T.);
#1900=EDGE_CURVE('',#1540,#1547,#182,.T.);
#1901=EDGE_CURVE('',#1548,#1546,#860,.T.);
#1902=EDGE_CURVE('',#1549,#1548,#861,.T.);
#1903=EDGE_CURVE('',#1547,#1549,#862,.T.);
#1904=EDGE_CURVE('',#1478,#1548,#183,.T.);
#1905=EDGE_CURVE('',#1549,#1477,#184,.T.);
#1906=EDGE_CURVE('',#1531,#1480,#863,.T.);
#1907=EDGE_CURVE('',#1481,#1530,#864,.T.);
#1908=EDGE_CURVE('',#1480,#1550,#185,.T.);
#1909=EDGE_CURVE('',#1532,#1550,#865,.T.);
#1910=EDGE_CURVE('',#1550,#1551,#866,.T.);
#1911=EDGE_CURVE('',#1533,#1551,#867,.T.);
#1912=EDGE_CURVE('',#1551,#1552,#186,.T.);
#1913=EDGE_CURVE('',#1534,#1552,#868,.T.);
#1914=EDGE_CURVE('',#1552,#1553,#869,.T.);
#1915=EDGE_CURVE('',#1535,#1553,#870,.T.);
#1916=EDGE_CURVE('',#1553,#1554,#187,.T.);
#1917=EDGE_CURVE('',#1536,#1554,#871,.T.);
#1918=EDGE_CURVE('',#1554,#1555,#872,.T.);
#1919=EDGE_CURVE('',#1537,#1555,#873,.T.);
#1920=EDGE_CURVE('',#1555,#1437,#188,.T.);
#1921=EDGE_CURVE('',#1529,#1437,#874,.T.);
#1922=EDGE_CURVE('',#1549,#1506,#875,.T.);
#1923=EDGE_CURVE('',#1547,#1505,#876,.T.);
#1924=EDGE_CURVE('',#1540,#1504,#877,.T.);
#1925=EDGE_CURVE('',#1541,#1503,#878,.T.);
#1926=EDGE_CURVE('',#1545,#1502,#879,.T.);
#1927=EDGE_CURVE('',#1543,#1501,#880,.T.);
#1928=EDGE_CURVE('',#1436,#1528,#881,.T.);
#1929=EDGE_CURVE('',#1438,#1556,#189,.T.);
#1930=EDGE_CURVE('',#1555,#1556,#882,.T.);
#1931=EDGE_CURVE('',#1556,#1557,#883,.T.);
#1932=EDGE_CURVE('',#1557,#1554,#884,.T.);
#1933=EDGE_CURVE('',#1557,#1558,#190,.T.);
#1934=EDGE_CURVE('',#1553,#1558,#885,.T.);
#1935=EDGE_CURVE('',#1558,#1559,#886,.T.);
#1936=EDGE_CURVE('',#1559,#1552,#887,.T.);
#1937=EDGE_CURVE('',#1559,#1560,#191,.T.);
#1938=EDGE_CURVE('',#1551,#1560,#888,.T.);
#1939=EDGE_CURVE('',#1560,#1561,#889,.T.);
#1940=EDGE_CURVE('',#1561,#1550,#890,.T.);
#1941=EDGE_CURVE('',#1561,#1479,#192,.T.);
#1942=EDGE_CURVE('',#1438,#1562,#891,.T.);
#1943=EDGE_CURVE('',#1563,#1556,#892,.T.);
#1944=EDGE_CURVE('',#1563,#1562,#193,.T.);
#1945=EDGE_CURVE('',#1564,#1557,#893,.T.);
#1946=EDGE_CURVE('',#1564,#1563,#894,.T.);
#1947=EDGE_CURVE('',#1565,#1558,#895,.T.);
#1948=EDGE_CURVE('',#1565,#1564,#194,.T.);
#1949=EDGE_CURVE('',#1566,#1559,#896,.T.);
#1950=EDGE_CURVE('',#1566,#1565,#897,.T.);
#1951=EDGE_CURVE('',#1567,#1560,#898,.T.);
#1952=EDGE_CURVE('',#1567,#1566,#195,.T.);
#1953=EDGE_CURVE('',#1568,#1561,#899,.T.);
#1954=EDGE_CURVE('',#1568,#1567,#900,.T.);
#1955=EDGE_CURVE('',#1569,#1479,#901,.T.);
#1956=EDGE_CURVE('',#1569,#1568,#196,.T.);
#1957=EDGE_CURVE('',#1570,#1478,#902,.T.);
#1958=EDGE_CURVE('',#1570,#1569,#903,.T.);
#1959=EDGE_CURVE('',#1571,#1548,#904,.T.);
#1960=EDGE_CURVE('',#1571,#1570,#197,.T.);
#1961=EDGE_CURVE('',#1572,#1546,#905,.T.);
#1962=EDGE_CURVE('',#1572,#1571,#906,.T.);
#1963=EDGE_CURVE('',#1573,#1538,#907,.T.);
#1964=EDGE_CURVE('',#1573,#1572,#198,.T.);
#1965=EDGE_CURVE('',#1574,#1539,#908,.T.);
#1966=EDGE_CURVE('',#1574,#1573,#909,.T.);
#1967=EDGE_CURVE('',#1575,#1544,#910,.T.);
#1968=EDGE_CURVE('',#1575,#1574,#199,.T.);
#1969=EDGE_CURVE('',#1576,#1542,#911,.T.);
#1970=EDGE_CURVE('',#1576,#1575,#912,.T.);
#1971=EDGE_CURVE('',#1577,#1439,#913,.T.);
#1972=EDGE_CURVE('',#1577,#1576,#200,.T.);
#1973=EDGE_CURVE('',#1562,#1577,#914,.T.);
#1974=EDGE_CURVE('',#1578,#1578,#201,.T.);
#1975=EDGE_CURVE('',#1578,#1579,#915,.T.);
#1976=EDGE_CURVE('',#1579,#1579,#202,.T.);
#1977=EDGE_CURVE('',#1580,#1581,#916,.T.);
#1978=EDGE_CURVE('',#1582,#1580,#203,.T.);
#1979=EDGE_CURVE('',#1583,#1582,#917,.T.);
#1980=EDGE_CURVE('',#1581,#1583,#204,.T.);
#1981=EDGE_CURVE('',#1512,#1584,#918,.T.);
#1982=EDGE_CURVE('',#1584,#1525,#919,.T.);
#1983=EDGE_CURVE('',#1584,#1523,#205,.T.);
#1984=EDGE_CURVE('',#1581,#1512,#920,.T.);
#1985=EDGE_CURVE('',#1511,#1583,#921,.T.);
#1986=EDGE_CURVE('',#1523,#1582,#922,.T.);
#1987=EDGE_CURVE('',#1584,#1580,#923,.T.);
#1988=EDGE_CURVE('',#1585,#1585,#206,.T.);
#1989=EDGE_CURVE('',#1586,#1586,#207,.T.);
#1990=EDGE_CURVE('',#1586,#1578,#924,.T.);
#1991=EDGE_CURVE('',#1586,#1585,#925,.T.);
#1992=EDGE_CURVE('',#1530,#1587,#926,.T.);
#1993=EDGE_CURVE('',#1482,#1587,#927,.T.);
#1994=EDGE_CURVE('',#1588,#1435,#928,.T.);
#1995=EDGE_CURVE('',#1588,#1528,#929,.T.);
#1996=EDGE_CURVE('',#1589,#1434,#930,.T.);
#1997=EDGE_CURVE('',#1433,#1496,#931,.T.);
#1998=EDGE_CURVE('',#1496,#1589,#932,.T.);
#1999=EDGE_CURVE('',#1589,#1590,#933,.T.);
#2000=EDGE_CURVE('',#1590,#1435,#934,.T.);
#2001=EDGE_CURVE('',#1591,#1495,#935,.T.);
#2002=EDGE_CURVE('',#1591,#1589,#936,.T.);
#2003=EDGE_CURVE('',#1483,#1591,#937,.T.);
#2004=EDGE_CURVE('',#1592,#1482,#938,.T.);
#2005=EDGE_CURVE('',#1592,#1591,#939,.T.);
#2006=EDGE_CURVE('',#1590,#1593,#940,.T.);
#2007=EDGE_CURVE('',#1593,#1588,#941,.T.);
#2008=EDGE_CURVE('',#1593,#1594,#942,.T.);
#2009=EDGE_CURVE('',#1594,#1587,#943,.T.);
#2010=EDGE_CURVE('',#1587,#1588,#944,.T.);
#2011=EDGE_CURVE('',#1594,#1592,#945,.T.);
#2012=EDGE_CURVE('',#1595,#1596,#208,.T.);
#2013=EDGE_CURVE('',#1596,#1497,#946,.T.);
#2014=EDGE_CURVE('',#1596,#1595,#209,.T.);
#2015=EDGE_CURVE('',#1597,#1597,#210,.T.);
#2016=EDGE_CURVE('',#1597,#1595,#947,.T.);
#2017=EDGE_CURVE('',#1598,#1599,#211,.T.);
#2018=EDGE_CURVE('',#1599,#1498,#948,.T.);
#2019=EDGE_CURVE('',#1599,#1598,#212,.T.);
#2020=EDGE_CURVE('',#1600,#1600,#213,.T.);
#2021=EDGE_CURVE('',#1600,#1598,#949,.T.);
#2022=EDGE_CURVE('',#1601,#1601,#214,.T.);
#2023=EDGE_CURVE('',#1601,#1602,#950,.T.);
#2024=EDGE_CURVE('',#1602,#1602,#215,.T.);
#2025=EDGE_CURVE('',#1603,#1603,#216,.T.);
#2026=EDGE_CURVE('',#1601,#1604,#951,.T.);
#2027=EDGE_CURVE('',#1604,#1604,#217,.T.);
#2028=EDGE_CURVE('',#1605,#1605,#218,.T.);
#2029=EDGE_CURVE('',#1605,#1603,#952,.T.);
#2030=EDGE_CURVE('',#1605,#1606,#953,.T.);
#2031=EDGE_CURVE('',#1606,#1606,#219,.T.);
#2032=EDGE_CURVE('',#1607,#1608,#220,.T.);
#2033=EDGE_CURVE('',#1608,#1609,#221,.T.);
#2034=EDGE_CURVE('',#1609,#1610,#222,.T.);
#2035=EDGE_CURVE('',#1610,#1607,#223,.T.);
#2036=EDGE_CURVE('',#1611,#1612,#224,.T.);
#2037=EDGE_CURVE('',#1612,#1608,#954,.T.);
#2038=EDGE_CURVE('',#1607,#1611,#955,.T.);
#2039=EDGE_CURVE('',#1613,#1614,#225,.T.);
#2040=EDGE_CURVE('',#1615,#1613,#226,.F.);
#2041=EDGE_CURVE('',#1616,#1615,#227,.T.);
#2042=EDGE_CURVE('',#1616,#1614,#228,.T.);
#2043=EDGE_CURVE('',#1617,#1618,#270,.F.);
#2044=EDGE_CURVE('',#1617,#1615,#956,.T.);
#2045=EDGE_CURVE('',#1613,#1619,#957,.T.);
#2046=EDGE_CURVE('',#1619,#1618,#31,.T.);
#2047=EDGE_CURVE('',#1620,#1621,#229,.T.);
#2048=EDGE_CURVE('',#1621,#1616,#958,.T.);
#2049=EDGE_CURVE('',#1615,#1620,#959,.T.);
#2050=EDGE_CURVE('',#1622,#1623,#230,.F.);
#2051=EDGE_CURVE('',#1624,#1622,#231,.T.);
#2052=EDGE_CURVE('',#1624,#1625,#232,.T.);
#2053=EDGE_CURVE('',#1623,#1625,#233,.T.);
#2054=EDGE_CURVE('',#1614,#1624,#960,.T.);
#2055=EDGE_CURVE('',#1622,#1613,#961,.T.);
#2056=EDGE_CURVE('',#1626,#1627,#271,.T.);
#2057=EDGE_CURVE('',#1627,#1628,#962,.T.);
#2058=EDGE_CURVE('',#1628,#1629,#234,.T.);
#2059=EDGE_CURVE('',#1629,#1630,#963,.T.);
#2060=EDGE_CURVE('',#1630,#1626,#272,.T.);
#2061=EDGE_CURVE('',#1631,#1632,#235,.T.);
#2062=EDGE_CURVE('',#1632,#1629,#236,.T.);
#2063=EDGE_CURVE('',#1628,#1631,#237,.T.);
#2064=EDGE_CURVE('',#1633,#1634,#238,.T.);
#2065=EDGE_CURVE('',#1634,#1632,#964,.T.);
#2066=EDGE_CURVE('',#1631,#1633,#965,.T.);
#2067=EDGE_CURVE('',#1635,#1636,#239,.T.);
#2068=EDGE_CURVE('',#1636,#1634,#240,.T.);
#2069=EDGE_CURVE('',#1633,#1635,#241,.T.);
#2070=EDGE_CURVE('',#1635,#1623,#966,.T.);
#2071=EDGE_CURVE('',#1625,#1636,#967,.T.);
#2072=EDGE_CURVE('',#1637,#1638,#32,.F.);
#2073=EDGE_CURVE('',#1637,#1622,#968,.T.);
#2074=EDGE_CURVE('',#1623,#1639,#969,.T.);
#2075=EDGE_CURVE('',#1639,#1638,#273,.T.);
#2076=EDGE_CURVE('',#1620,#1612,#242,.T.);
#2077=EDGE_CURVE('',#1611,#1621,#243,.T.);
#2078=EDGE_CURVE('',#1609,#1640,#970,.T.);
#2079=EDGE_CURVE('',#1641,#1640,#244,.T.);
#2080=EDGE_CURVE('',#1641,#1610,#971,.T.);
#2081=EDGE_CURVE('',#1608,#1642,#972,.T.);
#2082=EDGE_CURVE('',#1643,#1642,#245,.T.);
#2083=EDGE_CURVE('',#1643,#1609,#973,.T.);
#2084=EDGE_CURVE('',#1644,#1612,#974,.T.);
#2085=EDGE_CURVE('',#1642,#1644,#975,.T.);
#2086=EDGE_CURVE('',#1620,#1645,#976,.T.);
#2087=EDGE_CURVE('',#1646,#1645,#33,.T.);
#2088=EDGE_CURVE('',#1646,#1644,#274,.T.);
#2089=EDGE_CURVE('',#1647,#1617,#977,.T.);
#2090=EDGE_CURVE('',#1645,#1647,#27,.T.);
#2091=EDGE_CURVE('',#1648,#1637,#28,.T.);
#2092=EDGE_CURVE('',#1649,#1648,#978,.T.);
#2093=EDGE_CURVE('',#1649,#1619,#29,.F.);
#2094=EDGE_CURVE('',#1649,#1650,#979,.T.);
#2095=EDGE_CURVE('',#1650,#1651,#275,.T.);
#2096=EDGE_CURVE('',#1651,#1618,#980,.T.);
#2097=EDGE_CURVE('',#1652,#1648,#981,.T.);
#2098=EDGE_CURVE('',#1652,#1650,#982,.T.);
#2099=EDGE_CURVE('',#1638,#1653,#983,.T.);
#2100=EDGE_CURVE('',#1653,#1652,#276,.T.);
#2101=EDGE_CURVE('',#1639,#1654,#984,.T.);
#2102=EDGE_CURVE('',#1655,#1654,#985,.T.);
#2103=EDGE_CURVE('',#1655,#1653,#986,.T.);
#2104=EDGE_CURVE('',#1647,#1656,#987,.T.);
#2105=EDGE_CURVE('',#1656,#1657,#277,.T.);
#2106=EDGE_CURVE('',#1657,#1646,#988,.T.);
#2107=EDGE_CURVE('',#1651,#1656,#989,.T.);
#2108=EDGE_CURVE('',#1658,#1659,#34,.T.);
#2109=EDGE_CURVE('',#1659,#1660,#990,.T.);
#2110=EDGE_CURVE('',#1660,#1655,#278,.T.);
#2111=EDGE_CURVE('',#1654,#1658,#30,.T.);
#2112=EDGE_CURVE('',#1661,#1660,#991,.T.);
#2113=EDGE_CURVE('',#1662,#1661,#246,.T.);
#2114=EDGE_CURVE('',#1663,#1662,#992,.T.);
#2115=EDGE_CURVE('',#1664,#1663,#993,.T.);
#2116=EDGE_CURVE('',#1664,#1665,#247,.T.);
#2117=EDGE_CURVE('',#1665,#1666,#248,.T.);
#2118=EDGE_CURVE('',#1667,#1666,#994,.T.);
#2119=EDGE_CURVE('',#1668,#1667,#995,.T.);
#2120=EDGE_CURVE('',#1669,#1668,#249,.T.);
#2121=EDGE_CURVE('',#1670,#1669,#996,.T.);
#2122=EDGE_CURVE('',#1671,#1670,#250,.T.);
#2123=EDGE_CURVE('',#1657,#1671,#997,.T.);
#2124=EDGE_CURVE('',#1672,#1673,#251,.T.);
#2125=EDGE_CURVE('',#1674,#1672,#998,.T.);
#2126=EDGE_CURVE('',#1675,#1674,#35,.T.);
#2127=EDGE_CURVE('',#1673,#1675,#999,.T.);
#2128=EDGE_CURVE('',#1676,#1677,#252,.T.);
#2129=EDGE_CURVE('',#1678,#1676,#1000,.T.);
#2130=EDGE_CURVE('',#1679,#1678,#36,.T.);
#2131=EDGE_CURVE('',#1677,#1679,#1001,.T.);
#2132=EDGE_CURVE('',#1680,#1659,#279,.T.);
#2133=EDGE_CURVE('',#1680,#1681,#1002,.T.);
#2134=EDGE_CURVE('',#1681,#1661,#1003,.T.);
#2135=EDGE_CURVE('',#1633,#1680,#1004,.T.);
#2136=EDGE_CURVE('',#1658,#1635,#1005,.T.);
#2137=EDGE_CURVE('',#1682,#1641,#253,.T.);
#2138=EDGE_CURVE('',#1683,#1682,#1006,.T.);
#2139=EDGE_CURVE('',#1684,#1683,#1007,.T.);
#2140=EDGE_CURVE('',#1630,#1684,#1008,.T.);
#2141=EDGE_CURVE('',#1685,#1686,#254,.T.);
#2142=EDGE_CURVE('',#1687,#1685,#1009,.T.);
#2143=EDGE_CURVE('',#1688,#1687,#37,.T.);
#2144=EDGE_CURVE('',#1686,#1688,#1010,.T.);
#2145=EDGE_CURVE('',#1689,#1690,#1011,.T.);
#2146=EDGE_CURVE('',#1691,#1689,#255,.T.);
#2147=EDGE_CURVE('',#1692,#1691,#1012,.T.);
#2148=EDGE_CURVE('',#1690,#1692,#38,.T.);
#2149=EDGE_CURVE('',#1681,#1631,#1013,.T.);
#2150=EDGE_CURVE('',#1693,#1684,#1014,.T.);
#2151=EDGE_CURVE('',#1694,#1693,#280,.T.);
#2152=EDGE_CURVE('',#1694,#1695,#1015,.T.);
#2153=EDGE_CURVE('',#1626,#1695,#281,.T.);
#2154=EDGE_CURVE('',#1696,#1627,#1016,.T.);
#2155=EDGE_CURVE('',#1697,#1696,#1017,.T.);
#2156=EDGE_CURVE('',#1628,#1697,#1018,.T.);
#2157=EDGE_CURVE('',#1695,#1698,#1019,.T.);
#2158=EDGE_CURVE('',#1698,#1699,#282,.T.);
#2159=EDGE_CURVE('',#1696,#1699,#283,.T.);
#2160=EDGE_CURVE('',#1681,#1697,#256,.T.);
#2161=EDGE_CURVE('',#1700,#1701,#284,.T.);
#2162=EDGE_CURVE('',#1701,#1702,#1020,.T.);
#2163=EDGE_CURVE('',#1702,#1668,#1021,.T.);
#2164=EDGE_CURVE('',#1667,#1700,#1022,.T.);
#2165=EDGE_CURVE('',#1702,#1703,#257,.T.);
#2166=EDGE_CURVE('',#1703,#1669,#1023,.T.);
#2167=EDGE_CURVE('',#1703,#1643,#1024,.T.);
#2168=EDGE_CURVE('',#1643,#1670,#1025,.T.);
#2169=EDGE_CURVE('',#1642,#1671,#1026,.T.);
#2170=EDGE_CURVE('',#1697,#1662,#1027,.T.);
#2171=EDGE_CURVE('',#1699,#1663,#1028,.T.);
#2172=EDGE_CURVE('',#1640,#1703,#1029,.T.);
#2173=EDGE_CURVE('',#1702,#1704,#1030,.T.);
#2174=EDGE_CURVE('',#1640,#1704,#258,.T.);
#2175=EDGE_CURVE('',#1705,#1701,#1031,.T.);
#2176=EDGE_CURVE('',#1704,#1705,#1032,.T.);
#2177=EDGE_CURVE('',#1700,#1706,#285,.T.);
#2178=EDGE_CURVE('',#1706,#1707,#1033,.T.);
#2179=EDGE_CURVE('',#1707,#1708,#286,.T.);
#2180=EDGE_CURVE('',#1705,#1708,#287,.T.);
#2181=EDGE_CURVE('',#1666,#1709,#1034,.T.);
#2182=EDGE_CURVE('',#1710,#1709,#1035,.T.);
#2183=EDGE_CURVE('',#1711,#1710,#288,.T.);
#2184=EDGE_CURVE('',#1711,#1706,#1036,.T.);
#2185=EDGE_CURVE('',#1708,#1683,#289,.T.);
#2186=EDGE_CURVE('',#1682,#1704,#259,.T.);
#2187=EDGE_CURVE('',#1707,#1712,#1037,.T.);
#2188=EDGE_CURVE('',#1693,#1712,#290,.T.);
#2189=EDGE_CURVE('',#1712,#1711,#1038,.T.);
#2190=EDGE_CURVE('',#1698,#1713,#1039,.T.);
#2191=EDGE_CURVE('',#1710,#1713,#291,.T.);
#2192=EDGE_CURVE('',#1709,#1664,#1040,.T.);
#2193=EDGE_CURVE('',#1713,#1694,#1041,.T.);
#2194=EDGE_CURVE('',#1714,#1686,#1042,.T.);
#2195=EDGE_CURVE('',#1688,#1715,#1043,.T.);
#2196=EDGE_CURVE('',#1715,#1714,#1044,.T.);
#2197=EDGE_CURVE('',#1716,#1685,#1045,.T.);
#2198=EDGE_CURVE('',#1714,#1716,#260,.T.);
#2199=EDGE_CURVE('',#1717,#1687,#1046,.T.);
#2200=EDGE_CURVE('',#1716,#1717,#1047,.T.);
#2201=EDGE_CURVE('',#1717,#1715,#39,.T.);
#2202=EDGE_CURVE('',#1714,#1718,#1048,.T.);
#2203=EDGE_CURVE('',#1719,#1718,#261,.T.);
#2204=EDGE_CURVE('',#1716,#1719,#1049,.T.);
#2205=EDGE_CURVE('',#1715,#1720,#1050,.T.);
#2206=EDGE_CURVE('',#1718,#1720,#1051,.T.);
#2207=EDGE_CURVE('',#1721,#1689,#1052,.T.);
#2208=EDGE_CURVE('',#1690,#1722,#1053,.T.);
#2209=EDGE_CURVE('',#1722,#1721,#1054,.T.);
#2210=EDGE_CURVE('',#1723,#1691,#1055,.T.);
#2211=EDGE_CURVE('',#1721,#1723,#262,.T.);
#2212=EDGE_CURVE('',#1724,#1692,#1056,.T.);
#2213=EDGE_CURVE('',#1723,#1724,#1057,.T.);
#2214=EDGE_CURVE('',#1724,#1722,#40,.T.);
#2215=EDGE_CURVE('',#1721,#1725,#1058,.T.);
#2216=EDGE_CURVE('',#1726,#1725,#263,.T.);
#2217=EDGE_CURVE('',#1723,#1726,#1059,.T.);
#2218=EDGE_CURVE('',#1722,#1727,#1060,.T.);
#2219=EDGE_CURVE('',#1725,#1727,#1061,.T.);
#2220=EDGE_CURVE('',#1666,#1664,#264,.T.);
#2221=EDGE_CURVE('',#1665,#1728,#1062,.T.);
#2222=EDGE_CURVE('',#1729,#1719,#1063,.T.);
#2223=EDGE_CURVE('',#1717,#1729,#1064,.T.);
#2224=EDGE_CURVE('',#1720,#1729,#41,.T.);
#2225=EDGE_CURVE('',#1724,#1730,#1065,.T.);
#2226=EDGE_CURVE('',#1727,#1730,#42,.T.);
#2227=EDGE_CURVE('',#1730,#1726,#1066,.T.);
#2228=EDGE_CURVE('',#1673,#1726,#1067,.T.);
#2229=EDGE_CURVE('',#1675,#1730,#1068,.T.);
#2230=EDGE_CURVE('',#1674,#1727,#1069,.T.);
#2231=EDGE_CURVE('',#1725,#1672,#1070,.T.);
#2232=EDGE_CURVE('',#1678,#1720,#1071,.T.);
#2233=EDGE_CURVE('',#1718,#1676,#1072,.T.);
#2234=EDGE_CURVE('',#1719,#1677,#1073,.T.);
#2235=EDGE_CURVE('',#1729,#1679,#1074,.T.);
#2236=ORIENTED_EDGE('',*,*,#1731,.F.);
#2237=ORIENTED_EDGE('',*,*,#1732,.T.);
#2238=ORIENTED_EDGE('',*,*,#1733,.T.);
#2239=ORIENTED_EDGE('',*,*,#1734,.F.);
#2240=ORIENTED_EDGE('',*,*,#1735,.F.);
#2241=ORIENTED_EDGE('',*,*,#1736,.F.);
#2242=ORIENTED_EDGE('',*,*,#1737,.F.);
#2243=ORIENTED_EDGE('',*,*,#1738,.F.);
#2244=ORIENTED_EDGE('',*,*,#1739,.F.);
#2245=ORIENTED_EDGE('',*,*,#1740,.F.);
#2246=ORIENTED_EDGE('',*,*,#1741,.F.);
#2247=ORIENTED_EDGE('',*,*,#1742,.F.);
#2248=ORIENTED_EDGE('',*,*,#1743,.F.);
#2249=ORIENTED_EDGE('',*,*,#1744,.F.);
#2250=ORIENTED_EDGE('',*,*,#1745,.F.);
#2251=ORIENTED_EDGE('',*,*,#1746,.F.);
#2252=ORIENTED_EDGE('',*,*,#1747,.F.);
#2253=ORIENTED_EDGE('',*,*,#1748,.F.);
#2254=ORIENTED_EDGE('',*,*,#1749,.F.);
#2255=ORIENTED_EDGE('',*,*,#1750,.F.);
#2256=ORIENTED_EDGE('',*,*,#1751,.F.);
#2257=ORIENTED_EDGE('',*,*,#1752,.F.);
#2258=ORIENTED_EDGE('',*,*,#1753,.T.);
#2259=ORIENTED_EDGE('',*,*,#1754,.T.);
#2260=ORIENTED_EDGE('',*,*,#1755,.F.);
#2261=ORIENTED_EDGE('',*,*,#1736,.T.);
#2262=ORIENTED_EDGE('',*,*,#1756,.F.);
#2263=ORIENTED_EDGE('',*,*,#1757,.T.);
#2264=ORIENTED_EDGE('',*,*,#1758,.T.);
#2265=ORIENTED_EDGE('',*,*,#1753,.F.);
#2266=ORIENTED_EDGE('',*,*,#1759,.F.);
#2267=ORIENTED_EDGE('',*,*,#1760,.T.);
#2268=ORIENTED_EDGE('',*,*,#1761,.T.);
#2269=ORIENTED_EDGE('',*,*,#1748,.T.);
#2270=ORIENTED_EDGE('',*,*,#1762,.T.);
#2271=ORIENTED_EDGE('',*,*,#1763,.F.);
#2272=ORIENTED_EDGE('',*,*,#1746,.T.);
#2273=ORIENTED_EDGE('',*,*,#1764,.F.);
#2274=ORIENTED_EDGE('',*,*,#1765,.F.);
#2275=ORIENTED_EDGE('',*,*,#1766,.F.);
#2276=ORIENTED_EDGE('',*,*,#1735,.T.);
#2277=ORIENTED_EDGE('',*,*,#1767,.T.);
#2278=ORIENTED_EDGE('',*,*,#1768,.T.);
#2279=ORIENTED_EDGE('',*,*,#1764,.T.);
#2280=ORIENTED_EDGE('',*,*,#1769,.T.);
#2281=ORIENTED_EDGE('',*,*,#1770,.T.);
#2282=ORIENTED_EDGE('',*,*,#1749,.T.);
#2283=ORIENTED_EDGE('',*,*,#1761,.F.);
#2284=ORIENTED_EDGE('',*,*,#1771,.T.);
#2285=ORIENTED_EDGE('',*,*,#1731,.T.);
#2286=ORIENTED_EDGE('',*,*,#1772,.T.);
#2287=ORIENTED_EDGE('',*,*,#1756,.T.);
#2288=ORIENTED_EDGE('',*,*,#1752,.T.);
#2289=ORIENTED_EDGE('',*,*,#1771,.F.);
#2290=ORIENTED_EDGE('',*,*,#1773,.F.);
#2291=ORIENTED_EDGE('',*,*,#1774,.F.);
#2292=ORIENTED_EDGE('',*,*,#1775,.F.);
#2293=ORIENTED_EDGE('',*,*,#1776,.F.);
#2294=ORIENTED_EDGE('',*,*,#1777,.F.);
#2295=ORIENTED_EDGE('',*,*,#1778,.F.);
#2296=ORIENTED_EDGE('',*,*,#1779,.F.);
#2297=ORIENTED_EDGE('',*,*,#1780,.F.);
#2298=ORIENTED_EDGE('',*,*,#1781,.F.);
#2299=ORIENTED_EDGE('',*,*,#1782,.F.);
#2300=ORIENTED_EDGE('',*,*,#1783,.F.);
#2301=ORIENTED_EDGE('',*,*,#1768,.F.);
#2302=ORIENTED_EDGE('',*,*,#1784,.F.);
#2303=ORIENTED_EDGE('',*,*,#1785,.F.);
#2304=ORIENTED_EDGE('',*,*,#1765,.T.);
#2305=ORIENTED_EDGE('',*,*,#1786,.T.);
#2306=ORIENTED_EDGE('',*,*,#1787,.T.);
#2307=ORIENTED_EDGE('',*,*,#1775,.T.);
#2308=ORIENTED_EDGE('',*,*,#1788,.T.);
#2309=ORIENTED_EDGE('',*,*,#1789,.T.);
#2310=ORIENTED_EDGE('',*,*,#1790,.F.);
#2311=ORIENTED_EDGE('',*,*,#1791,.T.);
#2312=ORIENTED_EDGE('',*,*,#1787,.F.);
#2313=ORIENTED_EDGE('',*,*,#1792,.T.);
#2314=ORIENTED_EDGE('',*,*,#1793,.F.);
#2315=ORIENTED_EDGE('',*,*,#1794,.T.);
#2316=ORIENTED_EDGE('',*,*,#1788,.F.);
#2317=ORIENTED_EDGE('',*,*,#1789,.F.);
#2318=ORIENTED_EDGE('',*,*,#1786,.F.);
#2319=ORIENTED_EDGE('',*,*,#1794,.F.);
#2320=ORIENTED_EDGE('',*,*,#1795,.F.);
#2321=ORIENTED_EDGE('',*,*,#1796,.F.);
#2322=ORIENTED_EDGE('',*,*,#1797,.F.);
#2323=ORIENTED_EDGE('',*,*,#1798,.F.);
#2324=ORIENTED_EDGE('',*,*,#1799,.F.);
#2325=ORIENTED_EDGE('',*,*,#1800,.F.);
#2326=ORIENTED_EDGE('',*,*,#1801,.F.);
#2327=ORIENTED_EDGE('',*,*,#1802,.F.);
#2328=ORIENTED_EDGE('',*,*,#1803,.F.);
#2329=ORIENTED_EDGE('',*,*,#1769,.F.);
#2330=ORIENTED_EDGE('',*,*,#1766,.T.);
#2331=ORIENTED_EDGE('',*,*,#1785,.T.);
#2332=ORIENTED_EDGE('',*,*,#1804,.F.);
#2333=ORIENTED_EDGE('',*,*,#1770,.F.);
#2334=ORIENTED_EDGE('',*,*,#1804,.T.);
#2335=ORIENTED_EDGE('',*,*,#1805,.F.);
#2336=ORIENTED_EDGE('',*,*,#1750,.T.);
#2337=ORIENTED_EDGE('',*,*,#1767,.F.);
#2338=ORIENTED_EDGE('',*,*,#1751,.T.);
#2339=ORIENTED_EDGE('',*,*,#1805,.T.);
#2340=ORIENTED_EDGE('',*,*,#1784,.T.);
#2341=ORIENTED_EDGE('',*,*,#1759,.T.);
#2342=ORIENTED_EDGE('',*,*,#1745,.T.);
#2343=ORIENTED_EDGE('',*,*,#1806,.T.);
#2344=ORIENTED_EDGE('',*,*,#1807,.T.);
#2345=ORIENTED_EDGE('',*,*,#1808,.F.);
#2346=ORIENTED_EDGE('',*,*,#1754,.F.);
#2347=ORIENTED_EDGE('',*,*,#1758,.F.);
#2348=ORIENTED_EDGE('',*,*,#1809,.T.);
#2349=ORIENTED_EDGE('',*,*,#1734,.T.);
#2350=ORIENTED_EDGE('',*,*,#1810,.T.);
#2351=ORIENTED_EDGE('',*,*,#1732,.F.);
#2352=ORIENTED_EDGE('',*,*,#1783,.T.);
#2353=ORIENTED_EDGE('',*,*,#1811,.F.);
#2354=ORIENTED_EDGE('',*,*,#1812,.F.);
#2355=ORIENTED_EDGE('',*,*,#1733,.F.);
#2356=ORIENTED_EDGE('',*,*,#1812,.T.);
#2357=ORIENTED_EDGE('',*,*,#1813,.F.);
#2358=ORIENTED_EDGE('',*,*,#1814,.F.);
#2359=ORIENTED_EDGE('',*,*,#1815,.F.);
#2360=ORIENTED_EDGE('',*,*,#1810,.F.);
#2361=ORIENTED_EDGE('',*,*,#1816,.F.);
#2362=ORIENTED_EDGE('',*,*,#1813,.T.);
#2363=ORIENTED_EDGE('',*,*,#1811,.T.);
#2364=ORIENTED_EDGE('',*,*,#1782,.T.);
#2365=ORIENTED_EDGE('',*,*,#1817,.F.);
#2366=ORIENTED_EDGE('',*,*,#1772,.F.);
#2367=ORIENTED_EDGE('',*,*,#1809,.F.);
#2368=ORIENTED_EDGE('',*,*,#1757,.F.);
#2369=ORIENTED_EDGE('',*,*,#1814,.T.);
#2370=ORIENTED_EDGE('',*,*,#1816,.T.);
#2371=ORIENTED_EDGE('',*,*,#1818,.F.);
#2372=ORIENTED_EDGE('',*,*,#1819,.T.);
#2373=ORIENTED_EDGE('',*,*,#1820,.F.);
#2374=ORIENTED_EDGE('',*,*,#1821,.T.);
#2375=ORIENTED_EDGE('',*,*,#1777,.T.);
#2376=ORIENTED_EDGE('',*,*,#1822,.T.);
#2377=ORIENTED_EDGE('',*,*,#1823,.F.);
#2378=ORIENTED_EDGE('',*,*,#1824,.F.);
#2379=ORIENTED_EDGE('',*,*,#1825,.F.);
#2380=ORIENTED_EDGE('',*,*,#1826,.F.);
#2381=ORIENTED_EDGE('',*,*,#1827,.F.);
#2382=ORIENTED_EDGE('',*,*,#1828,.F.);
#2383=ORIENTED_EDGE('',*,*,#1817,.T.);
#2384=ORIENTED_EDGE('',*,*,#1781,.T.);
#2385=ORIENTED_EDGE('',*,*,#1829,.T.);
#2386=ORIENTED_EDGE('',*,*,#1818,.T.);
#2387=ORIENTED_EDGE('',*,*,#1793,.T.);
#2388=ORIENTED_EDGE('',*,*,#1830,.T.);
#2389=ORIENTED_EDGE('',*,*,#1831,.F.);
#2390=ORIENTED_EDGE('',*,*,#1795,.T.);
#2391=ORIENTED_EDGE('',*,*,#1790,.T.);
#2392=ORIENTED_EDGE('',*,*,#1803,.T.);
#2393=ORIENTED_EDGE('',*,*,#1832,.F.);
#2394=ORIENTED_EDGE('',*,*,#1824,.T.);
#2395=ORIENTED_EDGE('',*,*,#1791,.F.);
#2396=ORIENTED_EDGE('',*,*,#1823,.T.);
#2397=ORIENTED_EDGE('',*,*,#1822,.F.);
#2398=ORIENTED_EDGE('',*,*,#1776,.T.);
#2399=ORIENTED_EDGE('',*,*,#1792,.F.);
#2400=ORIENTED_EDGE('',*,*,#1774,.T.);
#2401=ORIENTED_EDGE('',*,*,#1833,.F.);
#2402=ORIENTED_EDGE('',*,*,#1834,.F.);
#2403=ORIENTED_EDGE('',*,*,#1807,.F.);
#2404=ORIENTED_EDGE('',*,*,#1835,.F.);
#2405=ORIENTED_EDGE('',*,*,#1836,.F.);
#2406=ORIENTED_EDGE('',*,*,#1837,.F.);
#2407=ORIENTED_EDGE('',*,*,#1838,.F.);
#2408=ORIENTED_EDGE('',*,*,#1839,.F.);
#2409=ORIENTED_EDGE('',*,*,#1840,.F.);
#2410=ORIENTED_EDGE('',*,*,#1841,.F.);
#2411=ORIENTED_EDGE('',*,*,#1830,.F.);
#2412=ORIENTED_EDGE('',*,*,#1834,.T.);
#2413=ORIENTED_EDGE('',*,*,#1833,.T.);
#2414=ORIENTED_EDGE('',*,*,#1773,.T.);
#2415=ORIENTED_EDGE('',*,*,#1760,.F.);
#2416=ORIENTED_EDGE('',*,*,#1842,.F.);
#2417=ORIENTED_EDGE('',*,*,#1843,.F.);
#2418=ORIENTED_EDGE('',*,*,#1844,.F.);
#2419=ORIENTED_EDGE('',*,*,#1845,.F.);
#2420=ORIENTED_EDGE('',*,*,#1780,.T.);
#2421=ORIENTED_EDGE('',*,*,#1846,.F.);
#2422=ORIENTED_EDGE('',*,*,#1819,.F.);
#2423=ORIENTED_EDGE('',*,*,#1829,.F.);
#2424=ORIENTED_EDGE('',*,*,#1779,.T.);
#2425=ORIENTED_EDGE('',*,*,#1847,.T.);
#2426=ORIENTED_EDGE('',*,*,#1820,.T.);
#2427=ORIENTED_EDGE('',*,*,#1846,.T.);
#2428=ORIENTED_EDGE('',*,*,#1848,.F.);
#2429=ORIENTED_EDGE('',*,*,#1849,.T.);
#2430=ORIENTED_EDGE('',*,*,#1850,.F.);
#2431=ORIENTED_EDGE('',*,*,#1851,.F.);
#2432=ORIENTED_EDGE('',*,*,#1852,.F.);
#2433=ORIENTED_EDGE('',*,*,#1853,.F.);
#2434=ORIENTED_EDGE('',*,*,#1854,.F.);
#2435=ORIENTED_EDGE('',*,*,#1855,.F.);
#2436=ORIENTED_EDGE('',*,*,#1856,.F.);
#2437=ORIENTED_EDGE('',*,*,#1857,.F.);
#2438=ORIENTED_EDGE('',*,*,#1858,.F.);
#2439=ORIENTED_EDGE('',*,*,#1859,.F.);
#2440=ORIENTED_EDGE('',*,*,#1860,.F.);
#2441=ORIENTED_EDGE('',*,*,#1861,.T.);
#2442=ORIENTED_EDGE('',*,*,#1862,.F.);
#2443=ORIENTED_EDGE('',*,*,#1849,.F.);
#2444=ORIENTED_EDGE('',*,*,#1863,.F.);
#2445=ORIENTED_EDGE('',*,*,#1864,.T.);
#2446=ORIENTED_EDGE('',*,*,#1865,.F.);
#2447=ORIENTED_EDGE('',*,*,#1857,.T.);
#2448=ORIENTED_EDGE('',*,*,#1865,.T.);
#2449=ORIENTED_EDGE('',*,*,#1866,.T.);
#2450=ORIENTED_EDGE('',*,*,#1867,.F.);
#2451=ORIENTED_EDGE('',*,*,#1858,.T.);
#2452=ORIENTED_EDGE('',*,*,#1867,.T.);
#2453=ORIENTED_EDGE('',*,*,#1850,.T.);
#2454=ORIENTED_EDGE('',*,*,#1868,.F.);
#2455=ORIENTED_EDGE('',*,*,#1859,.T.);
#2456=ORIENTED_EDGE('',*,*,#1868,.T.);
#2457=ORIENTED_EDGE('',*,*,#1862,.T.);
#2458=ORIENTED_EDGE('',*,*,#1863,.T.);
#2459=ORIENTED_EDGE('',*,*,#1856,.T.);
#2460=ORIENTED_EDGE('',*,*,#1869,.F.);
#2461=ORIENTED_EDGE('',*,*,#1845,.T.);
#2462=ORIENTED_EDGE('',*,*,#1870,.F.);
#2463=ORIENTED_EDGE('',*,*,#1855,.T.);
#2464=ORIENTED_EDGE('',*,*,#1870,.T.);
#2465=ORIENTED_EDGE('',*,*,#1844,.T.);
#2466=ORIENTED_EDGE('',*,*,#1871,.F.);
#2467=ORIENTED_EDGE('',*,*,#1852,.T.);
#2468=ORIENTED_EDGE('',*,*,#1871,.T.);
#2469=ORIENTED_EDGE('',*,*,#1843,.T.);
#2470=ORIENTED_EDGE('',*,*,#1872,.F.);
#2471=ORIENTED_EDGE('',*,*,#1853,.T.);
#2472=ORIENTED_EDGE('',*,*,#1872,.T.);
#2473=ORIENTED_EDGE('',*,*,#1842,.T.);
#2474=ORIENTED_EDGE('',*,*,#1869,.T.);
#2475=ORIENTED_EDGE('',*,*,#1854,.T.);
#2476=ORIENTED_EDGE('',*,*,#1873,.T.);
#2477=ORIENTED_EDGE('',*,*,#1874,.T.);
#2478=ORIENTED_EDGE('',*,*,#1875,.T.);
#2479=ORIENTED_EDGE('',*,*,#1874,.F.);
#2480=ORIENTED_EDGE('',*,*,#1876,.F.);
#2481=ORIENTED_EDGE('',*,*,#1877,.F.);
#2482=ORIENTED_EDGE('',*,*,#1878,.F.);
#2483=ORIENTED_EDGE('',*,*,#1879,.F.);
#2484=ORIENTED_EDGE('',*,*,#1880,.F.);
#2485=ORIENTED_EDGE('',*,*,#1881,.F.);
#2486=ORIENTED_EDGE('',*,*,#1882,.F.);
#2487=ORIENTED_EDGE('',*,*,#1883,.F.);
#2488=ORIENTED_EDGE('',*,*,#1884,.F.);
#2489=ORIENTED_EDGE('',*,*,#1885,.F.);
#2490=ORIENTED_EDGE('',*,*,#1875,.F.);
#2491=ORIENTED_EDGE('',*,*,#1886,.F.);
#2492=ORIENTED_EDGE('',*,*,#1887,.F.);
#2493=ORIENTED_EDGE('',*,*,#1888,.F.);
#2494=ORIENTED_EDGE('',*,*,#1889,.F.);
#2495=ORIENTED_EDGE('',*,*,#1890,.F.);
#2496=ORIENTED_EDGE('',*,*,#1891,.T.);
#2497=ORIENTED_EDGE('',*,*,#1892,.F.);
#2498=ORIENTED_EDGE('',*,*,#1744,.T.);
#2499=ORIENTED_EDGE('',*,*,#1893,.F.);
#2500=ORIENTED_EDGE('',*,*,#1894,.F.);
#2501=ORIENTED_EDGE('',*,*,#1895,.F.);
#2502=ORIENTED_EDGE('',*,*,#1891,.F.);
#2503=ORIENTED_EDGE('',*,*,#1896,.F.);
#2504=ORIENTED_EDGE('',*,*,#1889,.T.);
#2505=ORIENTED_EDGE('',*,*,#1897,.F.);
#2506=ORIENTED_EDGE('',*,*,#1894,.T.);
#2507=ORIENTED_EDGE('',*,*,#1898,.F.);
#2508=ORIENTED_EDGE('',*,*,#1899,.T.);
#2509=ORIENTED_EDGE('',*,*,#1900,.F.);
#2510=ORIENTED_EDGE('',*,*,#1887,.T.);
#2511=ORIENTED_EDGE('',*,*,#1901,.F.);
#2512=ORIENTED_EDGE('',*,*,#1902,.F.);
#2513=ORIENTED_EDGE('',*,*,#1903,.F.);
#2514=ORIENTED_EDGE('',*,*,#1899,.F.);
#2515=ORIENTED_EDGE('',*,*,#1904,.F.);
#2516=ORIENTED_EDGE('',*,*,#1796,.T.);
#2517=ORIENTED_EDGE('',*,*,#1905,.F.);
#2518=ORIENTED_EDGE('',*,*,#1902,.T.);
#2519=ORIENTED_EDGE('',*,*,#1799,.T.);
#2520=ORIENTED_EDGE('',*,*,#1906,.F.);
#2521=ORIENTED_EDGE('',*,*,#1878,.T.);
#2522=ORIENTED_EDGE('',*,*,#1907,.F.);
#2523=ORIENTED_EDGE('',*,*,#1906,.T.);
#2524=ORIENTED_EDGE('',*,*,#1908,.T.);
#2525=ORIENTED_EDGE('',*,*,#1909,.F.);
#2526=ORIENTED_EDGE('',*,*,#1879,.T.);
#2527=ORIENTED_EDGE('',*,*,#1909,.T.);
#2528=ORIENTED_EDGE('',*,*,#1910,.T.);
#2529=ORIENTED_EDGE('',*,*,#1911,.F.);
#2530=ORIENTED_EDGE('',*,*,#1880,.T.);
#2531=ORIENTED_EDGE('',*,*,#1911,.T.);
#2532=ORIENTED_EDGE('',*,*,#1912,.T.);
#2533=ORIENTED_EDGE('',*,*,#1913,.F.);
#2534=ORIENTED_EDGE('',*,*,#1881,.T.);
#2535=ORIENTED_EDGE('',*,*,#1913,.T.);
#2536=ORIENTED_EDGE('',*,*,#1914,.T.);
#2537=ORIENTED_EDGE('',*,*,#1915,.F.);
#2538=ORIENTED_EDGE('',*,*,#1882,.T.);
#2539=ORIENTED_EDGE('',*,*,#1915,.T.);
#2540=ORIENTED_EDGE('',*,*,#1916,.T.);
#2541=ORIENTED_EDGE('',*,*,#1917,.F.);
#2542=ORIENTED_EDGE('',*,*,#1883,.T.);
#2543=ORIENTED_EDGE('',*,*,#1917,.T.);
#2544=ORIENTED_EDGE('',*,*,#1918,.T.);
#2545=ORIENTED_EDGE('',*,*,#1919,.F.);
#2546=ORIENTED_EDGE('',*,*,#1884,.T.);
#2547=ORIENTED_EDGE('',*,*,#1919,.T.);
#2548=ORIENTED_EDGE('',*,*,#1920,.T.);
#2549=ORIENTED_EDGE('',*,*,#1921,.F.);
#2550=ORIENTED_EDGE('',*,*,#1885,.T.);
#2551=ORIENTED_EDGE('',*,*,#1922,.F.);
#2552=ORIENTED_EDGE('',*,*,#1905,.T.);
#2553=ORIENTED_EDGE('',*,*,#1831,.T.);
#2554=ORIENTED_EDGE('',*,*,#1841,.T.);
#2555=ORIENTED_EDGE('',*,*,#1923,.F.);
#2556=ORIENTED_EDGE('',*,*,#1903,.T.);
#2557=ORIENTED_EDGE('',*,*,#1922,.T.);
#2558=ORIENTED_EDGE('',*,*,#1840,.T.);
#2559=ORIENTED_EDGE('',*,*,#1924,.F.);
#2560=ORIENTED_EDGE('',*,*,#1900,.T.);
#2561=ORIENTED_EDGE('',*,*,#1923,.T.);
#2562=ORIENTED_EDGE('',*,*,#1839,.T.);
#2563=ORIENTED_EDGE('',*,*,#1925,.F.);
#2564=ORIENTED_EDGE('',*,*,#1888,.T.);
#2565=ORIENTED_EDGE('',*,*,#1924,.T.);
#2566=ORIENTED_EDGE('',*,*,#1838,.T.);
#2567=ORIENTED_EDGE('',*,*,#1926,.F.);
#2568=ORIENTED_EDGE('',*,*,#1897,.T.);
#2569=ORIENTED_EDGE('',*,*,#1925,.T.);
#2570=ORIENTED_EDGE('',*,*,#1837,.T.);
#2571=ORIENTED_EDGE('',*,*,#1927,.F.);
#2572=ORIENTED_EDGE('',*,*,#1895,.T.);
#2573=ORIENTED_EDGE('',*,*,#1926,.T.);
#2574=ORIENTED_EDGE('',*,*,#1836,.T.);
#2575=ORIENTED_EDGE('',*,*,#1806,.F.);
#2576=ORIENTED_EDGE('',*,*,#1892,.T.);
#2577=ORIENTED_EDGE('',*,*,#1927,.T.);
#2578=ORIENTED_EDGE('',*,*,#1835,.T.);
#2579=ORIENTED_EDGE('',*,*,#1763,.T.);
#2580=ORIENTED_EDGE('',*,*,#1762,.F.);
#2581=ORIENTED_EDGE('',*,*,#1747,.T.);
#2582=ORIENTED_EDGE('',*,*,#1876,.T.);
#2583=ORIENTED_EDGE('',*,*,#1921,.T.);
#2584=ORIENTED_EDGE('',*,*,#1741,.T.);
#2585=ORIENTED_EDGE('',*,*,#1928,.T.);
#2586=ORIENTED_EDGE('',*,*,#1929,.F.);
#2587=ORIENTED_EDGE('',*,*,#1742,.T.);
#2588=ORIENTED_EDGE('',*,*,#1920,.F.);
#2589=ORIENTED_EDGE('',*,*,#1930,.T.);
#2590=ORIENTED_EDGE('',*,*,#1931,.F.);
#2591=ORIENTED_EDGE('',*,*,#1930,.F.);
#2592=ORIENTED_EDGE('',*,*,#1918,.F.);
#2593=ORIENTED_EDGE('',*,*,#1932,.F.);
#2594=ORIENTED_EDGE('',*,*,#1933,.F.);
#2595=ORIENTED_EDGE('',*,*,#1932,.T.);
#2596=ORIENTED_EDGE('',*,*,#1916,.F.);
#2597=ORIENTED_EDGE('',*,*,#1934,.T.);
#2598=ORIENTED_EDGE('',*,*,#1935,.F.);
#2599=ORIENTED_EDGE('',*,*,#1934,.F.);
#2600=ORIENTED_EDGE('',*,*,#1914,.F.);
#2601=ORIENTED_EDGE('',*,*,#1936,.F.);
#2602=ORIENTED_EDGE('',*,*,#1937,.F.);
#2603=ORIENTED_EDGE('',*,*,#1936,.T.);
#2604=ORIENTED_EDGE('',*,*,#1912,.F.);
#2605=ORIENTED_EDGE('',*,*,#1938,.T.);
#2606=ORIENTED_EDGE('',*,*,#1939,.F.);
#2607=ORIENTED_EDGE('',*,*,#1938,.F.);
#2608=ORIENTED_EDGE('',*,*,#1910,.F.);
#2609=ORIENTED_EDGE('',*,*,#1940,.F.);
#2610=ORIENTED_EDGE('',*,*,#1941,.F.);
#2611=ORIENTED_EDGE('',*,*,#1940,.T.);
#2612=ORIENTED_EDGE('',*,*,#1908,.F.);
#2613=ORIENTED_EDGE('',*,*,#1798,.T.);
#2614=ORIENTED_EDGE('',*,*,#1942,.F.);
#2615=ORIENTED_EDGE('',*,*,#1929,.T.);
#2616=ORIENTED_EDGE('',*,*,#1943,.F.);
#2617=ORIENTED_EDGE('',*,*,#1944,.T.);
#2618=ORIENTED_EDGE('',*,*,#1943,.T.);
#2619=ORIENTED_EDGE('',*,*,#1931,.T.);
#2620=ORIENTED_EDGE('',*,*,#1945,.F.);
#2621=ORIENTED_EDGE('',*,*,#1946,.T.);
#2622=ORIENTED_EDGE('',*,*,#1945,.T.);
#2623=ORIENTED_EDGE('',*,*,#1933,.T.);
#2624=ORIENTED_EDGE('',*,*,#1947,.F.);
#2625=ORIENTED_EDGE('',*,*,#1948,.T.);
#2626=ORIENTED_EDGE('',*,*,#1947,.T.);
#2627=ORIENTED_EDGE('',*,*,#1935,.T.);
#2628=ORIENTED_EDGE('',*,*,#1949,.F.);
#2629=ORIENTED_EDGE('',*,*,#1950,.T.);
#2630=ORIENTED_EDGE('',*,*,#1949,.T.);
#2631=ORIENTED_EDGE('',*,*,#1937,.T.);
#2632=ORIENTED_EDGE('',*,*,#1951,.F.);
#2633=ORIENTED_EDGE('',*,*,#1952,.T.);
#2634=ORIENTED_EDGE('',*,*,#1951,.T.);
#2635=ORIENTED_EDGE('',*,*,#1939,.T.);
#2636=ORIENTED_EDGE('',*,*,#1953,.F.);
#2637=ORIENTED_EDGE('',*,*,#1954,.T.);
#2638=ORIENTED_EDGE('',*,*,#1953,.T.);
#2639=ORIENTED_EDGE('',*,*,#1941,.T.);
#2640=ORIENTED_EDGE('',*,*,#1955,.F.);
#2641=ORIENTED_EDGE('',*,*,#1956,.T.);
#2642=ORIENTED_EDGE('',*,*,#1955,.T.);
#2643=ORIENTED_EDGE('',*,*,#1797,.T.);
#2644=ORIENTED_EDGE('',*,*,#1957,.F.);
#2645=ORIENTED_EDGE('',*,*,#1958,.T.);
#2646=ORIENTED_EDGE('',*,*,#1957,.T.);
#2647=ORIENTED_EDGE('',*,*,#1904,.T.);
#2648=ORIENTED_EDGE('',*,*,#1959,.F.);
#2649=ORIENTED_EDGE('',*,*,#1960,.T.);
#2650=ORIENTED_EDGE('',*,*,#1959,.T.);
#2651=ORIENTED_EDGE('',*,*,#1901,.T.);
#2652=ORIENTED_EDGE('',*,*,#1961,.F.);
#2653=ORIENTED_EDGE('',*,*,#1962,.T.);
#2654=ORIENTED_EDGE('',*,*,#1961,.T.);
#2655=ORIENTED_EDGE('',*,*,#1898,.T.);
#2656=ORIENTED_EDGE('',*,*,#1963,.F.);
#2657=ORIENTED_EDGE('',*,*,#1964,.T.);
#2658=ORIENTED_EDGE('',*,*,#1963,.T.);
#2659=ORIENTED_EDGE('',*,*,#1886,.T.);
#2660=ORIENTED_EDGE('',*,*,#1965,.F.);
#2661=ORIENTED_EDGE('',*,*,#1966,.T.);
#2662=ORIENTED_EDGE('',*,*,#1965,.T.);
#2663=ORIENTED_EDGE('',*,*,#1896,.T.);
#2664=ORIENTED_EDGE('',*,*,#1967,.F.);
#2665=ORIENTED_EDGE('',*,*,#1968,.T.);
#2666=ORIENTED_EDGE('',*,*,#1967,.T.);
#2667=ORIENTED_EDGE('',*,*,#1893,.T.);
#2668=ORIENTED_EDGE('',*,*,#1969,.F.);
#2669=ORIENTED_EDGE('',*,*,#1970,.T.);
#2670=ORIENTED_EDGE('',*,*,#1969,.T.);
#2671=ORIENTED_EDGE('',*,*,#1890,.T.);
#2672=ORIENTED_EDGE('',*,*,#1971,.F.);
#2673=ORIENTED_EDGE('',*,*,#1972,.T.);
#2674=ORIENTED_EDGE('',*,*,#1971,.T.);
#2675=ORIENTED_EDGE('',*,*,#1743,.T.);
#2676=ORIENTED_EDGE('',*,*,#1942,.T.);
#2677=ORIENTED_EDGE('',*,*,#1973,.T.);
#2678=ORIENTED_EDGE('',*,*,#1974,.T.);
#2679=ORIENTED_EDGE('',*,*,#1975,.T.);
#2680=ORIENTED_EDGE('',*,*,#1976,.T.);
#2681=ORIENTED_EDGE('',*,*,#1975,.F.);
#2682=ORIENTED_EDGE('',*,*,#1973,.F.);
#2683=ORIENTED_EDGE('',*,*,#1944,.F.);
#2684=ORIENTED_EDGE('',*,*,#1946,.F.);
#2685=ORIENTED_EDGE('',*,*,#1948,.F.);
#2686=ORIENTED_EDGE('',*,*,#1950,.F.);
#2687=ORIENTED_EDGE('',*,*,#1952,.F.);
#2688=ORIENTED_EDGE('',*,*,#1954,.F.);
#2689=ORIENTED_EDGE('',*,*,#1956,.F.);
#2690=ORIENTED_EDGE('',*,*,#1958,.F.);
#2691=ORIENTED_EDGE('',*,*,#1960,.F.);
#2692=ORIENTED_EDGE('',*,*,#1962,.F.);
#2693=ORIENTED_EDGE('',*,*,#1964,.F.);
#2694=ORIENTED_EDGE('',*,*,#1966,.F.);
#2695=ORIENTED_EDGE('',*,*,#1968,.F.);
#2696=ORIENTED_EDGE('',*,*,#1970,.F.);
#2697=ORIENTED_EDGE('',*,*,#1972,.F.);
#2698=ORIENTED_EDGE('',*,*,#1976,.F.);
#2699=ORIENTED_EDGE('',*,*,#1977,.F.);
#2700=ORIENTED_EDGE('',*,*,#1978,.F.);
#2701=ORIENTED_EDGE('',*,*,#1979,.F.);
#2702=ORIENTED_EDGE('',*,*,#1980,.F.);
#2703=ORIENTED_EDGE('',*,*,#1981,.F.);
#2704=ORIENTED_EDGE('',*,*,#1851,.T.);
#2705=ORIENTED_EDGE('',*,*,#1866,.F.);
#2706=ORIENTED_EDGE('',*,*,#1982,.F.);
#2707=ORIENTED_EDGE('',*,*,#1983,.F.);
#2708=ORIENTED_EDGE('',*,*,#1982,.T.);
#2709=ORIENTED_EDGE('',*,*,#1864,.F.);
#2710=ORIENTED_EDGE('',*,*,#1861,.F.);
#2711=ORIENTED_EDGE('',*,*,#1984,.F.);
#2712=ORIENTED_EDGE('',*,*,#1980,.T.);
#2713=ORIENTED_EDGE('',*,*,#1985,.F.);
#2714=ORIENTED_EDGE('',*,*,#1848,.T.);
#2715=ORIENTED_EDGE('',*,*,#1985,.T.);
#2716=ORIENTED_EDGE('',*,*,#1979,.T.);
#2717=ORIENTED_EDGE('',*,*,#1986,.F.);
#2718=ORIENTED_EDGE('',*,*,#1860,.T.);
#2719=ORIENTED_EDGE('',*,*,#1986,.T.);
#2720=ORIENTED_EDGE('',*,*,#1978,.T.);
#2721=ORIENTED_EDGE('',*,*,#1987,.F.);
#2722=ORIENTED_EDGE('',*,*,#1983,.T.);
#2723=ORIENTED_EDGE('',*,*,#1987,.T.);
#2724=ORIENTED_EDGE('',*,*,#1977,.T.);
#2725=ORIENTED_EDGE('',*,*,#1984,.T.);
#2726=ORIENTED_EDGE('',*,*,#1981,.T.);
#2727=ORIENTED_EDGE('',*,*,#1873,.F.);
#2728=ORIENTED_EDGE('',*,*,#1988,.F.);
#2729=ORIENTED_EDGE('',*,*,#1989,.F.);
#2730=ORIENTED_EDGE('',*,*,#1990,.T.);
#2731=ORIENTED_EDGE('',*,*,#1974,.F.);
#2732=ORIENTED_EDGE('',*,*,#1990,.F.);
#2733=ORIENTED_EDGE('',*,*,#1989,.T.);
#2734=ORIENTED_EDGE('',*,*,#1991,.T.);
#2735=ORIENTED_EDGE('',*,*,#1988,.T.);
#2736=ORIENTED_EDGE('',*,*,#1991,.F.);
#2737=ORIENTED_EDGE('',*,*,#1800,.T.);
#2738=ORIENTED_EDGE('',*,*,#1907,.T.);
#2739=ORIENTED_EDGE('',*,*,#1992,.T.);
#2740=ORIENTED_EDGE('',*,*,#1993,.F.);
#2741=ORIENTED_EDGE('',*,*,#1928,.F.);
#2742=ORIENTED_EDGE('',*,*,#1740,.T.);
#2743=ORIENTED_EDGE('',*,*,#1994,.F.);
#2744=ORIENTED_EDGE('',*,*,#1995,.T.);
#2745=ORIENTED_EDGE('',*,*,#1996,.T.);
#2746=ORIENTED_EDGE('',*,*,#1738,.T.);
#2747=ORIENTED_EDGE('',*,*,#1997,.T.);
#2748=ORIENTED_EDGE('',*,*,#1998,.T.);
#2749=ORIENTED_EDGE('',*,*,#1996,.F.);
#2750=ORIENTED_EDGE('',*,*,#1999,.T.);
#2751=ORIENTED_EDGE('',*,*,#2000,.T.);
#2752=ORIENTED_EDGE('',*,*,#1739,.T.);
#2753=ORIENTED_EDGE('',*,*,#1998,.F.);
#2754=ORIENTED_EDGE('',*,*,#1825,.T.);
#2755=ORIENTED_EDGE('',*,*,#2001,.F.);
#2756=ORIENTED_EDGE('',*,*,#2002,.T.);
#2757=ORIENTED_EDGE('',*,*,#2003,.T.);
#2758=ORIENTED_EDGE('',*,*,#2001,.T.);
#2759=ORIENTED_EDGE('',*,*,#1832,.T.);
#2760=ORIENTED_EDGE('',*,*,#1802,.T.);
#2761=ORIENTED_EDGE('',*,*,#2003,.F.);
#2762=ORIENTED_EDGE('',*,*,#1801,.T.);
#2763=ORIENTED_EDGE('',*,*,#2004,.F.);
#2764=ORIENTED_EDGE('',*,*,#2005,.T.);
#2765=ORIENTED_EDGE('',*,*,#2006,.T.);
#2766=ORIENTED_EDGE('',*,*,#2007,.T.);
#2767=ORIENTED_EDGE('',*,*,#1994,.T.);
#2768=ORIENTED_EDGE('',*,*,#2000,.F.);
#2769=ORIENTED_EDGE('',*,*,#2008,.T.);
#2770=ORIENTED_EDGE('',*,*,#2009,.T.);
#2771=ORIENTED_EDGE('',*,*,#2010,.T.);
#2772=ORIENTED_EDGE('',*,*,#2007,.F.);
#2773=ORIENTED_EDGE('',*,*,#2011,.T.);
#2774=ORIENTED_EDGE('',*,*,#2004,.T.);
#2775=ORIENTED_EDGE('',*,*,#1993,.T.);
#2776=ORIENTED_EDGE('',*,*,#2009,.F.);
#2777=ORIENTED_EDGE('',*,*,#2005,.F.);
#2778=ORIENTED_EDGE('',*,*,#2011,.F.);
#2779=ORIENTED_EDGE('',*,*,#2008,.F.);
#2780=ORIENTED_EDGE('',*,*,#2006,.F.);
#2781=ORIENTED_EDGE('',*,*,#1999,.F.);
#2782=ORIENTED_EDGE('',*,*,#2002,.F.);
#2783=ORIENTED_EDGE('',*,*,#1815,.T.);
#2784=ORIENTED_EDGE('',*,*,#1826,.T.);
#2785=ORIENTED_EDGE('',*,*,#1997,.F.);
#2786=ORIENTED_EDGE('',*,*,#1737,.T.);
#2787=ORIENTED_EDGE('',*,*,#1755,.T.);
#2788=ORIENTED_EDGE('',*,*,#1808,.T.);
#2789=ORIENTED_EDGE('',*,*,#2012,.T.);
#2790=ORIENTED_EDGE('',*,*,#2013,.T.);
#2791=ORIENTED_EDGE('',*,*,#1827,.T.);
#2792=ORIENTED_EDGE('',*,*,#2013,.F.);
#2793=ORIENTED_EDGE('',*,*,#2014,.T.);
#2794=ORIENTED_EDGE('',*,*,#2015,.T.);
#2795=ORIENTED_EDGE('',*,*,#2016,.T.);
#2796=ORIENTED_EDGE('',*,*,#2014,.F.);
#2797=ORIENTED_EDGE('',*,*,#2012,.F.);
#2798=ORIENTED_EDGE('',*,*,#2016,.F.);
#2799=ORIENTED_EDGE('',*,*,#2017,.T.);
#2800=ORIENTED_EDGE('',*,*,#2018,.T.);
#2801=ORIENTED_EDGE('',*,*,#1828,.T.);
#2802=ORIENTED_EDGE('',*,*,#2018,.F.);
#2803=ORIENTED_EDGE('',*,*,#2019,.T.);
#2804=ORIENTED_EDGE('',*,*,#2020,.T.);
#2805=ORIENTED_EDGE('',*,*,#2021,.T.);
#2806=ORIENTED_EDGE('',*,*,#2019,.F.);
#2807=ORIENTED_EDGE('',*,*,#2017,.F.);
#2808=ORIENTED_EDGE('',*,*,#2021,.F.);
#2809=ORIENTED_EDGE('',*,*,#2022,.T.);
#2810=ORIENTED_EDGE('',*,*,#2023,.T.);
#2811=ORIENTED_EDGE('',*,*,#2024,.T.);
#2812=ORIENTED_EDGE('',*,*,#2023,.F.);
#2813=ORIENTED_EDGE('',*,*,#2010,.F.);
#2814=ORIENTED_EDGE('',*,*,#1992,.F.);
#2815=ORIENTED_EDGE('',*,*,#1877,.T.);
#2816=ORIENTED_EDGE('',*,*,#1995,.F.);
#2817=ORIENTED_EDGE('',*,*,#2025,.F.);
#2818=ORIENTED_EDGE('',*,*,#2024,.F.);
#2819=ORIENTED_EDGE('',*,*,#2022,.F.);
#2820=ORIENTED_EDGE('',*,*,#2026,.T.);
#2821=ORIENTED_EDGE('',*,*,#2027,.F.);
#2822=ORIENTED_EDGE('',*,*,#2026,.F.);
#2823=ORIENTED_EDGE('',*,*,#2028,.T.);
#2824=ORIENTED_EDGE('',*,*,#2029,.T.);
#2825=ORIENTED_EDGE('',*,*,#2025,.T.);
#2826=ORIENTED_EDGE('',*,*,#2029,.F.);
#2827=ORIENTED_EDGE('',*,*,#2028,.F.);
#2828=ORIENTED_EDGE('',*,*,#2030,.T.);
#2829=ORIENTED_EDGE('',*,*,#2031,.F.);
#2830=ORIENTED_EDGE('',*,*,#2030,.F.);
#2831=ORIENTED_EDGE('',*,*,#1821,.F.);
#2832=ORIENTED_EDGE('',*,*,#1847,.F.);
#2833=ORIENTED_EDGE('',*,*,#1778,.T.);
#2834=ORIENTED_EDGE('',*,*,#2020,.F.);
#2835=ORIENTED_EDGE('',*,*,#2027,.T.);
#2836=ORIENTED_EDGE('',*,*,#2015,.F.);
#2837=ORIENTED_EDGE('',*,*,#2031,.T.);
#2838=ORIENTED_EDGE('',*,*,#2032,.T.);
#2839=ORIENTED_EDGE('',*,*,#2033,.T.);
#2840=ORIENTED_EDGE('',*,*,#2034,.T.);
#2841=ORIENTED_EDGE('',*,*,#2035,.T.);
#2842=ORIENTED_EDGE('',*,*,#2036,.T.);
#2843=ORIENTED_EDGE('',*,*,#2037,.T.);
#2844=ORIENTED_EDGE('',*,*,#2032,.F.);
#2845=ORIENTED_EDGE('',*,*,#2038,.T.);
#2846=ORIENTED_EDGE('',*,*,#2039,.F.);
#2847=ORIENTED_EDGE('',*,*,#2040,.F.);
#2848=ORIENTED_EDGE('',*,*,#2041,.F.);
#2849=ORIENTED_EDGE('',*,*,#2042,.T.);
#2850=ORIENTED_EDGE('',*,*,#2043,.F.);
#2851=ORIENTED_EDGE('',*,*,#2044,.T.);
#2852=ORIENTED_EDGE('',*,*,#2040,.T.);
#2853=ORIENTED_EDGE('',*,*,#2045,.T.);
#2854=ORIENTED_EDGE('',*,*,#2046,.T.);
#2855=ORIENTED_EDGE('',*,*,#2047,.T.);
#2856=ORIENTED_EDGE('',*,*,#2048,.T.);
#2857=ORIENTED_EDGE('',*,*,#2041,.T.);
#2858=ORIENTED_EDGE('',*,*,#2049,.T.);
#2859=ORIENTED_EDGE('',*,*,#2050,.F.);
#2860=ORIENTED_EDGE('',*,*,#2051,.F.);
#2861=ORIENTED_EDGE('',*,*,#2052,.T.);
#2862=ORIENTED_EDGE('',*,*,#2053,.F.);
#2863=ORIENTED_EDGE('',*,*,#2039,.T.);
#2864=ORIENTED_EDGE('',*,*,#2054,.T.);
#2865=ORIENTED_EDGE('',*,*,#2051,.T.);
#2866=ORIENTED_EDGE('',*,*,#2055,.T.);
#2867=ORIENTED_EDGE('',*,*,#2056,.T.);
#2868=ORIENTED_EDGE('',*,*,#2057,.T.);
#2869=ORIENTED_EDGE('',*,*,#2058,.T.);
#2870=ORIENTED_EDGE('',*,*,#2059,.T.);
#2871=ORIENTED_EDGE('',*,*,#2060,.T.);
#2872=ORIENTED_EDGE('',*,*,#2061,.T.);
#2873=ORIENTED_EDGE('',*,*,#2062,.T.);
#2874=ORIENTED_EDGE('',*,*,#2058,.F.);
#2875=ORIENTED_EDGE('',*,*,#2063,.T.);
#2876=ORIENTED_EDGE('',*,*,#2064,.T.);
#2877=ORIENTED_EDGE('',*,*,#2065,.T.);
#2878=ORIENTED_EDGE('',*,*,#2061,.F.);
#2879=ORIENTED_EDGE('',*,*,#2066,.T.);
#2880=ORIENTED_EDGE('',*,*,#2067,.T.);
#2881=ORIENTED_EDGE('',*,*,#2068,.T.);
#2882=ORIENTED_EDGE('',*,*,#2064,.F.);
#2883=ORIENTED_EDGE('',*,*,#2069,.T.);
#2884=ORIENTED_EDGE('',*,*,#2067,.F.);
#2885=ORIENTED_EDGE('',*,*,#2070,.T.);
#2886=ORIENTED_EDGE('',*,*,#2053,.T.);
#2887=ORIENTED_EDGE('',*,*,#2071,.T.);
#2888=ORIENTED_EDGE('',*,*,#2072,.F.);
#2889=ORIENTED_EDGE('',*,*,#2073,.T.);
#2890=ORIENTED_EDGE('',*,*,#2050,.T.);
#2891=ORIENTED_EDGE('',*,*,#2074,.T.);
#2892=ORIENTED_EDGE('',*,*,#2075,.T.);
#2893=ORIENTED_EDGE('',*,*,#2047,.F.);
#2894=ORIENTED_EDGE('',*,*,#2076,.T.);
#2895=ORIENTED_EDGE('',*,*,#2036,.F.);
#2896=ORIENTED_EDGE('',*,*,#2077,.T.);
#2897=ORIENTED_EDGE('',*,*,#2034,.F.);
#2898=ORIENTED_EDGE('',*,*,#2078,.T.);
#2899=ORIENTED_EDGE('',*,*,#2079,.F.);
#2900=ORIENTED_EDGE('',*,*,#2080,.T.);
#2901=ORIENTED_EDGE('',*,*,#2033,.F.);
#2902=ORIENTED_EDGE('',*,*,#2081,.T.);
#2903=ORIENTED_EDGE('',*,*,#2082,.F.);
#2904=ORIENTED_EDGE('',*,*,#2083,.T.);
#2905=ORIENTED_EDGE('',*,*,#2037,.F.);
#2906=ORIENTED_EDGE('',*,*,#2084,.F.);
#2907=ORIENTED_EDGE('',*,*,#2085,.F.);
#2908=ORIENTED_EDGE('',*,*,#2081,.F.);
#2909=ORIENTED_EDGE('',*,*,#2076,.F.);
#2910=ORIENTED_EDGE('',*,*,#2086,.T.);
#2911=ORIENTED_EDGE('',*,*,#2087,.F.);
#2912=ORIENTED_EDGE('',*,*,#2088,.T.);
#2913=ORIENTED_EDGE('',*,*,#2084,.T.);
#2914=ORIENTED_EDGE('',*,*,#2049,.F.);
#2915=ORIENTED_EDGE('',*,*,#2044,.F.);
#2916=ORIENTED_EDGE('',*,*,#2089,.F.);
#2917=ORIENTED_EDGE('',*,*,#2090,.F.);
#2918=ORIENTED_EDGE('',*,*,#2086,.F.);
#2919=ORIENTED_EDGE('',*,*,#2045,.F.);
#2920=ORIENTED_EDGE('',*,*,#2055,.F.);
#2921=ORIENTED_EDGE('',*,*,#2073,.F.);
#2922=ORIENTED_EDGE('',*,*,#2091,.F.);
#2923=ORIENTED_EDGE('',*,*,#2092,.F.);
#2924=ORIENTED_EDGE('',*,*,#2093,.T.);
#2925=ORIENTED_EDGE('',*,*,#2093,.F.);
#2926=ORIENTED_EDGE('',*,*,#2094,.T.);
#2927=ORIENTED_EDGE('',*,*,#2095,.T.);
#2928=ORIENTED_EDGE('',*,*,#2096,.T.);
#2929=ORIENTED_EDGE('',*,*,#2046,.F.);
#2930=ORIENTED_EDGE('',*,*,#2094,.F.);
#2931=ORIENTED_EDGE('',*,*,#2092,.T.);
#2932=ORIENTED_EDGE('',*,*,#2097,.F.);
#2933=ORIENTED_EDGE('',*,*,#2098,.T.);
#2934=ORIENTED_EDGE('',*,*,#2099,.T.);
#2935=ORIENTED_EDGE('',*,*,#2100,.T.);
#2936=ORIENTED_EDGE('',*,*,#2097,.T.);
#2937=ORIENTED_EDGE('',*,*,#2091,.T.);
#2938=ORIENTED_EDGE('',*,*,#2072,.T.);
#2939=ORIENTED_EDGE('',*,*,#2099,.F.);
#2940=ORIENTED_EDGE('',*,*,#2075,.F.);
#2941=ORIENTED_EDGE('',*,*,#2101,.T.);
#2942=ORIENTED_EDGE('',*,*,#2102,.F.);
#2943=ORIENTED_EDGE('',*,*,#2103,.T.);
#2944=ORIENTED_EDGE('',*,*,#2090,.T.);
#2945=ORIENTED_EDGE('',*,*,#2104,.T.);
#2946=ORIENTED_EDGE('',*,*,#2105,.T.);
#2947=ORIENTED_EDGE('',*,*,#2106,.T.);
#2948=ORIENTED_EDGE('',*,*,#2087,.T.);
#2949=ORIENTED_EDGE('',*,*,#2096,.F.);
#2950=ORIENTED_EDGE('',*,*,#2107,.T.);
#2951=ORIENTED_EDGE('',*,*,#2104,.F.);
#2952=ORIENTED_EDGE('',*,*,#2089,.T.);
#2953=ORIENTED_EDGE('',*,*,#2043,.T.);
#2954=ORIENTED_EDGE('',*,*,#2108,.T.);
#2955=ORIENTED_EDGE('',*,*,#2109,.T.);
#2956=ORIENTED_EDGE('',*,*,#2110,.T.);
#2957=ORIENTED_EDGE('',*,*,#2102,.T.);
#2958=ORIENTED_EDGE('',*,*,#2111,.T.);
#2959=ORIENTED_EDGE('',*,*,#2105,.F.);
#2960=ORIENTED_EDGE('',*,*,#2107,.F.);
#2961=ORIENTED_EDGE('',*,*,#2095,.F.);
#2962=ORIENTED_EDGE('',*,*,#2098,.F.);
#2963=ORIENTED_EDGE('',*,*,#2100,.F.);
#2964=ORIENTED_EDGE('',*,*,#2103,.F.);
#2965=ORIENTED_EDGE('',*,*,#2110,.F.);
#2966=ORIENTED_EDGE('',*,*,#2112,.F.);
#2967=ORIENTED_EDGE('',*,*,#2113,.F.);
#2968=ORIENTED_EDGE('',*,*,#2114,.F.);
#2969=ORIENTED_EDGE('',*,*,#2115,.F.);
#2970=ORIENTED_EDGE('',*,*,#2116,.T.);
#2971=ORIENTED_EDGE('',*,*,#2117,.T.);
#2972=ORIENTED_EDGE('',*,*,#2118,.F.);
#2973=ORIENTED_EDGE('',*,*,#2119,.F.);
#2974=ORIENTED_EDGE('',*,*,#2120,.F.);
#2975=ORIENTED_EDGE('',*,*,#2121,.F.);
#2976=ORIENTED_EDGE('',*,*,#2122,.F.);
#2977=ORIENTED_EDGE('',*,*,#2123,.F.);
#2978=ORIENTED_EDGE('',*,*,#2124,.F.);
#2979=ORIENTED_EDGE('',*,*,#2125,.F.);
#2980=ORIENTED_EDGE('',*,*,#2126,.F.);
#2981=ORIENTED_EDGE('',*,*,#2127,.F.);
#2982=ORIENTED_EDGE('',*,*,#2128,.F.);
#2983=ORIENTED_EDGE('',*,*,#2129,.F.);
#2984=ORIENTED_EDGE('',*,*,#2130,.F.);
#2985=ORIENTED_EDGE('',*,*,#2131,.F.);
#2986=ORIENTED_EDGE('',*,*,#2109,.F.);
#2987=ORIENTED_EDGE('',*,*,#2132,.F.);
#2988=ORIENTED_EDGE('',*,*,#2133,.T.);
#2989=ORIENTED_EDGE('',*,*,#2134,.T.);
#2990=ORIENTED_EDGE('',*,*,#2112,.T.);
#2991=ORIENTED_EDGE('',*,*,#2069,.F.);
#2992=ORIENTED_EDGE('',*,*,#2135,.T.);
#2993=ORIENTED_EDGE('',*,*,#2132,.T.);
#2994=ORIENTED_EDGE('',*,*,#2108,.F.);
#2995=ORIENTED_EDGE('',*,*,#2136,.T.);
#2996=ORIENTED_EDGE('',*,*,#2035,.F.);
#2997=ORIENTED_EDGE('',*,*,#2080,.F.);
#2998=ORIENTED_EDGE('',*,*,#2137,.F.);
#2999=ORIENTED_EDGE('',*,*,#2138,.F.);
#3000=ORIENTED_EDGE('',*,*,#2139,.F.);
#3001=ORIENTED_EDGE('',*,*,#2140,.F.);
#3002=ORIENTED_EDGE('',*,*,#2059,.F.);
#3003=ORIENTED_EDGE('',*,*,#2062,.F.);
#3004=ORIENTED_EDGE('',*,*,#2065,.F.);
#3005=ORIENTED_EDGE('',*,*,#2068,.F.);
#3006=ORIENTED_EDGE('',*,*,#2071,.F.);
#3007=ORIENTED_EDGE('',*,*,#2052,.F.);
#3008=ORIENTED_EDGE('',*,*,#2054,.F.);
#3009=ORIENTED_EDGE('',*,*,#2042,.F.);
#3010=ORIENTED_EDGE('',*,*,#2048,.F.);
#3011=ORIENTED_EDGE('',*,*,#2077,.F.);
#3012=ORIENTED_EDGE('',*,*,#2038,.F.);
#3013=ORIENTED_EDGE('',*,*,#2141,.F.);
#3014=ORIENTED_EDGE('',*,*,#2142,.F.);
#3015=ORIENTED_EDGE('',*,*,#2143,.F.);
#3016=ORIENTED_EDGE('',*,*,#2144,.F.);
#3017=ORIENTED_EDGE('',*,*,#2145,.F.);
#3018=ORIENTED_EDGE('',*,*,#2146,.F.);
#3019=ORIENTED_EDGE('',*,*,#2147,.F.);
#3020=ORIENTED_EDGE('',*,*,#2148,.F.);
#3021=ORIENTED_EDGE('',*,*,#2066,.F.);
#3022=ORIENTED_EDGE('',*,*,#2149,.F.);
#3023=ORIENTED_EDGE('',*,*,#2133,.F.);
#3024=ORIENTED_EDGE('',*,*,#2135,.F.);
#3025=ORIENTED_EDGE('',*,*,#2070,.F.);
#3026=ORIENTED_EDGE('',*,*,#2136,.F.);
#3027=ORIENTED_EDGE('',*,*,#2111,.F.);
#3028=ORIENTED_EDGE('',*,*,#2101,.F.);
#3029=ORIENTED_EDGE('',*,*,#2074,.F.);
#3030=ORIENTED_EDGE('',*,*,#2060,.F.);
#3031=ORIENTED_EDGE('',*,*,#2140,.T.);
#3032=ORIENTED_EDGE('',*,*,#2150,.F.);
#3033=ORIENTED_EDGE('',*,*,#2151,.F.);
#3034=ORIENTED_EDGE('',*,*,#2152,.T.);
#3035=ORIENTED_EDGE('',*,*,#2153,.F.);
#3036=ORIENTED_EDGE('',*,*,#2057,.F.);
#3037=ORIENTED_EDGE('',*,*,#2154,.F.);
#3038=ORIENTED_EDGE('',*,*,#2155,.F.);
#3039=ORIENTED_EDGE('',*,*,#2156,.F.);
#3040=ORIENTED_EDGE('',*,*,#2056,.F.);
#3041=ORIENTED_EDGE('',*,*,#2153,.T.);
#3042=ORIENTED_EDGE('',*,*,#2157,.T.);
#3043=ORIENTED_EDGE('',*,*,#2158,.T.);
#3044=ORIENTED_EDGE('',*,*,#2159,.F.);
#3045=ORIENTED_EDGE('',*,*,#2154,.T.);
#3046=ORIENTED_EDGE('',*,*,#2063,.F.);
#3047=ORIENTED_EDGE('',*,*,#2156,.T.);
#3048=ORIENTED_EDGE('',*,*,#2160,.F.);
#3049=ORIENTED_EDGE('',*,*,#2149,.T.);
#3050=ORIENTED_EDGE('',*,*,#2161,.T.);
#3051=ORIENTED_EDGE('',*,*,#2162,.T.);
#3052=ORIENTED_EDGE('',*,*,#2163,.T.);
#3053=ORIENTED_EDGE('',*,*,#2119,.T.);
#3054=ORIENTED_EDGE('',*,*,#2164,.T.);
#3055=ORIENTED_EDGE('',*,*,#2163,.F.);
#3056=ORIENTED_EDGE('',*,*,#2165,.T.);
#3057=ORIENTED_EDGE('',*,*,#2166,.T.);
#3058=ORIENTED_EDGE('',*,*,#2120,.T.);
#3059=ORIENTED_EDGE('',*,*,#2166,.F.);
#3060=ORIENTED_EDGE('',*,*,#2167,.T.);
#3061=ORIENTED_EDGE('',*,*,#2168,.T.);
#3062=ORIENTED_EDGE('',*,*,#2121,.T.);
#3063=ORIENTED_EDGE('',*,*,#2168,.F.);
#3064=ORIENTED_EDGE('',*,*,#2082,.T.);
#3065=ORIENTED_EDGE('',*,*,#2169,.T.);
#3066=ORIENTED_EDGE('',*,*,#2122,.T.);
#3067=ORIENTED_EDGE('',*,*,#2106,.F.);
#3068=ORIENTED_EDGE('',*,*,#2123,.T.);
#3069=ORIENTED_EDGE('',*,*,#2169,.F.);
#3070=ORIENTED_EDGE('',*,*,#2085,.T.);
#3071=ORIENTED_EDGE('',*,*,#2088,.F.);
#3072=ORIENTED_EDGE('',*,*,#2134,.F.);
#3073=ORIENTED_EDGE('',*,*,#2160,.T.);
#3074=ORIENTED_EDGE('',*,*,#2170,.T.);
#3075=ORIENTED_EDGE('',*,*,#2113,.T.);
#3076=ORIENTED_EDGE('',*,*,#2171,.T.);
#3077=ORIENTED_EDGE('',*,*,#2114,.T.);
#3078=ORIENTED_EDGE('',*,*,#2170,.F.);
#3079=ORIENTED_EDGE('',*,*,#2155,.T.);
#3080=ORIENTED_EDGE('',*,*,#2159,.T.);
#3081=ORIENTED_EDGE('',*,*,#2167,.F.);
#3082=ORIENTED_EDGE('',*,*,#2172,.F.);
#3083=ORIENTED_EDGE('',*,*,#2078,.F.);
#3084=ORIENTED_EDGE('',*,*,#2083,.F.);
#3085=ORIENTED_EDGE('',*,*,#2165,.F.);
#3086=ORIENTED_EDGE('',*,*,#2173,.T.);
#3087=ORIENTED_EDGE('',*,*,#2174,.F.);
#3088=ORIENTED_EDGE('',*,*,#2172,.T.);
#3089=ORIENTED_EDGE('',*,*,#2162,.F.);
#3090=ORIENTED_EDGE('',*,*,#2175,.F.);
#3091=ORIENTED_EDGE('',*,*,#2176,.F.);
#3092=ORIENTED_EDGE('',*,*,#2173,.F.);
#3093=ORIENTED_EDGE('',*,*,#2161,.F.);
#3094=ORIENTED_EDGE('',*,*,#2177,.T.);
#3095=ORIENTED_EDGE('',*,*,#2178,.T.);
#3096=ORIENTED_EDGE('',*,*,#2179,.T.);
#3097=ORIENTED_EDGE('',*,*,#2180,.F.);
#3098=ORIENTED_EDGE('',*,*,#2175,.T.);
#3099=ORIENTED_EDGE('',*,*,#2164,.F.);
#3100=ORIENTED_EDGE('',*,*,#2118,.T.);
#3101=ORIENTED_EDGE('',*,*,#2181,.T.);
#3102=ORIENTED_EDGE('',*,*,#2182,.F.);
#3103=ORIENTED_EDGE('',*,*,#2183,.F.);
#3104=ORIENTED_EDGE('',*,*,#2184,.T.);
#3105=ORIENTED_EDGE('',*,*,#2177,.F.);
#3106=ORIENTED_EDGE('',*,*,#2185,.T.);
#3107=ORIENTED_EDGE('',*,*,#2138,.T.);
#3108=ORIENTED_EDGE('',*,*,#2186,.T.);
#3109=ORIENTED_EDGE('',*,*,#2176,.T.);
#3110=ORIENTED_EDGE('',*,*,#2180,.T.);
#3111=ORIENTED_EDGE('',*,*,#2079,.T.);
#3112=ORIENTED_EDGE('',*,*,#2174,.T.);
#3113=ORIENTED_EDGE('',*,*,#2186,.F.);
#3114=ORIENTED_EDGE('',*,*,#2137,.T.);
#3115=ORIENTED_EDGE('',*,*,#2185,.F.);
#3116=ORIENTED_EDGE('',*,*,#2179,.F.);
#3117=ORIENTED_EDGE('',*,*,#2187,.T.);
#3118=ORIENTED_EDGE('',*,*,#2188,.F.);
#3119=ORIENTED_EDGE('',*,*,#2150,.T.);
#3120=ORIENTED_EDGE('',*,*,#2139,.T.);
#3121=ORIENTED_EDGE('',*,*,#2178,.F.);
#3122=ORIENTED_EDGE('',*,*,#2184,.F.);
#3123=ORIENTED_EDGE('',*,*,#2189,.F.);
#3124=ORIENTED_EDGE('',*,*,#2187,.F.);
#3125=ORIENTED_EDGE('',*,*,#2171,.F.);
#3126=ORIENTED_EDGE('',*,*,#2158,.F.);
#3127=ORIENTED_EDGE('',*,*,#2190,.T.);
#3128=ORIENTED_EDGE('',*,*,#2191,.F.);
#3129=ORIENTED_EDGE('',*,*,#2182,.T.);
#3130=ORIENTED_EDGE('',*,*,#2192,.T.);
#3131=ORIENTED_EDGE('',*,*,#2115,.T.);
#3132=ORIENTED_EDGE('',*,*,#2157,.F.);
#3133=ORIENTED_EDGE('',*,*,#2152,.F.);
#3134=ORIENTED_EDGE('',*,*,#2193,.F.);
#3135=ORIENTED_EDGE('',*,*,#2190,.F.);
#3136=ORIENTED_EDGE('',*,*,#2194,.T.);
#3137=ORIENTED_EDGE('',*,*,#2144,.T.);
#3138=ORIENTED_EDGE('',*,*,#2195,.T.);
#3139=ORIENTED_EDGE('',*,*,#2196,.T.);
#3140=ORIENTED_EDGE('',*,*,#2197,.T.);
#3141=ORIENTED_EDGE('',*,*,#2141,.T.);
#3142=ORIENTED_EDGE('',*,*,#2194,.F.);
#3143=ORIENTED_EDGE('',*,*,#2198,.T.);
#3144=ORIENTED_EDGE('',*,*,#2199,.T.);
#3145=ORIENTED_EDGE('',*,*,#2142,.T.);
#3146=ORIENTED_EDGE('',*,*,#2197,.F.);
#3147=ORIENTED_EDGE('',*,*,#2200,.T.);
#3148=ORIENTED_EDGE('',*,*,#2195,.F.);
#3149=ORIENTED_EDGE('',*,*,#2143,.T.);
#3150=ORIENTED_EDGE('',*,*,#2199,.F.);
#3151=ORIENTED_EDGE('',*,*,#2201,.T.);
#3152=ORIENTED_EDGE('',*,*,#2198,.F.);
#3153=ORIENTED_EDGE('',*,*,#2202,.T.);
#3154=ORIENTED_EDGE('',*,*,#2203,.F.);
#3155=ORIENTED_EDGE('',*,*,#2204,.F.);
#3156=ORIENTED_EDGE('',*,*,#2196,.F.);
#3157=ORIENTED_EDGE('',*,*,#2205,.T.);
#3158=ORIENTED_EDGE('',*,*,#2206,.F.);
#3159=ORIENTED_EDGE('',*,*,#2202,.F.);
#3160=ORIENTED_EDGE('',*,*,#2207,.T.);
#3161=ORIENTED_EDGE('',*,*,#2145,.T.);
#3162=ORIENTED_EDGE('',*,*,#2208,.T.);
#3163=ORIENTED_EDGE('',*,*,#2209,.T.);
#3164=ORIENTED_EDGE('',*,*,#2210,.T.);
#3165=ORIENTED_EDGE('',*,*,#2146,.T.);
#3166=ORIENTED_EDGE('',*,*,#2207,.F.);
#3167=ORIENTED_EDGE('',*,*,#2211,.T.);
#3168=ORIENTED_EDGE('',*,*,#2212,.T.);
#3169=ORIENTED_EDGE('',*,*,#2147,.T.);
#3170=ORIENTED_EDGE('',*,*,#2210,.F.);
#3171=ORIENTED_EDGE('',*,*,#2213,.T.);
#3172=ORIENTED_EDGE('',*,*,#2208,.F.);
#3173=ORIENTED_EDGE('',*,*,#2148,.T.);
#3174=ORIENTED_EDGE('',*,*,#2212,.F.);
#3175=ORIENTED_EDGE('',*,*,#2214,.T.);
#3176=ORIENTED_EDGE('',*,*,#2211,.F.);
#3177=ORIENTED_EDGE('',*,*,#2215,.T.);
#3178=ORIENTED_EDGE('',*,*,#2216,.F.);
#3179=ORIENTED_EDGE('',*,*,#2217,.F.);
#3180=ORIENTED_EDGE('',*,*,#2209,.F.);
#3181=ORIENTED_EDGE('',*,*,#2218,.T.);
#3182=ORIENTED_EDGE('',*,*,#2219,.F.);
#3183=ORIENTED_EDGE('',*,*,#2215,.F.);
#3184=ORIENTED_EDGE('',*,*,#2188,.T.);
#3185=ORIENTED_EDGE('',*,*,#2189,.T.);
#3186=ORIENTED_EDGE('',*,*,#2183,.T.);
#3187=ORIENTED_EDGE('',*,*,#2191,.T.);
#3188=ORIENTED_EDGE('',*,*,#2193,.T.);
#3189=ORIENTED_EDGE('',*,*,#2151,.T.);
#3190=ORIENTED_EDGE('',*,*,#2192,.F.);
#3191=ORIENTED_EDGE('',*,*,#2181,.F.);
#3192=ORIENTED_EDGE('',*,*,#2220,.T.);
#3193=ORIENTED_EDGE('',*,*,#2220,.F.);
#3194=ORIENTED_EDGE('',*,*,#2117,.F.);
#3195=ORIENTED_EDGE('',*,*,#2221,.T.);
#3196=ORIENTED_EDGE('',*,*,#2221,.F.);
#3197=ORIENTED_EDGE('',*,*,#2116,.F.);
#3198=ORIENTED_EDGE('',*,*,#2200,.F.);
#3199=ORIENTED_EDGE('',*,*,#2204,.T.);
#3200=ORIENTED_EDGE('',*,*,#2222,.F.);
#3201=ORIENTED_EDGE('',*,*,#2223,.F.);
#3202=ORIENTED_EDGE('',*,*,#2201,.F.);
#3203=ORIENTED_EDGE('',*,*,#2223,.T.);
#3204=ORIENTED_EDGE('',*,*,#2224,.F.);
#3205=ORIENTED_EDGE('',*,*,#2205,.F.);
#3206=ORIENTED_EDGE('',*,*,#2214,.F.);
#3207=ORIENTED_EDGE('',*,*,#2225,.T.);
#3208=ORIENTED_EDGE('',*,*,#2226,.F.);
#3209=ORIENTED_EDGE('',*,*,#2218,.F.);
#3210=ORIENTED_EDGE('',*,*,#2213,.F.);
#3211=ORIENTED_EDGE('',*,*,#2217,.T.);
#3212=ORIENTED_EDGE('',*,*,#2227,.F.);
#3213=ORIENTED_EDGE('',*,*,#2225,.F.);
#3214=ORIENTED_EDGE('',*,*,#2228,.F.);
#3215=ORIENTED_EDGE('',*,*,#2127,.T.);
#3216=ORIENTED_EDGE('',*,*,#2229,.T.);
#3217=ORIENTED_EDGE('',*,*,#2227,.T.);
#3218=ORIENTED_EDGE('',*,*,#2229,.F.);
#3219=ORIENTED_EDGE('',*,*,#2126,.T.);
#3220=ORIENTED_EDGE('',*,*,#2230,.T.);
#3221=ORIENTED_EDGE('',*,*,#2226,.T.);
#3222=ORIENTED_EDGE('',*,*,#2230,.F.);
#3223=ORIENTED_EDGE('',*,*,#2125,.T.);
#3224=ORIENTED_EDGE('',*,*,#2231,.F.);
#3225=ORIENTED_EDGE('',*,*,#2219,.T.);
#3226=ORIENTED_EDGE('',*,*,#2228,.T.);
#3227=ORIENTED_EDGE('',*,*,#2216,.T.);
#3228=ORIENTED_EDGE('',*,*,#2231,.T.);
#3229=ORIENTED_EDGE('',*,*,#2124,.T.);
#3230=ORIENTED_EDGE('',*,*,#2232,.F.);
#3231=ORIENTED_EDGE('',*,*,#2129,.T.);
#3232=ORIENTED_EDGE('',*,*,#2233,.F.);
#3233=ORIENTED_EDGE('',*,*,#2206,.T.);
#3234=ORIENTED_EDGE('',*,*,#2234,.F.);
#3235=ORIENTED_EDGE('',*,*,#2203,.T.);
#3236=ORIENTED_EDGE('',*,*,#2233,.T.);
#3237=ORIENTED_EDGE('',*,*,#2128,.T.);
#3238=ORIENTED_EDGE('',*,*,#2234,.T.);
#3239=ORIENTED_EDGE('',*,*,#2131,.T.);
#3240=ORIENTED_EDGE('',*,*,#2235,.F.);
#3241=ORIENTED_EDGE('',*,*,#2222,.T.);
#3242=ORIENTED_EDGE('',*,*,#2232,.T.);
#3243=ORIENTED_EDGE('',*,*,#2224,.T.);
#3244=ORIENTED_EDGE('',*,*,#2235,.T.);
#3245=ORIENTED_EDGE('',*,*,#2130,.T.);
#3246=PLANE('',#3599);
#3247=PLANE('',#3600);
#3248=PLANE('',#3601);
#3249=PLANE('',#3602);
#3250=PLANE('',#3603);
#3251=PLANE('',#3604);
#3252=PLANE('',#3605);
#3253=PLANE('',#3606);
#3254=PLANE('',#3609);
#3255=PLANE('',#3610);
#3256=PLANE('',#3611);
#3257=PLANE('',#3612);
#3258=PLANE('',#3613);
#3259=PLANE('',#3614);
#3260=PLANE('',#3615);
#3261=PLANE('',#3616);
#3262=PLANE('',#3617);
#3263=PLANE('',#3618);
#3264=PLANE('',#3619);
#3265=PLANE('',#3620);
#3266=PLANE('',#3621);
#3267=PLANE('',#3622);
#3268=PLANE('',#3623);
#3269=PLANE('',#3628);
#3270=PLANE('',#3630);
#3271=PLANE('',#3631);
#3272=PLANE('',#3632);
#3273=PLANE('',#3633);
#3274=PLANE('',#3634);
#3275=PLANE('',#3643);
#3276=PLANE('',#3648);
#3277=PLANE('',#3653);
#3278=PLANE('',#3656);
#3279=PLANE('',#3658);
#3280=PLANE('',#3659);
#3281=PLANE('',#3661);
#3282=PLANE('',#3666);
#3283=PLANE('',#3671);
#3284=PLANE('',#3675);
#3285=PLANE('',#3682);
#3286=PLANE('',#3686);
#3287=PLANE('',#3689);
#3288=PLANE('',#3692);
#3289=PLANE('',#3695);
#3290=PLANE('',#3699);
#3291=PLANE('',#3701);
#3292=PLANE('',#3703);
#3293=PLANE('',#3705);
#3294=PLANE('',#3706);
#3295=PLANE('',#3709);
#3296=PLANE('',#3712);
#3297=PLANE('',#3715);
#3298=PLANE('',#3720);
#3299=PLANE('',#3723);
#3300=PLANE('',#3726);
#3301=PLANE('',#3729);
#3302=PLANE('',#3732);
#3303=PLANE('',#3735);
#3304=PLANE('',#3738);
#3305=PLANE('',#3741);
#3306=PLANE('',#3745);
#3307=PLANE('',#3748);
#3308=PLANE('',#3752);
#3309=PLANE('',#3754);
#3310=PLANE('',#3755);
#3311=PLANE('',#3760);
#3312=PLANE('',#3761);
#3313=PLANE('',#3762);
#3314=PLANE('',#3763);
#3315=PLANE('',#3764);
#3316=PLANE('',#3765);
#3317=PLANE('',#3766);
#3318=PLANE('',#3767);
#3319=PLANE('',#3768);
#3320=PLANE('',#3769);
#3321=PLANE('',#3770);
#3322=PLANE('',#3771);
#3323=PLANE('',#3785);
#3324=PLANE('',#3794);
#3325=PLANE('',#3795);
#3326=PLANE('',#3843);
#3327=PLANE('',#3846);
#3328=PLANE('',#3847);
#3329=PLANE('',#3850);
#3330=PLANE('',#3853);
#3331=PLANE('',#3856);
#3332=PLANE('',#3859);
#3333=PLANE('',#3867);
#3334=PLANE('',#3870);
#3335=PLANE('',#3874);
#3336=PLANE('',#3875);
#3337=PLANE('',#3876);
#3338=PLANE('',#3879);
#3339=PLANE('',#3885);
#3340=PLANE('',#3889);
#3341=PLANE('',#3891);
#3342=PLANE('',#3893);
#3343=PLANE('',#3894);
#3344=PLANE('',#3897);
#3345=PLANE('',#3902);
#3346=PLANE('',#3908);
#3347=PLANE('',#3910);
#3348=PLANE('',#3911);
#3349=PLANE('',#3913);
#3350=PLANE('',#3914);
#3351=PLANE('',#3917);
#3352=PLANE('',#3920);
#3353=PLANE('',#3921);
#3354=PLANE('',#3924);
#3355=PLANE('',#3927);
#3356=PLANE('',#3929);
#3357=PLANE('',#3932);
#3358=PLANE('',#3935);
#3359=PLANE('',#3936);
#3360=PLANE('',#3937);
#3361=PLANE('',#3939);
#3362=PLANE('',#3941);
#3363=ADVANCED_FACE('',(#292),#3246,.T.);
#3364=ADVANCED_FACE('',(#293),#3247,.T.);
#3365=ADVANCED_FACE('',(#294),#3248,.T.);
#3366=ADVANCED_FACE('',(#295),#3249,.T.);
#3367=ADVANCED_FACE('',(#296),#3250,.T.);
#3368=ADVANCED_FACE('',(#297),#3251,.T.);
#3369=ADVANCED_FACE('',(#298),#3252,.T.);
#3370=ADVANCED_FACE('',(#299),#3253,.F.);
#3371=ADVANCED_FACE('',(#300),#3254,.T.);
#3372=ADVANCED_FACE('',(#301),#3255,.T.);
#3373=ADVANCED_FACE('',(#302),#3256,.T.);
#3374=ADVANCED_FACE('',(#303),#3257,.T.);
#3375=ADVANCED_FACE('',(#304),#3258,.T.);
#3376=ADVANCED_FACE('',(#305),#3259,.T.);
#3377=ADVANCED_FACE('',(#306),#3260,.T.);
#3378=ADVANCED_FACE('',(#307),#3261,.T.);
#3379=ADVANCED_FACE('',(#308),#3262,.T.);
#3380=ADVANCED_FACE('',(#309),#3263,.T.);
#3381=ADVANCED_FACE('',(#310),#3264,.T.);
#3382=ADVANCED_FACE('',(#311),#3265,.T.);
#3383=ADVANCED_FACE('',(#312),#3266,.T.);
#3384=ADVANCED_FACE('',(#313),#3267,.T.);
#3385=ADVANCED_FACE('',(#314,#138,#139),#3268,.T.);
#3386=ADVANCED_FACE('',(#315),#3269,.T.);
#3387=ADVANCED_FACE('',(#316),#3270,.T.);
#3388=ADVANCED_FACE('',(#317),#3271,.T.);
#3389=ADVANCED_FACE('',(#318),#3272,.T.);
#3390=ADVANCED_FACE('',(#319),#3273,.T.);
#3391=ADVANCED_FACE('',(#320,#140),#3274,.T.);
#3392=ADVANCED_FACE('',(#321),#99,.F.);
#3393=ADVANCED_FACE('',(#322),#3275,.T.);
#3394=ADVANCED_FACE('',(#323),#100,.F.);
#3395=ADVANCED_FACE('',(#324,#141),#3276,.T.);
#3396=ADVANCED_FACE('',(#325),#3277,.F.);
#3397=ADVANCED_FACE('',(#326),#58,.F.);
#3398=ADVANCED_FACE('',(#327),#3278,.T.);
#3399=ADVANCED_FACE('',(#328),#59,.F.);
#3400=ADVANCED_FACE('',(#329),#3279,.T.);
#3401=ADVANCED_FACE('',(#330),#3280,.T.);
#3402=ADVANCED_FACE('',(#331),#60,.F.);
#3403=ADVANCED_FACE('',(#332),#3281,.T.);
#3404=ADVANCED_FACE('',(#333),#61,.F.);
#3405=ADVANCED_FACE('',(#334),#62,.F.);
#3406=ADVANCED_FACE('',(#335,#142),#3282,.T.);
#3407=ADVANCED_FACE('',(#336),#3283,.T.);
#3408=ADVANCED_FACE('',(#337),#101,.T.);
#3409=ADVANCED_FACE('',(#338),#3284,.T.);
#3410=ADVANCED_FACE('',(#339),#102,.T.);
#3411=ADVANCED_FACE('',(#340),#103,.T.);
#3412=ADVANCED_FACE('',(#341),#3285,.T.);
#3413=ADVANCED_FACE('',(#342),#104,.T.);
#3414=ADVANCED_FACE('',(#343),#3286,.T.);
#3415=ADVANCED_FACE('',(#344),#63,.T.);
#3416=ADVANCED_FACE('',(#345),#3287,.T.);
#3417=ADVANCED_FACE('',(#346),#64,.T.);
#3418=ADVANCED_FACE('',(#347),#3288,.T.);
#3419=ADVANCED_FACE('',(#348),#65,.T.);
#3420=ADVANCED_FACE('',(#349),#3289,.T.);
#3421=ADVANCED_FACE('',(#350),#66,.T.);
#3422=ADVANCED_FACE('',(#351),#67,.T.);
#3423=ADVANCED_FACE('',(#352),#3290,.T.);
#3424=ADVANCED_FACE('',(#353),#68,.T.);
#3425=ADVANCED_FACE('',(#354),#3291,.T.);
#3426=ADVANCED_FACE('',(#355),#69,.T.);
#3427=ADVANCED_FACE('',(#356),#3292,.T.);
#3428=ADVANCED_FACE('',(#357),#70,.T.);
#3429=ADVANCED_FACE('',(#358),#3293,.T.);
#3430=ADVANCED_FACE('',(#359),#3294,.T.);
#3431=ADVANCED_FACE('',(#360),#105,.T.);
#3432=ADVANCED_FACE('',(#361),#3295,.T.);
#3433=ADVANCED_FACE('',(#362),#106,.T.);
#3434=ADVANCED_FACE('',(#363),#3296,.T.);
#3435=ADVANCED_FACE('',(#364),#107,.T.);
#3436=ADVANCED_FACE('',(#365),#3297,.T.);
#3437=ADVANCED_FACE('',(#366),#108,.T.);
#3438=ADVANCED_FACE('',(#367),#71,.T.);
#3439=ADVANCED_FACE('',(#368),#3298,.T.);
#3440=ADVANCED_FACE('',(#369),#72,.T.);
#3441=ADVANCED_FACE('',(#370),#3299,.T.);
#3442=ADVANCED_FACE('',(#371),#73,.T.);
#3443=ADVANCED_FACE('',(#372),#3300,.T.);
#3444=ADVANCED_FACE('',(#373),#74,.T.);
#3445=ADVANCED_FACE('',(#374),#3301,.T.);
#3446=ADVANCED_FACE('',(#375),#75,.T.);
#3447=ADVANCED_FACE('',(#376),#3302,.T.);
#3448=ADVANCED_FACE('',(#377),#76,.T.);
#3449=ADVANCED_FACE('',(#378),#3303,.T.);
#3450=ADVANCED_FACE('',(#379),#77,.T.);
#3451=ADVANCED_FACE('',(#380),#3304,.T.);
#3452=ADVANCED_FACE('',(#381),#78,.T.);
#3453=ADVANCED_FACE('',(#382),#3305,.T.);
#3454=ADVANCED_FACE('',(#383),#79,.F.);
#3455=ADVANCED_FACE('',(#384,#143,#144),#3306,.F.);
#3456=ADVANCED_FACE('',(#385),#3307,.F.);
#3457=ADVANCED_FACE('',(#386),#109,.F.);
#3458=ADVANCED_FACE('',(#387),#80,.F.);
#3459=ADVANCED_FACE('',(#388),#3308,.T.);
#3460=ADVANCED_FACE('',(#389),#81,.F.);
#3461=ADVANCED_FACE('',(#390),#3309,.T.);
#3462=ADVANCED_FACE('',(#391,#145),#3310,.T.);
#3463=ADVANCED_FACE('',(#392),#110,.F.);
#3464=ADVANCED_FACE('',(#393),#82,.F.);
#3465=ADVANCED_FACE('',(#394),#3311,.T.);
#3466=ADVANCED_FACE('',(#395),#3312,.T.);
#3467=ADVANCED_FACE('',(#396),#3313,.T.);
#3468=ADVANCED_FACE('',(#397),#3314,.T.);
#3469=ADVANCED_FACE('',(#398),#3315,.T.);
#3470=ADVANCED_FACE('',(#399),#3316,.T.);
#3471=ADVANCED_FACE('',(#400),#3317,.T.);
#3472=ADVANCED_FACE('',(#401),#3318,.T.);
#3473=ADVANCED_FACE('',(#402),#3319,.T.);
#3474=ADVANCED_FACE('',(#403),#3320,.T.);
#3475=ADVANCED_FACE('',(#404),#3321,.F.);
#3476=ADVANCED_FACE('',(#405),#3322,.T.);
#3477=ADVANCED_FACE('',(#406),#83,.F.);
#3478=ADVANCED_FACE('',(#407),#111,.F.);
#3479=ADVANCED_FACE('',(#408),#84,.F.);
#3480=ADVANCED_FACE('',(#409),#112,.F.);
#3481=ADVANCED_FACE('',(#410),#85,.F.);
#3482=ADVANCED_FACE('',(#411,#146,#147),#3323,.T.);
#3483=ADVANCED_FACE('',(#412),#113,.F.);
#3484=ADVANCED_FACE('',(#413),#86,.F.);
#3485=ADVANCED_FACE('',(#414),#114,.F.);
#3486=ADVANCED_FACE('',(#415),#115,.F.);
#3487=ADVANCED_FACE('',(#416,#148),#3324,.F.);
#3488=ADVANCED_FACE('',(#417,#149),#3325,.F.);
#3489=ADVANCED_FACE('',(#418),#43,.T.);
#3490=ADVANCED_FACE('',(#419),#116,.T.);
#3491=ADVANCED_FACE('',(#420),#44,.T.);
#3492=ADVANCED_FACE('',(#421),#117,.F.);
#3493=ADVANCED_FACE('',(#422),#118,.T.);
#3494=ADVANCED_FACE('',(#423),#45,.T.);
#3495=ADVANCED_FACE('',(#424),#119,.T.);
#3496=ADVANCED_FACE('',(#425),#120,.T.);
#3497=ADVANCED_FACE('',(#426),#46,.T.);
#3498=ADVANCED_FACE('',(#427),#121,.T.);
#3499=ADVANCED_FACE('',(#428),#47,.T.);
#3500=ADVANCED_FACE('',(#429),#122,.T.);
#3501=ADVANCED_FACE('',(#430),#123,.F.);
#3502=ADVANCED_FACE('',(#431),#48,.T.);
#3503=ADVANCED_FACE('',(#432),#124,.T.);
#3504=ADVANCED_FACE('',(#433),#125,.T.);
#3505=ADVANCED_FACE('',(#434),#3326,.F.);
#3506=ADVANCED_FACE('',(#435),#126,.T.);
#3507=ADVANCED_FACE('',(#436),#3327,.F.);
#3508=ADVANCED_FACE('',(#437),#3328,.F.);
#3509=ADVANCED_FACE('',(#438),#87,.F.);
#3510=ADVANCED_FACE('',(#439),#3329,.T.);
#3511=ADVANCED_FACE('',(#440),#88,.F.);
#3512=ADVANCED_FACE('',(#441),#3330,.T.);
#3513=ADVANCED_FACE('',(#442),#89,.T.);
#3514=ADVANCED_FACE('',(#443),#3331,.T.);
#3515=ADVANCED_FACE('',(#444),#90,.T.);
#3516=ADVANCED_FACE('',(#445,#150,#151),#3332,.T.);
#3517=ADVANCED_FACE('',(#446),#3333,.T.);
#3518=ADVANCED_FACE('',(#447),#127,.T.);
#3519=ADVANCED_FACE('',(#448,#152,#153),#3334,.T.);
#3520=ADVANCED_FACE('',(#449),#3335,.F.);
#3521=ADVANCED_FACE('',(#450),#3336,.F.);
#3522=ADVANCED_FACE('',(#451),#3337,.T.);
#3523=ADVANCED_FACE('',(#452),#3338,.T.);
#3524=ADVANCED_FACE('',(#453),#128,.T.);
#3525=ADVANCED_FACE('',(#454),#129,.F.);
#3526=ADVANCED_FACE('',(#455),#3339,.T.);
#3527=ADVANCED_FACE('',(#456),#91,.T.);
#3528=ADVANCED_FACE('',(#457),#3340,.T.);
#3529=ADVANCED_FACE('',(#458),#92,.T.);
#3530=ADVANCED_FACE('',(#459),#3341,.T.);
#3531=ADVANCED_FACE('',(#460),#93,.F.);
#3532=ADVANCED_FACE('',(#461),#3342,.T.);
#3533=ADVANCED_FACE('',(#462),#3343,.T.);
#3534=ADVANCED_FACE('',(#463),#130,.T.);
#3535=ADVANCED_FACE('',(#464),#3344,.T.);
#3536=ADVANCED_FACE('',(#465),#131,.T.);
#3537=ADVANCED_FACE('',(#466),#3345,.T.);
#3538=ADVANCED_FACE('',(#467),#132,.T.);
#3539=ADVANCED_FACE('',(#468),#49,.T.);
#3540=ADVANCED_FACE('',(#469),#3346,.T.);
#3541=ADVANCED_FACE('',(#470),#3347,.T.);
#3542=ADVANCED_FACE('',(#471),#3348,.T.);
#3543=ADVANCED_FACE('',(#472),#3349,.F.);
#3544=ADVANCED_FACE('',(#473),#3350,.T.);
#3545=ADVANCED_FACE('',(#474),#94,.F.);
#3546=ADVANCED_FACE('',(#475),#3351,.T.);
#3547=ADVANCED_FACE('',(#476),#23,.T.);
#3548=ADVANCED_FACE('',(#477),#133,.F.);
#3549=ADVANCED_FACE('',(#478),#3352,.F.);
#3550=ADVANCED_FACE('',(#479),#3353,.T.);
#3551=ADVANCED_FACE('',(#480),#95,.F.);
#3552=ADVANCED_FACE('',(#481),#3354,.T.);
#3553=ADVANCED_FACE('',(#482),#24,.T.);
#3554=ADVANCED_FACE('',(#483),#134,.F.);
#3555=ADVANCED_FACE('',(#484),#3355,.F.);
#3556=ADVANCED_FACE('',(#485),#135,.T.);
#3557=ADVANCED_FACE('',(#486),#3356,.T.);
#3558=ADVANCED_FACE('',(#487),#96,.T.);
#3559=ADVANCED_FACE('',(#488),#3357,.F.);
#3560=ADVANCED_FACE('',(#489),#136,.F.);
#3561=ADVANCED_FACE('',(#490),#137,.F.);
#3562=ADVANCED_FACE('',(#491),#3358,.F.);
#3563=ADVANCED_FACE('',(#492),#3359,.T.);
#3564=ADVANCED_FACE('',(#493),#25,.T.);
#3565=ADVANCED_FACE('',(#494),#3360,.T.);
#3566=ADVANCED_FACE('',(#495),#97,.F.);
#3567=ADVANCED_FACE('',(#496),#3361,.T.);
#3568=ADVANCED_FACE('',(#497),#98,.F.);
#3569=ADVANCED_FACE('',(#498),#3362,.T.);
#3570=ADVANCED_FACE('',(#499),#26,.T.);
#3571=CLOSED_SHELL('',(#3363,#3364,#3365,#3366,#3367,#3368,#3369,#3370,
#3371,#3372,#3373,#3374,#3375,#3376,#3377,#3378,#3379,#3380,#3381,#3382,
#3383,#3384,#3385,#3386,#3387,#3388,#3389,#3390,#3391,#3392,#3393,#3394,
#3395,#3396,#3397,#3398,#3399,#3400,#3401,#3402,#3403,#3404,#3405,#3406,
#3407,#3408,#3409,#3410,#3411,#3412,#3413,#3414,#3415,#3416,#3417,#3418,
#3419,#3420,#3421,#3422,#3423,#3424,#3425,#3426,#3427,#3428,#3429,#3430,
#3431,#3432,#3433,#3434,#3435,#3436,#3437,#3438,#3439,#3440,#3441,#3442,
#3443,#3444,#3445,#3446,#3447,#3448,#3449,#3450,#3451,#3452,#3453,#3454,
#3455,#3456,#3457,#3458,#3459,#3460,#3461,#3462,#3463,#3464,#3465,#3466,
#3467,#3468,#3469,#3470,#3471,#3472,#3473,#3474,#3475,#3476,#3477,#3478,
#3479,#3480,#3481,#3482,#3483,#3484,#3485,#3486,#3487,#3488));
#3572=CLOSED_SHELL('',(#3489,#3490,#3491,#3492,#3493,#3494,#3495,#3496,
#3497,#3498,#3499,#3500,#3501,#3502,#3503,#3504,#3505,#3506,#3507,#3508,
#3509,#3510,#3511,#3512,#3513,#3514,#3515,#3516,#3517,#3518,#3519,#3520,
#3521,#3522,#3523,#3524,#3525,#3526,#3527,#3528,#3529,#3530,#3531,#3532,
#3533,#3534,#3535,#3536,#3537,#3538,#3539,#3540,#3541,#3542,#3543,#3544,
#3545,#3546,#3547,#3548,#3549,#3550,#3551,#3552,#3553,#3554,#3555,#3556,
#3557,#3558,#3559,#3560,#3561,#3562,#3563,#3564,#3565,#3566,#3567,#3568,
#3569,#3570));
#3573=DERIVED_UNIT_ELEMENT(#3577,1.);
#3574=DERIVED_UNIT_ELEMENT(#6283,-3.);
#3575=DERIVED_UNIT_ELEMENT(#3577,1.);
#3576=DERIVED_UNIT_ELEMENT(#6283,-3.);
#3577=(
MASS_UNIT()
NAMED_UNIT(*)
SI_UNIT(.KILO.,.GRAM.)
);
#3578=DERIVED_UNIT((#3573,#3574));
#3579=DERIVED_UNIT((#3575,#3576));
#3580=MEASURE_REPRESENTATION_ITEM('density measure',
POSITIVE_RATIO_MEASURE(7850.),#3578);
#3581=MEASURE_REPRESENTATION_ITEM('density measure',
POSITIVE_RATIO_MEASURE(7850.),#3579);
#3582=PROPERTY_DEFINITION_REPRESENTATION(#3592,#3586);
#3583=PROPERTY_DEFINITION_REPRESENTATION(#3593,#3587);
#3584=PROPERTY_DEFINITION_REPRESENTATION(#3594,#3588);
#3585=PROPERTY_DEFINITION_REPRESENTATION(#3595,#3589);
#3586=REPRESENTATION('material name',(#3590),#6279);
#3587=REPRESENTATION('density',(#3580),#6279);
#3588=REPRESENTATION('material name',(#3591),#6280);
#3589=REPRESENTATION('density',(#3581),#6280);
#3590=DESCRIPTIVE_REPRESENTATION_ITEM('Steel','Steel');
#3591=DESCRIPTIVE_REPRESENTATION_ITEM('Steel','Steel');
#3592=PROPERTY_DEFINITION('material property','material name',#6304);
#3593=PROPERTY_DEFINITION('material property','density of part',#6304);
#3594=PROPERTY_DEFINITION('material property','material name',#6305);
#3595=PROPERTY_DEFINITION('material property','density of part',#6305);
#3596=AXIS2_PLACEMENT_3D('',#4994,#3945,#3946);
#3597=AXIS2_PLACEMENT_3D('',#4995,#3947,#3948);
#3598=AXIS2_PLACEMENT_3D('',#4996,#3949,#3950);
#3599=AXIS2_PLACEMENT_3D('',#4997,#3951,#3952);
#3600=AXIS2_PLACEMENT_3D('',#5006,#3957,#3958);
#3601=AXIS2_PLACEMENT_3D('',#5041,#3976,#3977);
#3602=AXIS2_PLACEMENT_3D('',#5049,#3982,#3983);
#3603=AXIS2_PLACEMENT_3D('',#5055,#3987,#3988);
#3604=AXIS2_PLACEMENT_3D('',#5064,#3994,#3995);
#3605=AXIS2_PLACEMENT_3D('',#5071,#3999,#4000);
#3606=AXIS2_PLACEMENT_3D('',#5080,#4007,#4008);
#3607=AXIS2_PLACEMENT_3D('',#5092,#4014,#4015);
#3608=AXIS2_PLACEMENT_3D('',#5096,#4017,#4018);
#3609=AXIS2_PLACEMENT_3D('',#5102,#4022,#4023);
#3610=AXIS2_PLACEMENT_3D('',#5106,#4026,#4027);
#3611=AXIS2_PLACEMENT_3D('',#5112,#4031,#4032);
#3612=AXIS2_PLACEMENT_3D('',#5118,#4036,#4037);
#3613=AXIS2_PLACEMENT_3D('',#5124,#4041,#4042);
#3614=AXIS2_PLACEMENT_3D('',#5142,#4052,#4053);
#3615=AXIS2_PLACEMENT_3D('',#5144,#4055,#4056);
#3616=AXIS2_PLACEMENT_3D('',#5146,#4058,#4059);
#3617=AXIS2_PLACEMENT_3D('',#5147,#4060,#4061);
#3618=AXIS2_PLACEMENT_3D('',#5151,#4064,#4065);
#3619=AXIS2_PLACEMENT_3D('',#5156,#4069,#4070);
#3620=AXIS2_PLACEMENT_3D('',#5160,#4073,#4074);
#3621=AXIS2_PLACEMENT_3D('',#5166,#4078,#4079);
#3622=AXIS2_PLACEMENT_3D('',#5170,#4082,#4083);
#3623=AXIS2_PLACEMENT_3D('',#5171,#4084,#4085);
#3624=AXIS2_PLACEMENT_3D('',#5175,#4087,#4088);
#3625=AXIS2_PLACEMENT_3D('',#5178,#4090,#4091);
#3626=AXIS2_PLACEMENT_3D('',#5188,#4097,#4098);
#3627=AXIS2_PLACEMENT_3D('',#5190,#4099,#4100);
#3628=AXIS2_PLACEMENT_3D('',#5191,#4101,#4102);
#3629=AXIS2_PLACEMENT_3D('',#5192,#4103,#4104);
#3630=AXIS2_PLACEMENT_3D('',#5193,#4105,#4106);
#3631=AXIS2_PLACEMENT_3D('',#5197,#4109,#4110);
#3632=AXIS2_PLACEMENT_3D('',#5199,#4112,#4113);
#3633=AXIS2_PLACEMENT_3D('',#5200,#4114,#4115);
#3634=AXIS2_PLACEMENT_3D('',#5204,#4118,#4119);
#3635=AXIS2_PLACEMENT_3D('',#5206,#4120,#4121);
#3636=AXIS2_PLACEMENT_3D('',#5210,#4123,#4124);
#3637=AXIS2_PLACEMENT_3D('',#5214,#4126,#4127);
#3638=AXIS2_PLACEMENT_3D('',#5217,#4129,#4130);
#3639=AXIS2_PLACEMENT_3D('',#5220,#4131,#4132);
#3640=AXIS2_PLACEMENT_3D('',#5224,#4134,#4135);
#3641=AXIS2_PLACEMENT_3D('',#5226,#4137,#4138);
#3642=AXIS2_PLACEMENT_3D('',#5227,#4139,#4140);
#3643=AXIS2_PLACEMENT_3D('',#5228,#4141,#4142);
#3644=AXIS2_PLACEMENT_3D('',#5229,#4143,#4144);
#3645=AXIS2_PLACEMENT_3D('',#5230,#4145,#4146);
#3646=AXIS2_PLACEMENT_3D('',#5233,#4147,#4148);
#3647=AXIS2_PLACEMENT_3D('',#5237,#4150,#4151);
#3648=AXIS2_PLACEMENT_3D('',#5239,#4153,#4154);
#3649=AXIS2_PLACEMENT_3D('',#5242,#4155,#4156);
#3650=AXIS2_PLACEMENT_3D('',#5246,#4158,#4159);
#3651=AXIS2_PLACEMENT_3D('',#5252,#4162,#4163);
#3652=AXIS2_PLACEMENT_3D('',#5255,#4165,#4166);
#3653=AXIS2_PLACEMENT_3D('',#5256,#4167,#4168);
#3654=AXIS2_PLACEMENT_3D('',#5262,#4172,#4173);
#3655=AXIS2_PLACEMENT_3D('',#5265,#4175,#4176);
#3656=AXIS2_PLACEMENT_3D('',#5267,#4178,#4179);
#3657=AXIS2_PLACEMENT_3D('',#5270,#4182,#4183);
#3658=AXIS2_PLACEMENT_3D('',#5272,#4185,#4186);
#3659=AXIS2_PLACEMENT_3D('',#5273,#4187,#4188);
#3660=AXIS2_PLACEMENT_3D('',#5276,#4191,#4192);
#3661=AXIS2_PLACEMENT_3D('',#5278,#4194,#4195);
#3662=AXIS2_PLACEMENT_3D('',#5280,#4197,#4198);
#3663=AXIS2_PLACEMENT_3D('',#5281,#4199,#4200);
#3664=AXIS2_PLACEMENT_3D('',#5283,#4201,#4202);
#3665=AXIS2_PLACEMENT_3D('',#5286,#4204,#4205);
#3666=AXIS2_PLACEMENT_3D('',#5287,#4206,#4207);
#3667=AXIS2_PLACEMENT_3D('',#5296,#4211,#4212);
#3668=AXIS2_PLACEMENT_3D('',#5300,#4214,#4215);
#3669=AXIS2_PLACEMENT_3D('',#5304,#4217,#4218);
#3670=AXIS2_PLACEMENT_3D('',#5307,#4220,#4221);
#3671=AXIS2_PLACEMENT_3D('',#5308,#4222,#4223);
#3672=AXIS2_PLACEMENT_3D('',#5317,#4228,#4229);
#3673=AXIS2_PLACEMENT_3D('',#5319,#4230,#4231);
#3674=AXIS2_PLACEMENT_3D('',#5322,#4233,#4234);
#3675=AXIS2_PLACEMENT_3D('',#5323,#4235,#4236);
#3676=AXIS2_PLACEMENT_3D('',#5329,#4240,#4241);
#3677=AXIS2_PLACEMENT_3D('',#5330,#4242,#4243);
#3678=AXIS2_PLACEMENT_3D('',#5331,#4244,#4245);
#3679=AXIS2_PLACEMENT_3D('',#5332,#4246,#4247);
#3680=AXIS2_PLACEMENT_3D('',#5334,#4248,#4249);
#3681=AXIS2_PLACEMENT_3D('',#5337,#4251,#4252);
#3682=AXIS2_PLACEMENT_3D('',#5338,#4253,#4254);
#3683=AXIS2_PLACEMENT_3D('',#5344,#4258,#4259);
#3684=AXIS2_PLACEMENT_3D('',#5345,#4260,#4261);
#3685=AXIS2_PLACEMENT_3D('',#5346,#4262,#4263);
#3686=AXIS2_PLACEMENT_3D('',#5347,#4264,#4265);
#3687=AXIS2_PLACEMENT_3D('',#5350,#4268,#4269);
#3688=AXIS2_PLACEMENT_3D('',#5352,#4270,#4271);
#3689=AXIS2_PLACEMENT_3D('',#5354,#4273,#4274);
#3690=AXIS2_PLACEMENT_3D('',#5358,#4277,#4278);
#3691=AXIS2_PLACEMENT_3D('',#5360,#4279,#4280);
#3692=AXIS2_PLACEMENT_3D('',#5362,#4282,#4283);
#3693=AXIS2_PLACEMENT_3D('',#5366,#4286,#4287);
#3694=AXIS2_PLACEMENT_3D('',#5368,#4288,#4289);
#3695=AXIS2_PLACEMENT_3D('',#5370,#4291,#4292);
#3696=AXIS2_PLACEMENT_3D('',#5374,#4295,#4296);
#3697=AXIS2_PLACEMENT_3D('',#5375,#4297,#4298);
#3698=AXIS2_PLACEMENT_3D('',#5377,#4300,#4301);
#3699=AXIS2_PLACEMENT_3D('',#5379,#4303,#4304);
#3700=AXIS2_PLACEMENT_3D('',#5381,#4306,#4307);
#3701=AXIS2_PLACEMENT_3D('',#5383,#4309,#4310);
#3702=AXIS2_PLACEMENT_3D('',#5385,#4312,#4313);
#3703=AXIS2_PLACEMENT_3D('',#5387,#4315,#4316);
#3704=AXIS2_PLACEMENT_3D('',#5389,#4318,#4319);
#3705=AXIS2_PLACEMENT_3D('',#5390,#4320,#4321);
#3706=AXIS2_PLACEMENT_3D('',#5391,#4322,#4323);
#3707=AXIS2_PLACEMENT_3D('',#5393,#4325,#4326);
#3708=AXIS2_PLACEMENT_3D('',#5395,#4327,#4328);
#3709=AXIS2_PLACEMENT_3D('',#5397,#4330,#4331);
#3710=AXIS2_PLACEMENT_3D('',#5401,#4334,#4335);
#3711=AXIS2_PLACEMENT_3D('',#5403,#4336,#4337);
#3712=AXIS2_PLACEMENT_3D('',#5405,#4339,#4340);
#3713=AXIS2_PLACEMENT_3D('',#5409,#4343,#4344);
#3714=AXIS2_PLACEMENT_3D('',#5411,#4345,#4346);
#3715=AXIS2_PLACEMENT_3D('',#5413,#4348,#4349);
#3716=AXIS2_PLACEMENT_3D('',#5417,#4352,#4353);
#3717=AXIS2_PLACEMENT_3D('',#5418,#4354,#4355);
#3718=AXIS2_PLACEMENT_3D('',#5419,#4356,#4357);
#3719=AXIS2_PLACEMENT_3D('',#5424,#4360,#4361);
#3720=AXIS2_PLACEMENT_3D('',#5425,#4362,#4363);
#3721=AXIS2_PLACEMENT_3D('',#5429,#4366,#4367);
#3722=AXIS2_PLACEMENT_3D('',#5432,#4369,#4370);
#3723=AXIS2_PLACEMENT_3D('',#5433,#4371,#4372);
#3724=AXIS2_PLACEMENT_3D('',#5437,#4375,#4376);
#3725=AXIS2_PLACEMENT_3D('',#5440,#4378,#4379);
#3726=AXIS2_PLACEMENT_3D('',#5441,#4380,#4381);
#3727=AXIS2_PLACEMENT_3D('',#5445,#4384,#4385);
#3728=AXIS2_PLACEMENT_3D('',#5448,#4387,#4388);
#3729=AXIS2_PLACEMENT_3D('',#5449,#4389,#4390);
#3730=AXIS2_PLACEMENT_3D('',#5453,#4393,#4394);
#3731=AXIS2_PLACEMENT_3D('',#5456,#4396,#4397);
#3732=AXIS2_PLACEMENT_3D('',#5457,#4398,#4399);
#3733=AXIS2_PLACEMENT_3D('',#5461,#4402,#4403);
#3734=AXIS2_PLACEMENT_3D('',#5464,#4405,#4406);
#3735=AXIS2_PLACEMENT_3D('',#5465,#4407,#4408);
#3736=AXIS2_PLACEMENT_3D('',#5469,#4411,#4412);
#3737=AXIS2_PLACEMENT_3D('',#5472,#4414,#4415);
#3738=AXIS2_PLACEMENT_3D('',#5473,#4416,#4417);
#3739=AXIS2_PLACEMENT_3D('',#5477,#4420,#4421);
#3740=AXIS2_PLACEMENT_3D('',#5480,#4423,#4424);
#3741=AXIS2_PLACEMENT_3D('',#5481,#4425,#4426);
#3742=AXIS2_PLACEMENT_3D('',#5483,#4428,#4429);
#3743=AXIS2_PLACEMENT_3D('',#5485,#4430,#4431);
#3744=AXIS2_PLACEMENT_3D('',#5488,#4433,#4434);
#3745=AXIS2_PLACEMENT_3D('',#5489,#4435,#4436);
#3746=AXIS2_PLACEMENT_3D('',#5494,#4438,#4439);
#3747=AXIS2_PLACEMENT_3D('',#5497,#4441,#4442);
#3748=AXIS2_PLACEMENT_3D('',#5498,#4443,#4444);
#3749=AXIS2_PLACEMENT_3D('',#5502,#4447,#4448);
#3750=AXIS2_PLACEMENT_3D('',#5503,#4449,#4450);
#3751=AXIS2_PLACEMENT_3D('',#5504,#4451,#4452);
#3752=AXIS2_PLACEMENT_3D('',#5507,#4455,#4456);
#3753=AXIS2_PLACEMENT_3D('',#5509,#4458,#4459);
#3754=AXIS2_PLACEMENT_3D('',#5511,#4461,#4462);
#3755=AXIS2_PLACEMENT_3D('',#5512,#4463,#4464);
#3756=AXIS2_PLACEMENT_3D('',#5514,#4465,#4466);
#3757=AXIS2_PLACEMENT_3D('',#5515,#4467,#4468);
#3758=AXIS2_PLACEMENT_3D('',#5517,#4469,#4470);
#3759=AXIS2_PLACEMENT_3D('',#5519,#4472,#4473);
#3760=AXIS2_PLACEMENT_3D('',#5521,#4475,#4476);
#3761=AXIS2_PLACEMENT_3D('',#5525,#4479,#4480);
#3762=AXIS2_PLACEMENT_3D('',#5529,#4483,#4484);
#3763=AXIS2_PLACEMENT_3D('',#5534,#4488,#4489);
#3764=AXIS2_PLACEMENT_3D('',#5538,#4492,#4493);
#3765=AXIS2_PLACEMENT_3D('',#5542,#4496,#4497);
#3766=AXIS2_PLACEMENT_3D('',#5544,#4499,#4500);
#3767=AXIS2_PLACEMENT_3D('',#5548,#4503,#4504);
#3768=AXIS2_PLACEMENT_3D('',#5552,#4507,#4508);
#3769=AXIS2_PLACEMENT_3D('',#5557,#4512,#4513);
#3770=AXIS2_PLACEMENT_3D('',#5559,#4515,#4516);
#3771=AXIS2_PLACEMENT_3D('',#5560,#4517,#4518);
#3772=AXIS2_PLACEMENT_3D('',#5561,#4519,#4520);
#3773=AXIS2_PLACEMENT_3D('',#5564,#4521,#4522);
#3774=AXIS2_PLACEMENT_3D('',#5566,#4524,#4525);
#3775=AXIS2_PLACEMENT_3D('',#5567,#4526,#4527);
#3776=AXIS2_PLACEMENT_3D('',#5569,#4528,#4529);
#3777=AXIS2_PLACEMENT_3D('',#5571,#4531,#4532);
#3778=AXIS2_PLACEMENT_3D('',#5574,#4533,#4534);
#3779=AXIS2_PLACEMENT_3D('',#5576,#4536,#4537);
#3780=AXIS2_PLACEMENT_3D('',#5577,#4538,#4539);
#3781=AXIS2_PLACEMENT_3D('',#5579,#4540,#4541);
#3782=AXIS2_PLACEMENT_3D('',#5581,#4543,#4544);
#3783=AXIS2_PLACEMENT_3D('',#5583,#4545,#4546);
#3784=AXIS2_PLACEMENT_3D('',#5586,#4548,#4549);
#3785=AXIS2_PLACEMENT_3D('',#5587,#4550,#4551);
#3786=AXIS2_PLACEMENT_3D('',#5589,#4552,#4553);
#3787=AXIS2_PLACEMENT_3D('',#5590,#4554,#4555);
#3788=AXIS2_PLACEMENT_3D('',#5593,#4557,#4558);
#3789=AXIS2_PLACEMENT_3D('',#5594,#4559,#4560);
#3790=AXIS2_PLACEMENT_3D('',#5596,#4561,#4562);
#3791=AXIS2_PLACEMENT_3D('',#5598,#4564,#4565);
#3792=AXIS2_PLACEMENT_3D('',#5601,#4567,#4568);
#3793=AXIS2_PLACEMENT_3D('',#5602,#4569,#4570);
#3794=AXIS2_PLACEMENT_3D('',#5603,#4571,#4572);
#3795=AXIS2_PLACEMENT_3D('',#5604,#4573,#4574);
#3796=AXIS2_PLACEMENT_3D('',#5605,#4575,#4576);
#3797=AXIS2_PLACEMENT_3D('',#5606,#4577,#4578);
#3798=AXIS2_PLACEMENT_3D('',#5609,#4579,#4580);
#3799=AXIS2_PLACEMENT_3D('',#5611,#4581,#4582);
#3800=AXIS2_PLACEMENT_3D('',#5613,#4583,#4584);
#3801=AXIS2_PLACEMENT_3D('',#5614,#4585,#4586);
#3802=AXIS2_PLACEMENT_3D('',#5615,#4587,#4588);
#3803=AXIS2_PLACEMENT_3D('',#5618,#4589,#4590);
#3804=AXIS2_PLACEMENT_3D('',#5621,#4593,#4594);
#3805=AXIS2_PLACEMENT_3D('',#5624,#4595,#4596);
#3806=AXIS2_PLACEMENT_3D('',#5626,#4597,#4598);
#3807=AXIS2_PLACEMENT_3D('',#5628,#4599,#4600);
#3808=AXIS2_PLACEMENT_3D('',#5629,#4601,#4602);
#3809=AXIS2_PLACEMENT_3D('',#5630,#4603,#4604);
#3810=AXIS2_PLACEMENT_3D('',#5633,#4605,#4606);
#3811=AXIS2_PLACEMENT_3D('',#5643,#4609,#4610);
#3812=AXIS2_PLACEMENT_3D('',#5646,#4611,#4612);
#3813=AXIS2_PLACEMENT_3D('',#5649,#4615,#4616);
#3814=AXIS2_PLACEMENT_3D('',#5652,#4617,#4618);
#3815=AXIS2_PLACEMENT_3D('',#5654,#4619,#4620);
#3816=AXIS2_PLACEMENT_3D('',#5656,#4621,#4622);
#3817=AXIS2_PLACEMENT_3D('',#5657,#4623,#4624);
#3818=AXIS2_PLACEMENT_3D('',#5658,#4625,#4626);
#3819=AXIS2_PLACEMENT_3D('',#5661,#4629,#4630);
#3820=AXIS2_PLACEMENT_3D('',#5664,#4631,#4632);
#3821=AXIS2_PLACEMENT_3D('',#5668,#4634,#4635);
#3822=AXIS2_PLACEMENT_3D('',#5671,#4637,#4638);
#3823=AXIS2_PLACEMENT_3D('',#5672,#4639,#4640);
#3824=AXIS2_PLACEMENT_3D('',#5675,#4641,#4642);
#3825=AXIS2_PLACEMENT_3D('',#5676,#4643,#4644);
#3826=AXIS2_PLACEMENT_3D('',#5677,#4645,#4646);
#3827=AXIS2_PLACEMENT_3D('',#5678,#4647,#4648);
#3828=AXIS2_PLACEMENT_3D('',#5681,#4649,#4650);
#3829=AXIS2_PLACEMENT_3D('',#5684,#4653,#4654);
#3830=AXIS2_PLACEMENT_3D('',#5687,#4655,#4656);
#3831=AXIS2_PLACEMENT_3D('',#5688,#4657,#4658);
#3832=AXIS2_PLACEMENT_3D('',#5689,#4659,#4660);
#3833=AXIS2_PLACEMENT_3D('',#5690,#4661,#4662);
#3834=AXIS2_PLACEMENT_3D('',#5693,#4665,#4666);
#3835=AXIS2_PLACEMENT_3D('',#5707,#4669,#4670);
#3836=AXIS2_PLACEMENT_3D('',#5708,#4671,#4672);
#3837=AXIS2_PLACEMENT_3D('',#5709,#4673,#4674);
#3838=AXIS2_PLACEMENT_3D('',#5710,#4675,#4676);
#3839=AXIS2_PLACEMENT_3D('',#5711,#4677,#4678);
#3840=AXIS2_PLACEMENT_3D('',#5715,#4680,#4681);
#3841=AXIS2_PLACEMENT_3D('',#5717,#4683,#4684);
#3842=AXIS2_PLACEMENT_3D('',#5721,#4686,#4687);
#3843=AXIS2_PLACEMENT_3D('',#5723,#4689,#4690);
#3844=AXIS2_PLACEMENT_3D('',#5727,#4693,#4694);
#3845=AXIS2_PLACEMENT_3D('',#5740,#4696,#4697);
#3846=AXIS2_PLACEMENT_3D('',#5741,#4698,#4699);
#3847=AXIS2_PLACEMENT_3D('',#5747,#4701,#4702);
#3848=AXIS2_PLACEMENT_3D('',#5757,#4704,#4705);
#3849=AXIS2_PLACEMENT_3D('',#5761,#4707,#4708);
#3850=AXIS2_PLACEMENT_3D('',#5763,#4710,#4711);
#3851=AXIS2_PLACEMENT_3D('',#5767,#4714,#4715);
#3852=AXIS2_PLACEMENT_3D('',#5770,#4717,#4718);
#3853=AXIS2_PLACEMENT_3D('',#5771,#4719,#4720);
#3854=AXIS2_PLACEMENT_3D('',#5777,#4724,#4725);
#3855=AXIS2_PLACEMENT_3D('',#5781,#4727,#4728);
#3856=AXIS2_PLACEMENT_3D('',#5783,#4730,#4731);
#3857=AXIS2_PLACEMENT_3D('',#5785,#4733,#4734);
#3858=AXIS2_PLACEMENT_3D('',#5798,#4736,#4737);
#3859=AXIS2_PLACEMENT_3D('',#5802,#4738,#4739);
#3860=AXIS2_PLACEMENT_3D('',#5806,#4741,#4742);
#3861=AXIS2_PLACEMENT_3D('',#5812,#4745,#4746);
#3862=AXIS2_PLACEMENT_3D('',#5814,#4747,#4748);
#3863=AXIS2_PLACEMENT_3D('',#5820,#4751,#4752);
#3864=AXIS2_PLACEMENT_3D('',#5824,#4754,#4755);
#3865=AXIS2_PLACEMENT_3D('',#5828,#4757,#4758);
#3866=AXIS2_PLACEMENT_3D('',#5842,#4761,#4762);
#3867=AXIS2_PLACEMENT_3D('',#5854,#4765,#4766);
#3868=AXIS2_PLACEMENT_3D('',#5856,#4767,#4768);
#3869=AXIS2_PLACEMENT_3D('',#5860,#4771,#4772);
#3870=AXIS2_PLACEMENT_3D('',#5863,#4775,#4776);
#3871=AXIS2_PLACEMENT_3D('',#5865,#4777,#4778);
#3872=AXIS2_PLACEMENT_3D('',#5873,#4782,#4783);
#3873=AXIS2_PLACEMENT_3D('',#5889,#4787,#4788);
#3874=AXIS2_PLACEMENT_3D('',#5899,#4790,#4791);
#3875=AXIS2_PLACEMENT_3D('',#5901,#4793,#4794);
#3876=AXIS2_PLACEMENT_3D('',#5902,#4795,#4796);
#3877=AXIS2_PLACEMENT_3D('',#5906,#4798,#4799);
#3878=AXIS2_PLACEMENT_3D('',#5909,#4801,#4802);
#3879=AXIS2_PLACEMENT_3D('',#5910,#4803,#4804);
#3880=AXIS2_PLACEMENT_3D('',#5916,#4808,#4809);
#3881=AXIS2_PLACEMENT_3D('',#5920,#4811,#4812);
#3882=AXIS2_PLACEMENT_3D('',#5921,#4813,#4814);
#3883=AXIS2_PLACEMENT_3D('',#5922,#4815,#4816);
#3884=AXIS2_PLACEMENT_3D('',#5923,#4817,#4818);
#3885=AXIS2_PLACEMENT_3D('',#5924,#4819,#4820);
#3886=AXIS2_PLACEMENT_3D('',#5927,#4821,#4822);
#3887=AXIS2_PLACEMENT_3D('',#5932,#4826,#4827);
#3888=AXIS2_PLACEMENT_3D('',#5934,#4828,#4829);
#3889=AXIS2_PLACEMENT_3D('',#5936,#4831,#4832);
#3890=AXIS2_PLACEMENT_3D('',#5939,#4835,#4836);
#3891=AXIS2_PLACEMENT_3D('',#5941,#4838,#4839);
#3892=AXIS2_PLACEMENT_3D('',#5942,#4840,#4841);
#3893=AXIS2_PLACEMENT_3D('',#5944,#4843,#4844);
#3894=AXIS2_PLACEMENT_3D('',#5946,#4846,#4847);
#3895=AXIS2_PLACEMENT_3D('',#5948,#4849,#4850);
#3896=AXIS2_PLACEMENT_3D('',#5951,#4852,#4853);
#3897=AXIS2_PLACEMENT_3D('',#5952,#4854,#4855);
#3898=AXIS2_PLACEMENT_3D('',#5956,#4858,#4859);
#3899=AXIS2_PLACEMENT_3D('',#5958,#4860,#4861);
#3900=AXIS2_PLACEMENT_3D('',#5962,#4863,#4864);
#3901=AXIS2_PLACEMENT_3D('',#5963,#4865,#4866);
#3902=AXIS2_PLACEMENT_3D('',#5964,#4867,#4868);
#3903=AXIS2_PLACEMENT_3D('',#5970,#4871,#4872);
#3904=AXIS2_PLACEMENT_3D('',#5972,#4874,#4875);
#3905=AXIS2_PLACEMENT_3D('',#5973,#4876,#4877);
#3906=AXIS2_PLACEMENT_3D('',#5974,#4878,#4879);
#3907=AXIS2_PLACEMENT_3D('',#5975,#4880,#4881);
#3908=AXIS2_PLACEMENT_3D('',#5976,#4882,#4883);
#3909=AXIS2_PLACEMENT_3D('',#5979,#4885,#4886);
#3910=AXIS2_PLACEMENT_3D('',#5980,#4887,#4888);
#3911=AXIS2_PLACEMENT_3D('',#5982,#4890,#4891);
#3912=AXIS2_PLACEMENT_3D('',#5985,#4893,#4894);
#3913=AXIS2_PLACEMENT_3D('',#5987,#4896,#4897);
#3914=AXIS2_PLACEMENT_3D('',#5989,#4899,#4900);
#3915=AXIS2_PLACEMENT_3D('',#5995,#4904,#4905);
#3916=AXIS2_PLACEMENT_3D('',#5998,#4907,#4908);
#3917=AXIS2_PLACEMENT_3D('',#5999,#4909,#4910);
#3918=AXIS2_PLACEMENT_3D('',#6053,#4913,#4914);
#3919=AXIS2_PLACEMENT_3D('',#6057,#4916,#4917);
#3920=AXIS2_PLACEMENT_3D('',#6059,#4919,#4920);
#3921=AXIS2_PLACEMENT_3D('',#6063,#4923,#4924);
#3922=AXIS2_PLACEMENT_3D('',#6069,#4928,#4929);
#3923=AXIS2_PLACEMENT_3D('',#6072,#4931,#4932);
#3924=AXIS2_PLACEMENT_3D('',#6073,#4933,#4934);
#3925=AXIS2_PLACEMENT_3D('',#6127,#4937,#4938);
#3926=AXIS2_PLACEMENT_3D('',#6131,#4940,#4941);
#3927=AXIS2_PLACEMENT_3D('',#6133,#4943,#4944);
#3928=AXIS2_PLACEMENT_3D('',#6137,#4947,#4948);
#3929=AXIS2_PLACEMENT_3D('',#6138,#4949,#4950);
#3930=AXIS2_PLACEMENT_3D('',#6139,#4951,#4952);
#3931=AXIS2_PLACEMENT_3D('',#6140,#4953,#4954);
#3932=AXIS2_PLACEMENT_3D('',#6143,#4956,#4957);
#3933=AXIS2_PLACEMENT_3D('',#6147,#4960,#4961);
#3934=AXIS2_PLACEMENT_3D('',#6172,#4962,#4963);
#3935=AXIS2_PLACEMENT_3D('',#6197,#4965,#4966);
#3936=AXIS2_PLACEMENT_3D('',#6199,#4968,#4969);
#3937=AXIS2_PLACEMENT_3D('',#6231,#4973,#4974);
#3938=AXIS2_PLACEMENT_3D('',#6233,#4976,#4977);
#3939=AXIS2_PLACEMENT_3D('',#6234,#4978,#4979);
#3940=AXIS2_PLACEMENT_3D('',#6237,#4982,#4983);
#3941=AXIS2_PLACEMENT_3D('',#6239,#4985,#4986);
#3942=AXIS2_PLACEMENT_3D('',#6269,#4988,#4989);
#3943=AXIS2_PLACEMENT_3D('',#6270,#4990,#4991);
#3944=AXIS2_PLACEMENT_3D('',#6271,#4992,#4993);
#3945=DIRECTION('axis',(0.,0.,1.));
#3946=DIRECTION('refdir',(1.,0.,0.));
#3947=DIRECTION('axis',(0.,0.,1.));
#3948=DIRECTION('refdir',(1.,0.,0.));
#3949=DIRECTION('axis',(0.,0.,1.));
#3950=DIRECTION('refdir',(1.,0.,0.));
#3951=DIRECTION('center_axis',(0.707100440307679,0.707113122008555,3.27805850845835E-8));
#3952=DIRECTION('ref_axis',(4.63591637283096E-8,-2.64697796016969E-23,-0.999999999999999));
#3953=DIRECTION('',(0.701143280305623,-0.701130699659509,-0.129668201488404));
#3954=DIRECTION('',(-4.63591637282978E-8,-1.17611838319768E-20,0.999999999999999));
#3955=DIRECTION('',(0.707113122008555,-0.70710044030768,2.93956516503875E-13));
#3956=DIRECTION('',(-4.63591637282978E-8,-1.17611832570103E-20,0.999999999999999));
#3957=DIRECTION('center_axis',(0.999999999959793,8.96731666699678E-6,4.63591637264339E-8));
#3958=DIRECTION('ref_axis',(4.63591637245699E-8,4.15717301804177E-13,-0.999999999999999));
#3959=DIRECTION('',(-3.16384347681551E-6,0.357647266605461,-0.93385675169141));
#3960=DIRECTION('',(-6.30806954536761E-6,0.70710678117248,-0.707106781172478));
#3961=DIRECTION('',(4.63591637282979E-8,5.66577402350922E-28,-0.999999999999999));
#3962=DIRECTION('',(-6.3080695453676E-6,0.707106781172479,-0.707106781172479));
#3963=DIRECTION('',(-8.96731666699679E-6,0.999999999959794,4.44653177948459E-29));
#3964=DIRECTION('',(-4.63591637282979E-8,0.,0.999999999999999));
#3965=DIRECTION('',(-8.96731666699679E-6,0.999999999959794,-7.8535478166892E-29));
#3966=DIRECTION('',(-4.635916372457E-8,-4.15717301561956E-13,0.999999999999999));
#3967=DIRECTION('',(8.96731666699679E-6,-0.999999999959794,-2.91023434954063E-22));
#3968=DIRECTION('',(4.635916372457E-8,4.15717301543238E-13,-0.999999999999999));
#3969=DIRECTION('',(-8.96731666699679E-6,0.999999999959794,-4.98320408719964E-17));
#3970=DIRECTION('',(-8.96731666699679E-6,0.999999999959794,4.01706983926061E-17));
#3971=DIRECTION('',(-8.96731666699679E-6,0.999999999959794,-4.98320408719964E-17));
#3972=DIRECTION('',(-8.96731666699678E-6,0.999999999959794,4.01698926772623E-17));
#3973=DIRECTION('',(-3.16384347681551E-6,0.357647266605461,-0.93385675169141));
#3974=DIRECTION('',(-6.30806954536761E-6,0.70710678117248,-0.707106781172478));
#3975=DIRECTION('',(4.63591636691754E-8,4.15689774486612E-13,-0.999999999999999));
#3976=DIRECTION('center_axis',(0.707104516160093,0.500004755625157,0.499998447575819));
#3977=DIRECTION('ref_axis',(0.577350307057291,-1.94289029309402E-16,-0.816496554151242));
#3978=DIRECTION('',(0.699227696120497,-0.599707376100279,-0.389142251662474));
#3979=DIRECTION('',(6.30806955981948E-6,-0.70710678117249,0.707106781172468));
#3980=DIRECTION('',(-0.577347866431939,-5.17726083813511E-6,0.816498279912263));
#3981=DIRECTION('',(-0.678601640562198,0.67859554232299,0.281083445556051));
#3982=DIRECTION('center_axis',(6.34085046340664E-6,-0.707106781144038,-0.707106781200627));
#3983=DIRECTION('ref_axis',(6.3080695453677E-6,-0.70710678117249,0.707106781172468));
#3984=DIRECTION('',(-0.377329917980302,0.654834979825675,-0.654838363410152));
#3985=DIRECTION('',(6.3080695453677E-6,-0.70710678117249,0.707106781172468));
#3986=DIRECTION('',(-0.999999999959794,-8.96731672271821E-6,0.));
#3987=DIRECTION('center_axis',(0.707106764767681,6.34085027727394E-6,0.707106797576983));
#3988=DIRECTION('ref_axis',(0.707106797591198,-4.2351647362715E-21,-0.707106764781896));
#3989=DIRECTION('',(0.707106813938984,6.34085075694381E-6,-0.707106748405679));
#3990=DIRECTION('',(8.96731666699679E-6,-0.999999999959794,4.9832040872047E-17));
#3991=DIRECTION('',(-0.635885073393028,0.437384696204822,0.635881121721473));
#3992=DIRECTION('',(-0.678599735873586,0.281084156911104,0.678597152370884));
#3993=DIRECTION('',(-0.577345127563465,-0.577355428621187,0.577350251338277));
#3994=DIRECTION('center_axis',(0.999999999959793,8.96731666699678E-6,4.63591637264339E-8));
#3995=DIRECTION('ref_axis',(4.63591637245699E-8,4.15717301804177E-13,-0.999999999999999));
#3996=DIRECTION('',(-3.16384347681551E-6,0.357647266605461,-0.93385675169141));
#3997=DIRECTION('',(-4.6362836349551E-8,4.09556324744562E-7,0.999999999999915));
#3998=DIRECTION('',(6.30806954536818E-6,-0.707106781172544,0.707106781172414));
#3999=DIRECTION('center_axis',(0.707100853850189,0.660342777127397,0.252894838183801));
#4000=DIRECTION('ref_axis',(0.336760122855122,2.22044604925031E-16,-0.94159047343025));
#4001=DIRECTION('',(-0.512726506421059,0.725095613834478,-0.459725875290109));
#4002=DIRECTION('',(0.33675794184312,2.6341800788017E-6,-0.941591253463331));
#4003=DIRECTION('',(-0.377329917980357,0.654834979825708,-0.654838363410087));
#4004=DIRECTION('',(0.699227696120497,-0.599707376100279,-0.389142251662474));
#4005=DIRECTION('',(3.1638434768155E-6,-0.357647266605461,0.93385675169141));
#4006=DIRECTION('',(-3.16384347681551E-6,0.357647266605461,-0.93385675169141));
#4007=DIRECTION('center_axis',(8.37418926809829E-6,-0.933856751653864,-0.357647266619453));
#4008=DIRECTION('ref_axis',(-3.20713631336357E-6,0.357647266605073,-0.933856751691411));
#4009=DIRECTION('',(0.999999999959952,8.94956215155272E-6,4.63591637264335E-8));
#4010=DIRECTION('',(0.999999999959794,8.96731672489477E-6,9.58798689593429E-32));
#4011=DIRECTION('',(-3.20713631337071E-6,0.357647266605073,-0.933856751691411));
#4012=DIRECTION('',(-0.999999999959794,-8.96731672250796E-6,-6.23222546238196E-15));
#4013=DIRECTION('',(-0.999999999725877,-6.77626357617096E-21,-2.3414660329875E-5));
#4014=DIRECTION('center_axis',(-8.37418926809829E-6,0.933856751653864,0.357647266619453));
#4015=DIRECTION('ref_axis',(2.18659386367356E-5,0.357647266717492,-0.933856751397872));
#4016=DIRECTION('',(-0.999999999790292,-1.4504462795602E-5,1.44581036318811E-5));
#4017=DIRECTION('center_axis',(-8.37418926809829E-6,0.933856751653864,0.357647266619453));
#4018=DIRECTION('ref_axis',(2.18659386367356E-5,0.357647266717492,-0.933856751397872));
#4019=DIRECTION('',(-0.999999999790292,-1.4504462795602E-5,1.44581036318811E-5));
#4020=DIRECTION('',(-3.20713631471588E-6,0.357647266605073,-0.933856751691411));
#4021=DIRECTION('',(-0.999999999959794,-8.96731672271821E-6,0.));
#4022=DIRECTION('center_axis',(8.9673167225072E-6,-0.99999999995971,4.09556740478333E-7));
#4023=DIRECTION('ref_axis',(-4.6362836349551E-8,4.09556324744562E-7,0.999999999999915));
#4024=DIRECTION('',(-3.35961348423481E-7,4.09553727822959E-7,0.99999999999986));
#4025=DIRECTION('',(-0.999999999959794,-8.96731672227436E-6,0.));
#4026=DIRECTION('center_axis',(-0.707112702604149,0.660330100900812,0.252894807499442));
#4027=DIRECTION('ref_axis',(0.3367550836346,-8.32667268468867E-17,0.941592275693813));
#4028=DIRECTION('',(3.20713631337071E-6,-0.357647266605073,0.933856751691411));
#4029=DIRECTION('',(0.701129896989356,0.701144056216583,0.129668346098239));
#4030=DIRECTION('',(-0.63587655292102,-0.437396416152683,-0.635881580628084));
#4031=DIRECTION('center_axis',(-0.707113122008579,0.707100440307656,-2.94893002920549E-13));
#4032=DIRECTION('ref_axis',(-4.17037944484604E-13,1.26217744835362E-28,
1.));
#4033=DIRECTION('',(-1.3281196600267E-15,4.15717280494761E-13,1.));
#4034=DIRECTION('',(-0.707103610754218,-0.707109951604661,2.93955198500313E-13));
#4035=DIRECTION('',(1.3281196600267E-15,-4.15717280494761E-13,-1.));
#4036=DIRECTION('center_axis',(-0.707106781158112,-6.34085046334697E-6,
0.707106781186553));
#4037=DIRECTION('ref_axis',(0.707106781200768,-4.2351647362715E-22,0.707106781172327));
#4038=DIRECTION('',(-8.96731672220491E-6,0.999999999959794,4.01706983925948E-17));
#4039=DIRECTION('',(0.707106748377237,6.34085017012188E-6,0.707106813967426));
#4040=DIRECTION('',(8.96731672220491E-6,-0.999999999959794,-4.01706983925948E-17));
#4041=DIRECTION('center_axis',(-0.999999999959794,-8.96731672220491E-6,
-1.32439179145221E-15));
#4042=DIRECTION('ref_axis',(-1.3281196600267E-15,4.15717280494761E-13,1.));
#4043=DIRECTION('',(8.96731667327438E-6,-0.999999999959794,4.98323318956838E-17));
#4044=DIRECTION('',(-4.63591637245695E-8,-4.15717301552602E-13,0.999999999999999));
#4045=DIRECTION('',(-8.96731667327438E-6,0.999999999959794,-2.52435489670723E-28));
#4046=DIRECTION('',(4.63591637245695E-8,4.15717301543214E-13,-0.999999999999999));
#4047=DIRECTION('',(8.96731667327438E-6,-0.999999999959794,7.85354781668912E-29));
#4048=DIRECTION('',(4.63591637282974E-8,5.66577402350919E-28,-0.999999999999999));
#4049=DIRECTION('',(8.96731667327438E-6,-0.999999999959794,-4.44653177042355E-29));
#4050=DIRECTION('',(6.30806954980653E-6,-0.707106781172479,0.707106781172479));
#4051=DIRECTION('',(-4.63591637282974E-8,-5.66577402350919E-28,0.999999999999999));
#4052=DIRECTION('center_axis',(6.34085046340616E-6,-0.707106781143984,-0.707106781200681));
#4053=DIRECTION('ref_axis',(6.30806954536818E-6,-0.707106781172544,0.707106781172414));
#4054=DIRECTION('',(6.30806963596872E-6,-0.707106781172544,0.707106781172414));
#4055=DIRECTION('center_axis',(0.707104516160093,0.500004755625157,0.499998447575819));
#4056=DIRECTION('ref_axis',(0.577350307057291,-1.94289029309402E-16,-0.816496554151242));
#4057=DIRECTION('',(-0.577355150363173,0.816493129394925,-2.67653625532771E-8));
#4058=DIRECTION('center_axis',(0.816493129394924,0.577355150363174,3.78521786210088E-8));
#4059=DIRECTION('ref_axis',(0.577355150363173,-0.816493129394924,2.67653625532771E-8));
#4060=DIRECTION('center_axis',(0.707106748377249,6.34085013035939E-6,0.707106813967414));
#4061=DIRECTION('ref_axis',(0.707106813981629,4.2351647362715E-22,-0.707106748391464));
#4062=DIRECTION('',(-0.707106813938984,-6.34085072848607E-6,0.70710674840568));
#4063=DIRECTION('',(8.96731666699679E-6,-0.999999999959794,4.9832040872047E-17));
#4064=DIRECTION('center_axis',(8.96731672250795E-6,-0.999999999959794,4.15717292381066E-13));
#4065=DIRECTION('ref_axis',(-4.63591637282978E-8,-1.1761183377593E-20,0.999999999999999));
#4066=DIRECTION('',(-4.63591637282862E-8,-1.17610794737963E-20,0.999999999999999));
#4067=DIRECTION('',(-4.63591637282978E-8,-1.17611837814898E-20,0.999999999999999));
#4068=DIRECTION('',(-0.999999999959794,-8.96731672271821E-6,0.));
#4069=DIRECTION('center_axis',(-8.96731672250795E-6,0.999999999959794,-4.15717292381066E-13));
#4070=DIRECTION('ref_axis',(4.63591637282978E-8,1.1761183377593E-20,-0.999999999999999));
#4071=DIRECTION('',(3.72786862780446E-18,-4.15717292364351E-13,-1.));
#4072=DIRECTION('',(-0.999999999959794,-8.96731672271821E-6,0.));
#4073=DIRECTION('center_axis',(-3.72786862786409E-18,4.15717292371001E-13,
1.));
#4074=DIRECTION('ref_axis',(-8.96731666699677E-6,0.999999999959794,-4.15717292387715E-13));
#4075=DIRECTION('',(-8.96731672250795E-6,0.999999999959794,-4.15717292387716E-13));
#4076=DIRECTION('',(-1.,-6.7762635780344E-21,-3.72786862786409E-18));
#4077=DIRECTION('',(-0.707109951604659,0.707103610754221,-2.93957834501508E-13));
#4078=DIRECTION('center_axis',(-0.999999999959794,-8.96731672250795E-6,
0.));
#4079=DIRECTION('ref_axis',(0.,0.,1.));
#4080=DIRECTION('',(-2.26366898796978E-33,2.52435489670724E-28,-1.));
#4081=DIRECTION('',(-6.34085046366037E-6,0.707106781172332,-0.707106781172332));
#4082=DIRECTION('center_axis',(0.999999999959793,8.96731666699678E-6,4.63591637264339E-8));
#4083=DIRECTION('ref_axis',(4.63591637282978E-8,1.51461293802434E-28,-0.999999999999999));
#4084=DIRECTION('center_axis',(-6.7762635780344E-21,1.,2.52435489670724E-28));
#4085=DIRECTION('ref_axis',(-1.,-6.7762635780344E-21,-1.44340496165599E-23));
#4086=DIRECTION('',(0.999999999999999,6.77626357803438E-21,4.635916372457E-8));
#4087=DIRECTION('center_axis',(-6.7762635780344E-21,1.,2.52435489670724E-28));
#4088=DIRECTION('ref_axis',(-1.,-6.7762635780344E-21,-1.44340496165599E-23));
#4089=DIRECTION('',(0.999999999999999,6.77626357803438E-21,4.635916372457E-8));
#4090=DIRECTION('center_axis',(-6.7762635780344E-21,1.,2.52435489670724E-28));
#4091=DIRECTION('ref_axis',(-1.,-6.7762635780344E-21,-1.44340496165599E-23));
#4092=DIRECTION('',(-1.54485814231261E-15,4.15717278551198E-13,1.));
#4093=DIRECTION('',(0.999999999959794,8.96731672250796E-6,0.));
#4094=DIRECTION('',(4.63591637282974E-8,5.66577402350919E-28,-0.999999999999999));
#4095=DIRECTION('',(-1.,-6.7762635780344E-21,-1.44340496165599E-23));
#4096=DIRECTION('',(-4.63591637282979E-8,-5.66577402350922E-28,0.999999999999999));
#4097=DIRECTION('center_axis',(-6.7762635780344E-21,1.,2.52435489670724E-28));
#4098=DIRECTION('ref_axis',(-1.,-6.7762635780344E-21,-1.44340496165599E-23));
#4099=DIRECTION('center_axis',(-6.7762635780344E-21,1.,2.52435489670724E-28));
#4100=DIRECTION('ref_axis',(-1.,-6.7762635780344E-21,-1.44340496165599E-23));
#4101=DIRECTION('center_axis',(-3.27808790397925E-8,0.7071067811864,0.707106781186694));
#4102=DIRECTION('ref_axis',(0.999999999999999,6.81596824743695E-21,4.635916372457E-8));
#4103=DIRECTION('center_axis',(3.27808790397925E-8,-0.7071067811864,-0.707106781186694));
#4104=DIRECTION('ref_axis',(4.76456032830544E-21,-0.707106781186694,0.7071067811864));
#4105=DIRECTION('center_axis',(-0.707106813938996,-6.34085072264078E-6,
0.707106748405668));
#4106=DIRECTION('ref_axis',(0.707106748419883,-4.2351647362715E-22,0.707106813953211));
#4107=DIRECTION('',(-8.96731667327438E-6,0.999999999959794,-4.98323318956839E-17));
#4108=DIRECTION('',(0.707106748377261,6.34085013185094E-6,0.707106813967402));
#4109=DIRECTION('center_axis',(-0.707109951604661,0.707103610754218,-3.2781026020349E-8));
#4110=DIRECTION('ref_axis',(-4.63591637282974E-8,6.28657265540301E-23,0.999999999999999));
#4111=DIRECTION('',(-0.678595054515089,-0.678601152750154,-0.281085800911084));
#4112=DIRECTION('center_axis',(-8.96731672250796E-6,0.999999999959794,-4.15717292387716E-13));
#4113=DIRECTION('ref_axis',(-1.54485814231261E-15,4.15717278551198E-13,
1.));
#4114=DIRECTION('center_axis',(3.60223375450739E-22,-4.01706983909797E-17,
1.));
#4115=DIRECTION('ref_axis',(8.96731672265184E-6,-0.999999999959794,-4.01706983925948E-17));
#4116=DIRECTION('',(8.96731672265183E-6,-0.999999999959794,-4.01706983925948E-17));
#4117=DIRECTION('',(0.999999999959794,8.96731672250796E-6,0.));
#4118=DIRECTION('center_axis',(-4.635916372457E-8,-4.1566746951121E-13,
0.999999999999999));
#4119=DIRECTION('ref_axis',(0.999999999999999,0.,4.635916372457E-8));
#4120=DIRECTION('center_axis',(4.635916372457E-8,4.1566746951121E-13,-0.999999999999999));
#4121=DIRECTION('ref_axis',(0.923876100830618,0.382691717070035,4.28302824921216E-8));
#4122=DIRECTION('',(0.707113122008543,-0.707100440307691,3.27808790763352E-8));
#4123=DIRECTION('center_axis',(4.635916372457E-8,4.1566746951121E-13,-0.999999999999999));
#4124=DIRECTION('ref_axis',(0.382675147629371,0.923882964117663,1.77408838503678E-8));
#4125=DIRECTION('',(0.999999999959792,8.96731666699683E-6,4.63591637264335E-8));
#4126=DIRECTION('center_axis',(4.635916372457E-8,4.1566746951121E-13,-0.999999999999999));
#4127=DIRECTION('ref_axis',(-0.382691717070044,0.923876100830615,-1.7740883942446E-8));
#4128=DIRECTION('',(0.70710044030768,0.707113122008554,3.27808790058614E-8));
#4129=DIRECTION('center_axis',(4.635916372457E-8,4.1566746951121E-13,-0.999999999999999));
#4130=DIRECTION('ref_axis',(-0.923882964117666,0.382675147629362,-4.28302825302617E-8));
#4131=DIRECTION('center_axis',(-4.635916372457E-8,-4.1566746951121E-13,
0.999999999999999));
#4132=DIRECTION('ref_axis',(0.999999999999999,-3.12738880176101E-16,4.635916372457E-8));
#4133=DIRECTION('',(0.,-1.,-4.1566746951121E-13));
#4134=DIRECTION('center_axis',(-4.635916372457E-8,-4.1566746951121E-13,
0.999999999999999));
#4135=DIRECTION('ref_axis',(0.999999999999999,-3.12738880176101E-16,4.635916372457E-8));
#4136=DIRECTION('',(0.,1.,4.1566746951121E-13));
#4137=DIRECTION('center_axis',(-6.7762635780344E-21,1.,2.52435489670724E-28));
#4138=DIRECTION('ref_axis',(4.63568669733622E-8,5.66561838934104E-28,-0.999999999999999));
#4139=DIRECTION('center_axis',(3.27808790397925E-8,-0.7071067811864,-0.707106781186694));
#4140=DIRECTION('ref_axis',(4.76456032830544E-21,-0.707106781186694,0.7071067811864));
#4141=DIRECTION('center_axis',(-3.27808790397925E-8,0.7071067811864,0.707106781186694));
#4142=DIRECTION('ref_axis',(0.999999999999999,6.81596824743695E-21,4.635916372457E-8));
#4143=DIRECTION('center_axis',(3.27808790397925E-8,-0.7071067811864,-0.707106781186694));
#4144=DIRECTION('ref_axis',(4.76456032830544E-21,-0.707106781186694,0.7071067811864));
#4145=DIRECTION('center_axis',(0.,0.,1.));
#4146=DIRECTION('ref_axis',(1.,0.,0.));
#4147=DIRECTION('center_axis',(-4.63591639017235E-8,-4.15717303431699E-13,
0.999999999999999));
#4148=DIRECTION('ref_axis',(-0.999999999999999,0.,-4.63591639017235E-8));
#4149=DIRECTION('',(0.,0.,1.));
#4150=DIRECTION('center_axis',(0.,0.,-1.));
#4151=DIRECTION('ref_axis',(1.,0.,0.));
#4152=DIRECTION('',(0.,0.,1.));
#4153=DIRECTION('center_axis',(0.,0.,1.));
#4154=DIRECTION('ref_axis',(-1.,0.,0.));
#4155=DIRECTION('center_axis',(0.,0.,-1.));
#4156=DIRECTION('ref_axis',(1.,-3.12738880176101E-16,0.));
#4157=DIRECTION('',(0.,1.,0.));
#4158=DIRECTION('center_axis',(0.,0.,-1.));
#4159=DIRECTION('ref_axis',(-1.,3.12738880176101E-16,0.));
#4160=DIRECTION('',(0.,-1.,0.));
#4161=DIRECTION('',(0.,-1.,0.));
#4162=DIRECTION('center_axis',(0.,0.,1.));
#4163=DIRECTION('ref_axis',(-1.,0.,0.));
#4164=DIRECTION('',(0.,1.,0.));
#4165=DIRECTION('center_axis',(0.,0.,1.));
#4166=DIRECTION('ref_axis',(1.,0.,0.));
#4167=DIRECTION('center_axis',(-1.,0.,0.));
#4168=DIRECTION('ref_axis',(0.,-1.,0.));
#4169=DIRECTION('',(0.,-1.,-4.15717303431699E-13));
#4170=DIRECTION('',(0.,0.,1.));
#4171=DIRECTION('',(0.,1.,0.));
#4172=DIRECTION('center_axis',(0.,0.,1.));
#4173=DIRECTION('ref_axis',(-1.,0.,0.));
#4174=DIRECTION('',(-0.707106781186548,0.,0.707106781186548));
#4175=DIRECTION('center_axis',(0.,0.,-1.));
#4176=DIRECTION('ref_axis',(-1.,0.,0.));
#4177=DIRECTION('',(-0.707106781186548,0.,-0.707106781186548));
#4178=DIRECTION('center_axis',(-0.707106781186548,0.,0.707106781186548));
#4179=DIRECTION('ref_axis',(0.707106781186548,0.,0.707106781186548));
#4180=DIRECTION('',(0.,-1.,0.));
#4181=DIRECTION('',(-0.707106781186548,9.81307786677356E-16,-0.707106781186548));
#4182=DIRECTION('center_axis',(0.,0.,1.));
#4183=DIRECTION('ref_axis',(1.,0.,0.));
#4184=DIRECTION('',(0.707106781186548,-4.90653893338679E-16,-0.707106781186548));
#4185=DIRECTION('center_axis',(0.707106781186548,0.,0.707106781186548));
#4186=DIRECTION('ref_axis',(0.707106781186548,0.,-0.707106781186548));
#4187=DIRECTION('center_axis',(-0.707106797576993,-2.93921279597054E-13,
0.707106764796101));
#4188=DIRECTION('ref_axis',(0.707106764796101,-2.52435489670724E-29,0.707106797576993));
#4189=DIRECTION('',(-0.707108563643128,2.94065988312497E-13,-0.707104998725473));
#4190=DIRECTION('',(0.707108563640972,-2.93084678005535E-13,0.70710499872763));
#4191=DIRECTION('center_axis',(-4.63591683559912E-8,-4.16333634234263E-13,
0.999999999999999));
#4192=DIRECTION('ref_axis',(0.999999999999999,-3.12738880178028E-16,4.63591683559912E-8));
#4193=DIRECTION('',(-0.707108806766248,-2.8915952279892E-13,0.707104755601045));
#4194=DIRECTION('center_axis',(0.707106764796111,-2.93921293223E-13,0.707106797576984));
#4195=DIRECTION('ref_axis',(0.707106797576984,0.,-0.707106764796111));
#4196=DIRECTION('',(-0.70710882315895,-2.94393172497296E-13,0.707104739208249));
#4197=DIRECTION('center_axis',(-4.63591683560296E-8,-4.15871041307681E-13,
0.999999999999999));
#4198=DIRECTION('ref_axis',(0.999999999999999,-3.12738880178027E-16,4.63591683560296E-8));
#4199=DIRECTION('center_axis',(0.,0.,1.));
#4200=DIRECTION('ref_axis',(-1.,0.,0.));
#4201=DIRECTION('center_axis',(0.,0.,-1.));
#4202=DIRECTION('ref_axis',(-1.,0.,0.));
#4203=DIRECTION('',(0.707106781186547,8.65956056235493E-17,0.707106781186548));
#4204=DIRECTION('center_axis',(0.,0.,1.));
#4205=DIRECTION('ref_axis',(-1.,0.,0.));
#4206=DIRECTION('center_axis',(0.,0.,1.));
#4207=DIRECTION('ref_axis',(1.,0.,0.));
#4208=DIRECTION('',(8.96731666699679E-6,-0.999999999959794,0.));
#4209=DIRECTION('',(1.,0.,0.));
#4210=DIRECTION('',(-8.96731667327438E-6,0.999999999959794,0.));
#4211=DIRECTION('center_axis',(0.,0.,-1.));
#4212=DIRECTION('ref_axis',(-0.923876100830606,-0.382691717070067,0.));
#4213=DIRECTION('',(-0.707113122008588,0.707100440307646,0.));
#4214=DIRECTION('center_axis',(0.,0.,-1.));
#4215=DIRECTION('ref_axis',(-0.923882964117675,0.382675147629343,0.));
#4216=DIRECTION('',(-0.999999999959794,-8.96731666699681E-6,0.));
#4217=DIRECTION('center_axis',(0.,0.,-1.));
#4218=DIRECTION('ref_axis',(-0.92387610083062,-0.382691717070033,0.));
#4219=DIRECTION('',(-0.707100440307694,-0.707113122008541,0.));
#4220=DIRECTION('center_axis',(0.,0.,-1.));
#4221=DIRECTION('ref_axis',(0.923882964117662,-0.382675147629373,0.));
#4222=DIRECTION('center_axis',(-8.96731666699684E-6,0.999999999959794,0.));
#4223=DIRECTION('ref_axis',(0.,0.,1.));
#4224=DIRECTION('',(0.999999999959792,8.96731666699683E-6,4.63591639035874E-8));
#4225=DIRECTION('',(4.63591637245695E-8,4.15717301552082E-13,-0.999999999999999));
#4226=DIRECTION('',(-0.999999999959792,-8.96731666699683E-6,-4.63591637264335E-8));
#4227=DIRECTION('',(-4.635916372457E-8,-4.15717301552086E-13,0.999999999999999));
#4228=DIRECTION('center_axis',(4.635916372457E-8,4.15717301543238E-13,-0.999999999999999));
#4229=DIRECTION('ref_axis',(0.923876100830618,0.382691717070035,4.2830282511192E-8));
#4230=DIRECTION('center_axis',(4.63591639017235E-8,4.15717303431699E-13,
-0.999999999999999));
#4231=DIRECTION('ref_axis',(0.923876100830618,0.382691717070035,4.28302826748606E-8));
#4232=DIRECTION('',(-4.635916372457E-8,-4.15717301552597E-13,0.999999999999999));
#4233=DIRECTION('center_axis',(-4.635916372457E-8,-4.1566746951121E-13,
0.999999999999999));
#4234=DIRECTION('ref_axis',(0.923876100830618,0.382691717070035,4.28302824921216E-8));
#4235=DIRECTION('center_axis',(0.707100440307691,0.707113122008543,3.27808790410988E-8));
#4236=DIRECTION('ref_axis',(4.63595794493274E-8,-2.9778502051909E-23,-0.999999999999999));
#4237=DIRECTION('',(0.707113122008543,-0.707100440307691,3.27808791663652E-8));
#4238=DIRECTION('',(4.635916372457E-8,4.15717301561445E-13,-0.999999999999999));
#4239=DIRECTION('',(-0.707113122008543,0.707100440307691,-3.27808790763352E-8));
#4240=DIRECTION('center_axis',(-4.635916372457E-8,-4.15717301552086E-13,
0.999999999999999));
#4241=DIRECTION('ref_axis',(0.382675147629371,0.923882964117663,1.77408838964068E-8));
#4242=DIRECTION('center_axis',(4.63591639017235E-8,4.15717303431699E-13,
-0.999999999999999));
#4243=DIRECTION('ref_axis',(0.382675147629371,0.923882964117663,1.77408839642008E-8));
#4244=DIRECTION('center_axis',(-4.635916372457E-8,-4.1566746951121E-13,
0.999999999999999));
#4245=DIRECTION('ref_axis',(0.382675147629371,0.923882964117663,1.77408838503678E-8));
#4246=DIRECTION('center_axis',(4.63591637245695E-8,4.15717301552082E-13,
-0.999999999999999));
#4247=DIRECTION('ref_axis',(-0.382691717070044,0.923876100830615,-1.77408838964072E-8));
#4248=DIRECTION('center_axis',(4.63591639017235E-8,4.15717303431699E-13,
-0.999999999999999));
#4249=DIRECTION('ref_axis',(-0.382691717070044,0.923876100830615,-1.77408839642008E-8));
#4250=DIRECTION('',(-4.63591637245695E-8,-4.15717301547403E-13,0.999999999999999));
#4251=DIRECTION('center_axis',(-4.635916372457E-8,-4.1566746951121E-13,
0.999999999999999));
#4252=DIRECTION('ref_axis',(-0.382691717070044,0.923876100830615,-1.7740883942446E-8));
#4253=DIRECTION('center_axis',(-0.707113122008553,0.70710044030768,-3.27808790410991E-8));
#4254=DIRECTION('ref_axis',(-4.63587480147237E-8,-1.32348898008484E-23,
0.999999999999999));
#4255=DIRECTION('',(0.70710044030768,0.707113122008554,3.27808791663649E-8));
#4256=DIRECTION('',(4.63591637245695E-8,4.15717301547923E-13,-0.999999999999999));
#4257=DIRECTION('',(-0.70710044030768,-0.707113122008554,-3.27808790058614E-8));
#4258=DIRECTION('center_axis',(-4.63591637245695E-8,-4.15717301552602E-13,
0.999999999999999));
#4259=DIRECTION('ref_axis',(-0.923882964117666,0.382675147629362,-4.28302825111917E-8));
#4260=DIRECTION('center_axis',(4.63591639017235E-8,4.15717303431699E-13,
-0.999999999999999));
#4261=DIRECTION('ref_axis',(-0.923882964117666,0.382675147629362,-4.28302826748606E-8));
#4262=DIRECTION('center_axis',(-4.635916372457E-8,-4.1566746951121E-13,
0.999999999999999));
#4263=DIRECTION('ref_axis',(-0.923882964117666,0.382675147629362,-4.28302825302617E-8));
#4264=DIRECTION('center_axis',(-0.707106797548535,-6.34085057569757E-6,
0.70710676479613));
#4265=DIRECTION('ref_axis',(0.707106764810345,0.,0.70710679756275));
#4266=DIRECTION('',(-0.707106781158123,-6.34085042894516E-6,-0.707106781186542));
#4267=DIRECTION('',(0.57735370286019,-0.577348552335071,0.577348552358301));
#4268=DIRECTION('center_axis',(0.,0.,-1.));
#4269=DIRECTION('ref_axis',(-0.923876100830606,-0.382691717070067,0.));
#4270=DIRECTION('center_axis',(0.,0.,1.));
#4271=DIRECTION('ref_axis',(-0.923876100830606,-0.382691717070067,0.));
#4272=DIRECTION('',(-0.499995508126383,-0.50000447544299,-0.707106792776324));
#4273=DIRECTION('center_axis',(-0.499995524516669,-0.500004491833549,0.707106769596768));
#4274=DIRECTION('ref_axis',(0.816499012611416,-2.77555756156289E-17,0.577346830254209));
#4275=DIRECTION('',(0.707113122008588,-0.707100440307646,0.));
#4276=DIRECTION('',(-0.499995516321526,-0.500004483638256,-0.707106781186556));
#4277=DIRECTION('center_axis',(0.,0.,-1.));
#4278=DIRECTION('ref_axis',(-0.923882964117675,0.382675147629343,0.));
#4279=DIRECTION('center_axis',(0.,0.,1.));
#4280=DIRECTION('ref_axis',(-0.923882964117675,0.382675147629343,0.));
#4281=DIRECTION('',(6.34085042428052E-6,-0.707106781158123,-0.707106781186542));
#4282=DIRECTION('center_axis',(6.34085042428056E-6,-0.707106781158112,0.707106781186553));
#4283=DIRECTION('ref_axis',(0.999999999959794,1.6940658945086E-21,-8.96731666663615E-6));
#4284=DIRECTION('',(0.999999999959794,8.96731666699681E-6,0.));
#4285=DIRECTION('',(6.34085042169476E-6,-0.707106781158123,-0.707106781186542));
#4286=DIRECTION('center_axis',(0.,0.,-1.));
#4287=DIRECTION('ref_axis',(-0.92387610083062,-0.382691717070033,0.));
#4288=DIRECTION('center_axis',(0.,0.,1.));
#4289=DIRECTION('ref_axis',(-0.92387610083062,-0.382691717070033,0.));
#4290=DIRECTION('',(0.500004491833516,-0.499995524516716,-0.707106769596757));
#4291=DIRECTION('center_axis',(0.500004475442939,-0.49999550812642,0.707106792776335));
#4292=DIRECTION('ref_axis',(0.816494149266105,-6.10622663543836E-16,-0.577353708063107));
#4293=DIRECTION('',(0.707100440307694,0.707113122008541,0.));
#4294=DIRECTION('',(0.500004483638207,-0.49999551632155,-0.707106781186573));
#4295=DIRECTION('center_axis',(0.,0.,-1.));
#4296=DIRECTION('ref_axis',(0.923882964117662,-0.382675147629373,0.));
#4297=DIRECTION('center_axis',(0.,0.,1.));
#4298=DIRECTION('ref_axis',(0.923882964117662,-0.382675147629373,0.));
#4299=DIRECTION('',(0.707106797548553,6.3408505756199E-6,-0.707106764796111));
#4300=DIRECTION('center_axis',(4.63591609545242E-8,4.16333634234442E-13,
-0.999999999999999));
#4301=DIRECTION('ref_axis',(-0.923882964117666,0.382675147629362,-4.28302797161389E-8));
#4302=DIRECTION('',(0.500004450857351,-0.499995516321831,0.707106804366147));
#4303=DIRECTION('center_axis',(-0.500004516419133,0.499995516321275,0.707106758006944));
#4304=DIRECTION('ref_axis',(0.816494113578625,2.4980018054066E-16,0.577353758532371));
#4305=DIRECTION('',(0.500004450857366,-0.499995516321849,0.707106804366123));
#4306=DIRECTION('center_axis',(4.63591609545222E-8,4.16333634234424E-13,
-0.999999999999999));
#4307=DIRECTION('ref_axis',(-0.382691717070044,0.923876100830615,-1.7740882266918E-8));
#4308=DIRECTION('',(6.30806954719953E-6,-0.707106781158409,0.707106781186549));
#4309=DIRECTION('center_axis',(-6.37363130332043E-6,0.707106781157828,0.707106781186543));
#4310=DIRECTION('ref_axis',(0.999999999959377,1.6940658945086E-21,9.01367583035535E-6));
#4311=DIRECTION('',(6.3080695471997E-6,-0.707106781158437,0.707106781186521));
#4312=DIRECTION('center_axis',(4.63591609545263E-8,4.16333634234461E-13,
-0.999999999999999));
#4313=DIRECTION('ref_axis',(0.382675147629371,0.923882964117663,1.77408834057992E-8));
#4314=DIRECTION('',(-0.499995549102429,-0.500004483638503,0.707106758006989));
#4315=DIRECTION('center_axis',(0.499995483540701,0.500004483637956,0.707106804366103));
#4316=DIRECTION('ref_axis',(0.816499048298511,-1.11022302462516E-16,-0.577346779784582));
#4317=DIRECTION('',(-0.499995549102449,-0.500004483638539,0.707106758006949));
#4318=DIRECTION('center_axis',(4.63591609545253E-8,4.16333634234451E-13,
-0.999999999999999));
#4319=DIRECTION('ref_axis',(0.923876100830618,0.382691717070035,4.28302801878793E-8));
#4320=DIRECTION('center_axis',(0.707106748377249,6.34085013035939E-6,0.707106813967414));
#4321=DIRECTION('ref_axis',(0.707106813981629,4.2351647362715E-22,-0.707106748391464));
#4322=DIRECTION('center_axis',(0.707106764767681,6.34085027730235E-6,0.707106797576983));
#4323=DIRECTION('ref_axis',(0.707106797591198,-1.6940658945086E-21,-0.707106764781896));
#4324=DIRECTION('',(-0.577346835503889,-0.577351986013225,0.577351986036448));
#4325=DIRECTION('center_axis',(-4.635916372457E-8,-4.15717301561956E-13,
0.999999999999999));
#4326=DIRECTION('ref_axis',(0.923882964117661,-0.382675147629373,4.2830282511192E-8));
#4327=DIRECTION('center_axis',(4.63591639017235E-8,4.15717303431699E-13,
-0.999999999999999));
#4328=DIRECTION('ref_axis',(0.923882964117661,-0.382675147629373,4.28302826748604E-8));
#4329=DIRECTION('',(4.635916372457E-8,4.15717301557277E-13,-0.999999999999999));
#4330=DIRECTION('center_axis',(0.70711312200854,-0.707100440307693,3.27808790410988E-8));
#4331=DIRECTION('ref_axis',(4.63587480147241E-8,0.,-0.999999999999999));
#4332=DIRECTION('',(-0.707100440307693,-0.707113122008541,-3.27808791663655E-8));
#4333=DIRECTION('',(-4.635916372457E-8,-4.15717301552086E-13,0.999999999999999));
#4334=DIRECTION('center_axis',(4.635916372457E-8,4.15717301552086E-13,-0.999999999999999));
#4335=DIRECTION('ref_axis',(0.382691717070033,-0.92387610083062,1.77408838964069E-8));
#4336=DIRECTION('center_axis',(4.63591639017235E-8,4.15717303431699E-13,
-0.999999999999999));
#4337=DIRECTION('ref_axis',(0.382691717070033,-0.92387610083062,1.77408839642003E-8));
#4338=DIRECTION('',(4.635916372457E-8,4.15717301552086E-13,-0.999999999999999));
#4339=DIRECTION('center_axis',(8.96731666699684E-6,-0.999999999959794,0.));
#4340=DIRECTION('ref_axis',(0.,0.,-1.));
#4341=DIRECTION('',(-0.999999999959792,-8.96731666699683E-6,-4.63591639035874E-8));
#4342=DIRECTION('',(-4.63591637245695E-8,-4.15717301552082E-13,0.999999999999999));
#4343=DIRECTION('center_axis',(-4.63591637245695E-8,-4.15717301552082E-13,
0.999999999999999));
#4344=DIRECTION('ref_axis',(-0.382675147629343,-0.923882964117674,-1.77408838964053E-8));
#4345=DIRECTION('center_axis',(4.63591639017235E-8,4.15717303431699E-13,
-0.999999999999999));
#4346=DIRECTION('ref_axis',(-0.382675147629343,-0.923882964117674,-1.77408839641995E-8));
#4347=DIRECTION('',(4.63591637245695E-8,4.15717301561441E-13,-0.999999999999999));
#4348=DIRECTION('center_axis',(-0.707100440307646,-0.707113122008588,-3.27808790410964E-8));
#4349=DIRECTION('ref_axis',(-4.63595794493269E-8,-3.63959469523332E-23,
0.999999999999999));
#4350=DIRECTION('',(-0.707113122008587,0.707100440307647,-3.27808791663672E-8));
#4351=DIRECTION('',(-4.63591637245696E-8,-4.15717301547894E-13,0.999999999999999));
#4352=DIRECTION('center_axis',(4.63591637245696E-8,4.15717301543214E-13,
-0.999999999999999));
#4353=DIRECTION('ref_axis',(-0.923876100830605,-0.382691717070068,-4.2830282511191E-8));
#4354=DIRECTION('center_axis',(4.63591639017235E-8,4.15717303431699E-13,
-0.999999999999999));
#4355=DIRECTION('ref_axis',(-0.923876100830605,-0.382691717070068,-4.28302826748599E-8));
#4356=DIRECTION('center_axis',(-4.63591609545232E-8,-4.10782519111307E-13,
0.999999999999999));
#4357=DIRECTION('ref_axis',(0.923882964117661,-0.382675147629373,4.28302818404115E-8));
#4358=DIRECTION('',(-0.707106748377237,-6.34085012596302E-6,-0.707106813967426));
#4359=DIRECTION('',(0.500004450857338,-0.499995516321872,0.707106804366127));
#4360=DIRECTION('center_axis',(-4.63591639017235E-8,-4.15717303431699E-13,
0.999999999999999));
#4361=DIRECTION('ref_axis',(0.923882964117661,-0.382675147629373,4.28302826748604E-8));
#4362=DIRECTION('center_axis',(0.500004516419102,-0.499995516321263,-0.707106758006974));
#4363=DIRECTION('ref_axis',(-0.816494113578653,2.77555756156289E-17,-0.577353758532331));
#4364=DIRECTION('',(0.500004450857338,-0.499995516321849,0.707106804366144));
#4365=DIRECTION('',(0.707100440307693,0.707113122008541,3.27808791663655E-8));
#4366=DIRECTION('center_axis',(-4.63591609545212E-8,-4.10782519111289E-13,
0.999999999999999));
#4367=DIRECTION('ref_axis',(0.382691717070032,-0.92387610083062,1.77408873954597E-8));
#4368=DIRECTION('',(6.30806954720091E-6,-0.70710678115827,0.707106781186688));
#4369=DIRECTION('center_axis',(-4.63591639017235E-8,-4.15717303431699E-13,
0.999999999999999));
#4370=DIRECTION('ref_axis',(0.382691717070033,-0.92387610083062,1.77408839642003E-8));
#4371=DIRECTION('center_axis',(6.37363130344693E-6,-0.707106781157965,-0.707106781186405));
#4372=DIRECTION('ref_axis',(-0.999999999959377,-1.01643953670516E-20,-9.013675830536E-6));
#4373=DIRECTION('',(6.30806954719965E-6,-0.707106781158427,0.707106781186531));
#4374=DIRECTION('',(0.999999999959792,8.96731666699683E-6,4.63591639035874E-8));
#4375=DIRECTION('center_axis',(-4.63591609545253E-8,-4.10782519111325E-13,
0.999999999999999));
#4376=DIRECTION('ref_axis',(-0.382675147629343,-0.923882964117674,-1.77408782772168E-8));
#4377=DIRECTION('',(-0.49999554910239,-0.500004483638555,0.70710675800698));
#4378=DIRECTION('center_axis',(-4.63591639017235E-8,-4.15717303431699E-13,
0.999999999999999));
#4379=DIRECTION('ref_axis',(-0.382675147629343,-0.923882964117675,-1.77408839641995E-8));
#4380=DIRECTION('center_axis',(-0.499995483540657,-0.500004483637976,-0.707106804366119));
#4381=DIRECTION('ref_axis',(-0.81649904829854,-4.71844785465691E-16,0.57734677978454));
#4382=DIRECTION('',(-0.499995549102397,-0.500004483638545,0.707106758006982));
#4383=DIRECTION('',(0.707113122008587,-0.707100440307647,3.27808791663672E-8));
#4384=DIRECTION('center_axis',(-4.63591609545212E-8,-4.10782519111289E-13,
0.999999999999999));
#4385=DIRECTION('ref_axis',(-0.923876100830605,-0.382691717070068,-4.28302780635091E-8));
#4386=DIRECTION('',(-0.707106813939125,-6.34085073044756E-6,0.707106748405538));
#4387=DIRECTION('center_axis',(-4.63591639017235E-8,-4.15717303431699E-13,
0.999999999999999));
#4388=DIRECTION('ref_axis',(-0.923876100830605,-0.382691717070068,-4.28302826748599E-8));
#4389=DIRECTION('center_axis',(-0.707106748377108,-6.34085013476181E-6,
-0.707106813967555));
#4390=DIRECTION('ref_axis',(-0.70710681398177,-4.2351647362715E-22,0.707106748391323));
#4391=DIRECTION('',(-0.707106813938976,-6.34085072259801E-6,0.707106748405687));
#4392=DIRECTION('',(8.96731667327438E-6,-0.999999999959794,2.52435489670724E-28));
#4393=DIRECTION('center_axis',(-4.63591609545212E-8,-4.16333634234414E-13,
0.999999999999999));
#4394=DIRECTION('ref_axis',(-0.923882964117666,0.382675147629362,-4.28302797161361E-8));
#4395=DIRECTION('',(-0.500004516419145,0.499995516321243,0.707106758006958));
#4396=DIRECTION('center_axis',(-4.63591639017235E-8,-4.15717303431699E-13,
0.999999999999999));
#4397=DIRECTION('ref_axis',(-0.923882964117666,0.382675147629362,-4.28302826748606E-8));
#4398=DIRECTION('center_axis',(-0.50000445085735,0.499995516321839,-0.707106804366142));
#4399=DIRECTION('ref_axis',(-0.816494167109763,1.38777878078145E-16,0.577353682828589));
#4400=DIRECTION('',(-0.500004516419133,0.49999551632127,0.707106758006948));
#4401=DIRECTION('',(-0.70710044030768,-0.707113122008554,-3.27808791663649E-8));
#4402=DIRECTION('center_axis',(-4.63591609545253E-8,-4.16333634234451E-13,
0.999999999999999));
#4403=DIRECTION('ref_axis',(-0.382691717070044,0.923876100830615,-1.77408822669192E-8));
#4404=DIRECTION('',(-6.37363130136116E-6,0.707106781157876,0.707106781186495));
#4405=DIRECTION('center_axis',(-4.63591639017235E-8,-4.15717303431699E-13,
0.999999999999999));
#4406=DIRECTION('ref_axis',(-0.382691717070044,0.923876100830615,-1.77408839642008E-8));
#4407=DIRECTION('center_axis',(-6.3080695451151E-6,0.707106781158359,-0.707106781186599));
#4408=DIRECTION('ref_axis',(-0.999999999960208,-1.6940658945086E-21,8.92095750273882E-6));
#4409=DIRECTION('',(-6.37363130136148E-6,0.707106781157809,0.707106781186561));
#4410=DIRECTION('',(-0.999999999959792,-8.96731666699683E-6,-4.63591639035874E-8));
#4411=DIRECTION('center_axis',(-4.63591609545212E-8,-4.16333634234414E-13,
0.999999999999999));
#4412=DIRECTION('ref_axis',(0.382675147629371,0.923882964117663,1.77408834057972E-8));
#4413=DIRECTION('',(0.499995483540688,0.500004483637904,0.707106804366149));
#4414=DIRECTION('center_axis',(-4.63591639017235E-8,-4.15717303431699E-13,
0.999999999999999));
#4415=DIRECTION('ref_axis',(0.382675147629371,0.923882964117663,1.77408839642008E-8));
#4416=DIRECTION('center_axis',(0.499995549102458,0.500004483638543,-0.707106758006941));
#4417=DIRECTION('ref_axis',(-0.816498994767721,3.60822483003176E-16,-0.57734685548923));
#4418=DIRECTION('',(0.499995483540677,0.500004483637936,0.707106804366133));
#4419=DIRECTION('',(-0.707113122008543,0.707100440307691,-3.27808791663652E-8));
#4420=DIRECTION('center_axis',(-4.63591609545232E-8,-4.16333634234433E-13,
0.999999999999999));
#4421=DIRECTION('ref_axis',(0.923876100830618,0.382691717070035,4.28302801878773E-8));
#4422=DIRECTION('',(0.707106748377237,6.34085012400041E-6,0.707106813967426));
#4423=DIRECTION('center_axis',(-4.63591639017235E-8,-4.15717303431699E-13,
0.999999999999999));
#4424=DIRECTION('ref_axis',(0.923876100830618,0.382691717070035,4.28302826748606E-8));
#4425=DIRECTION('center_axis',(0.707106813938996,6.3408507182371E-6,-0.707106748405668));
#4426=DIRECTION('ref_axis',(-0.707106748419883,-4.2351647362715E-22,-0.707106813953211));
#4427=DIRECTION('',(-8.96731666699679E-6,0.999999999959794,2.91023384466966E-22));
#4428=DIRECTION('center_axis',(4.63591588053515E-8,4.10782500067775E-13,
-0.999999999999999));
#4429=DIRECTION('ref_axis',(-0.999999999999999,-2.09350043545899E-27,-4.63591588053515E-8));
#4430=DIRECTION('center_axis',(-4.63591639017235E-8,-4.15717303431699E-13,
0.999999999999999));
#4431=DIRECTION('ref_axis',(-0.999999999999999,0.,-4.63591639017235E-8));
#4432=DIRECTION('',(0.707106813967427,2.90380495785063E-13,-0.707106748405666));
#4433=DIRECTION('center_axis',(4.63591639017235E-8,4.15717303431699E-13,
-0.999999999999999));
#4434=DIRECTION('ref_axis',(-0.999999999999999,0.,-4.63591639017235E-8));
#4435=DIRECTION('center_axis',(-4.63591639017235E-8,-4.15717303431699E-13,
0.999999999999999));
#4436=DIRECTION('ref_axis',(8.96731667327437E-6,-0.999999999959794,-2.01948391736579E-28));
#4437=DIRECTION('',(0.,-1.,-4.15717303431699E-13));
#4438=DIRECTION('center_axis',(4.63591639017235E-8,4.15717303431699E-13,
-0.999999999999999));
#4439=DIRECTION('ref_axis',(-0.999999999999999,0.,-4.63591639017235E-8));
#4440=DIRECTION('',(0.,1.,4.15717303431699E-13));
#4441=DIRECTION('center_axis',(4.63591639017235E-8,4.15717303431699E-13,
-0.999999999999999));
#4442=DIRECTION('ref_axis',(-0.999999999999999,0.,-4.63591639017235E-8));
#4443=DIRECTION('center_axis',(1.,0.,0.));
#4444=DIRECTION('ref_axis',(0.,1.,0.));
#4445=DIRECTION('',(0.,1.,4.15717303431699E-13));
#4446=DIRECTION('',(0.,0.,1.));
#4447=DIRECTION('center_axis',(0.,0.,1.));
#4448=DIRECTION('ref_axis',(-1.,0.,0.));
#4449=DIRECTION('center_axis',(-4.63591639017235E-8,-4.15717303431699E-13,
0.999999999999999));
#4450=DIRECTION('ref_axis',(-0.999999999999999,0.,-4.63591639017235E-8));
#4451=DIRECTION('center_axis',(4.63591609545047E-8,4.15639744843876E-13,
-0.999999999999999));
#4452=DIRECTION('ref_axis',(-0.999999999999999,-1.22498127722512E-27,-4.63591609545047E-8));
#4453=DIRECTION('',(-0.707106797576986,-2.9046711158941E-13,0.707106764796108));
#4454=DIRECTION('',(-0.707106764796117,2.90957752005555E-13,-0.707106797576978));
#4455=DIRECTION('center_axis',(0.707106797576978,2.93956517499355E-13,-0.707106764796117));
#4456=DIRECTION('ref_axis',(-0.707106764796117,0.,-0.707106797576978));
#4457=DIRECTION('',(-0.70710674840567,2.94392336003331E-13,-0.707106813967424));
#4458=DIRECTION('center_axis',(4.63591609545428E-8,4.16333634234609E-13,
-0.999999999999999));
#4459=DIRECTION('ref_axis',(-0.999999999999999,-1.22701046108866E-27,-4.63591609545428E-8));
#4460=DIRECTION('',(0.707106797576986,2.9046711158941E-13,-0.707106764796108));
#4461=DIRECTION('center_axis',(-0.707106764796108,2.93956531126929E-13,
-0.707106797576986));
#4462=DIRECTION('ref_axis',(-0.707106797576986,2.52435489670724E-29,0.707106764796108));
#4463=DIRECTION('center_axis',(0.,0.,1.));
#4464=DIRECTION('ref_axis',(-1.,0.,0.));
#4465=DIRECTION('center_axis',(0.,0.,1.));
#4466=DIRECTION('ref_axis',(-1.,0.,0.));
#4467=DIRECTION('center_axis',(0.,0.,-1.));
#4468=DIRECTION('ref_axis',(-1.,0.,0.));
#4469=DIRECTION('center_axis',(0.,0.,-1.));
#4470=DIRECTION('ref_axis',(-1.,0.,0.));
#4471=DIRECTION('',(0.,0.,-1.));
#4472=DIRECTION('center_axis',(0.,0.,1.));
#4473=DIRECTION('ref_axis',(-1.,0.,0.));
#4474=DIRECTION('',(0.707106781186547,8.65956056235493E-17,0.707106781186548));
#4475=DIRECTION('center_axis',(-0.707103610754225,-0.707109951604655,-3.27807320638254E-8));
#4476=DIRECTION('ref_axis',(-4.63591637282974E-8,1.98523347012727E-23,0.999999999999999));
#4477=DIRECTION('',(-4.63591637282974E-8,-5.66577402350919E-28,0.999999999999999));
#4478=DIRECTION('',(0.707109951604655,-0.707103610754225,1.02062816277787E-23));
#4479=DIRECTION('center_axis',(0.707109951604661,-0.707103610754218,3.27810260203493E-8));
#4480=DIRECTION('ref_axis',(4.63591637282979E-8,1.98523347012727E-23,-0.999999999999999));
#4481=DIRECTION('',(0.707103610754218,0.707109951604661,1.0206547101322E-23));
#4482=DIRECTION('',(4.63591636691754E-8,4.15689774486612E-13,-0.999999999999999));
#4483=DIRECTION('center_axis',(0.707104527749951,0.500004747429994,0.499998439380551));
#4484=DIRECTION('ref_axis',(0.577350294439811,-8.32667268468867E-17,-0.816496563073148));
#4485=DIRECTION('',(0.678599721390374,-0.281084150925893,-0.678597169333307));
#4486=DIRECTION('',(-0.678601634565192,0.678595536326037,0.281083474512161));
#4487=DIRECTION('',(6.3080695453676E-6,-0.707106781172479,0.707106781172479));
#4488=DIRECTION('center_axis',(0.707106764767681,6.34085027730235E-6,0.707106797576983));
#4489=DIRECTION('ref_axis',(0.707106797591198,4.2351647362715E-22,-0.707106764781896));
#4490=DIRECTION('',(8.96731666699679E-6,-0.999999999959794,-1.23000795961738E-28));
#4491=DIRECTION('',(0.678600542114193,-0.281080187997518,-0.678597990092517));
#4492=DIRECTION('center_axis',(-4.8017483414994E-21,0.707106781186548,0.707106781186548));
#4493=DIRECTION('ref_axis',(1.,6.7762635780344E-21,1.44340496165611E-23));
#4494=DIRECTION('',(-6.30806954980653E-6,0.707106781172479,-0.707106781172479));
#4495=DIRECTION('',(1.,6.7762635780344E-21,1.44340496165599E-23));
#4496=DIRECTION('center_axis',(-0.707109034587838,0.499995252544814,0.500001560634467));
#4497=DIRECTION('ref_axis',(0.577350243970378,-3.88578058618805E-16,0.816496598760426));
#4498=DIRECTION('',(0.67859696772359,0.281085124494021,0.678599519734968));
#4499=DIRECTION('center_axis',(-0.707106797548574,-6.34085057569792E-6,
0.707106764796091));
#4500=DIRECTION('ref_axis',(0.707106764810306,5.0821976835258E-21,0.707106797562789));
#4501=DIRECTION('',(-0.678596146949911,-0.281089087416487,-0.678598698996764));
#4502=DIRECTION('',(-8.96731667327438E-6,0.999999999959794,1.23000795871127E-28));
#4503=DIRECTION('center_axis',(0.500002233628849,-0.499997749970576,0.707106792776398));
#4504=DIRECTION('ref_axis',(0.816495369555136,-3.88578058618805E-16,-0.57735198232536));
#4505=DIRECTION('',(-0.707103610754218,-0.707109951604661,-1.0206547101322E-23));
#4506=DIRECTION('',(0.281086308186356,-0.678597998578755,-0.67859799857874));
#4507=DIRECTION('center_axis',(4.78133551277169E-21,-0.707106781186548,
0.707106781186548));
#4508=DIRECTION('ref_axis',(1.,6.7762635780344E-21,1.44340496165611E-23));
#4509=DIRECTION('',(-1.,-6.7762635780344E-21,-1.44340496165599E-23));
#4510=DIRECTION('',(-0.281082967243916,-0.678598690510583,-0.678598690510583));
#4511=DIRECTION('',(1.,6.7762635780344E-21,1.44340496165599E-23));
#4512=DIRECTION('center_axis',(-0.499997766360945,-0.500002250019356,0.707106769596818));
#4513=DIRECTION('ref_axis',(0.816497792305958,1.94289029309402E-16,0.577348556038289));
#4514=DIRECTION('',(-0.707109951604655,0.707103610754225,-1.02062816277787E-23));
#4515=DIRECTION('center_axis',(1.44340496165599E-23,2.52435489670724E-28,
-1.));
#4516=DIRECTION('ref_axis',(-1.,-6.7762635780344E-21,-1.44340496165599E-23));
#4517=DIRECTION('center_axis',(0.707103610754221,0.707109951604659,3.27807320638256E-8));
#4518=DIRECTION('ref_axis',(4.63591637282979E-8,9.92616735063633E-24,-0.999999999999999));
#4519=DIRECTION('center_axis',(-6.7762635780344E-21,1.,2.52435489670724E-28));
#4520=DIRECTION('ref_axis',(-1.,-6.7762635780344E-21,-1.44340496165599E-23));
#4521=DIRECTION('center_axis',(6.7762635780344E-21,-1.,-2.52435489670724E-28));
#4522=DIRECTION('ref_axis',(-1.,-6.7762635780344E-21,-1.44340496165599E-23));
#4523=DIRECTION('',(0.70710678118655,0.707106781186545,-8.65955954169568E-17));
#4524=DIRECTION('center_axis',(6.7762635780344E-21,-1.,-2.52435489670724E-28));
#4525=DIRECTION('ref_axis',(-1.,-6.7762635780344E-21,-1.44340496165599E-23));
#4526=DIRECTION('center_axis',(-6.7762635780344E-21,1.,2.52435489670724E-28));
#4527=DIRECTION('ref_axis',(1.,6.7762635780344E-21,1.44340496165599E-23));
#4528=DIRECTION('center_axis',(6.7762635780344E-21,-1.,-2.52435489670724E-28));
#4529=DIRECTION('ref_axis',(1.,6.7762635780344E-21,1.44340496165599E-23));
#4530=DIRECTION('',(-6.7762635780344E-21,1.,2.52435489670724E-28));
#4531=DIRECTION('center_axis',(-6.7762635780344E-21,1.,2.52435489670724E-28));
#4532=DIRECTION('ref_axis',(-1.,-6.7762635780344E-21,-1.44340496165599E-23));
#4533=DIRECTION('center_axis',(6.7762635780344E-21,-1.,-2.52435489670724E-28));
#4534=DIRECTION('ref_axis',(-1.,-6.7762635780344E-21,-1.44340496165599E-23));
#4535=DIRECTION('',(0.707106781186547,0.707106781186549,-8.65955954169563E-17));
#4536=DIRECTION('center_axis',(6.7762635780344E-21,-1.,-2.52435489670724E-28));
#4537=DIRECTION('ref_axis',(-1.,-6.7762635780344E-21,-1.44340496165599E-23));
#4538=DIRECTION('center_axis',(-6.7762635780344E-21,1.,2.52435489670724E-28));
#4539=DIRECTION('ref_axis',(1.,6.7762635780344E-21,1.44340496165599E-23));
#4540=DIRECTION('center_axis',(6.7762635780344E-21,-1.,-2.52435489670724E-28));
#4541=DIRECTION('ref_axis',(1.,6.7762635780344E-21,1.44340496165599E-23));
#4542=DIRECTION('',(-6.7762635780344E-21,1.,2.52435489670724E-28));
#4543=DIRECTION('center_axis',(6.7762635780344E-21,-1.,-2.52435489670724E-28));
#4544=DIRECTION('ref_axis',(1.,6.7762635780344E-21,1.44340496165599E-23));
#4545=DIRECTION('center_axis',(-6.7762635780344E-21,1.,2.52435489670724E-28));
#4546=DIRECTION('ref_axis',(1.,6.7762635780344E-21,1.44340496165599E-23));
#4547=DIRECTION('',(-0.707106781186547,-0.707106781186548,-8.65956158301421E-17));
#4548=DIRECTION('center_axis',(6.7762635780344E-21,-1.,-2.52435489670724E-28));
#4549=DIRECTION('ref_axis',(1.,6.7762635780344E-21,1.44340496165599E-23));
#4550=DIRECTION('center_axis',(6.7762635780344E-21,-1.,-2.52435489670724E-28));
#4551=DIRECTION('ref_axis',(1.,6.7762635780344E-21,1.44340496165599E-23));
#4552=DIRECTION('center_axis',(6.7762635780344E-21,-1.,-2.52435489670724E-28));
#4553=DIRECTION('ref_axis',(1.,6.7762635780344E-21,1.44340496165599E-23));
#4554=DIRECTION('center_axis',(-6.7762635780344E-21,1.,2.52435489670724E-28));
#4555=DIRECTION('ref_axis',(1.,6.7762635780344E-21,1.44340496165599E-23));
#4556=DIRECTION('',(-6.7762635780344E-21,1.,2.52435489670724E-28));
#4557=DIRECTION('center_axis',(6.7762635780344E-21,-1.,-2.52435489670724E-28));
#4558=DIRECTION('ref_axis',(1.,6.7762635780344E-21,1.44340496165599E-23));
#4559=DIRECTION('center_axis',(6.7762635780344E-21,-1.,-2.52435489670724E-28));
#4560=DIRECTION('ref_axis',(1.,6.7762635780344E-21,1.44340496165599E-23));
#4561=DIRECTION('center_axis',(-6.7762635780344E-21,1.,2.52435489670724E-28));
#4562=DIRECTION('ref_axis',(1.,6.7762635780344E-21,1.44340496165599E-23));
#4563=DIRECTION('',(-0.707106781186547,-0.707106781186548,-8.65956158301421E-17));
#4564=DIRECTION('center_axis',(-6.7762635780344E-21,1.,2.52435489670724E-28));
#4565=DIRECTION('ref_axis',(1.,6.7762635780344E-21,1.44340496165599E-23));
#4566=DIRECTION('',(-6.7762635780344E-21,1.,2.52435489670724E-28));
#4567=DIRECTION('center_axis',(6.7762635780344E-21,-1.,-2.52435489670724E-28));
#4568=DIRECTION('ref_axis',(1.,6.7762635780344E-21,1.44340496165599E-23));
#4569=DIRECTION('center_axis',(-6.7762635780344E-21,1.,2.52435489670724E-28));
#4570=DIRECTION('ref_axis',(4.63568669733622E-8,5.66561838934104E-28,-0.999999999999999));
#4571=DIRECTION('center_axis',(6.7762635780344E-21,-1.,-2.52435489670724E-28));
#4572=DIRECTION('ref_axis',(1.,6.7762635780344E-21,1.44340496165599E-23));
#4573=DIRECTION('center_axis',(6.7762635780344E-21,-1.,-2.52435489670724E-28));
#4574=DIRECTION('ref_axis',(1.,6.7762635780344E-21,1.44340496165599E-23));
#4575=DIRECTION('axis',(0.,0.,1.));
#4576=DIRECTION('refdir',(1.,0.,0.));
#4577=DIRECTION('center_axis',(0.,2.22044604925031E-16,1.));
#4578=DIRECTION('ref_axis',(1.,0.,0.));
#4579=DIRECTION('center_axis',(1.,-2.22044604925031E-14,0.));
#4580=DIRECTION('ref_axis',(0.,0.,1.));
#4581=DIRECTION('center_axis',(0.,2.22044604925031E-16,1.));
#4582=DIRECTION('ref_axis',(0.316227766016826,-0.948683298050518,2.10650008114603E-16));
#4583=DIRECTION('center_axis',(0.,-1.,0.));
#4584=DIRECTION('ref_axis',(1.,0.,-2.88657986402544E-13));
#4585=DIRECTION('center_axis',(0.,-2.22044604925031E-16,-1.));
#4586=DIRECTION('ref_axis',(0.316227766016826,-0.948683298050518,2.10650008114603E-16));
#4587=DIRECTION('center_axis',(1.,-1.6092722868804E-14,3.5733022915716E-30));
#4588=DIRECTION('ref_axis',(-1.1379273468287E-14,-0.70710678118654,0.707106781186555));
#4589=DIRECTION('center_axis',(1.,-2.22044604925031E-14,0.));
#4590=DIRECTION('ref_axis',(0.,0.,1.));
#4591=DIRECTION('',(1.,-1.6092722868804E-14,3.5733022915716E-30));
#4592=DIRECTION('',(-1.,1.6092722868804E-14,-3.5733022915716E-30));
#4593=DIRECTION('center_axis',(0.,0.,-1.));
#4594=DIRECTION('ref_axis',(-1.,0.,0.));
#4595=DIRECTION('center_axis',(-0.999999999999999,4.63591609545232E-8,0.));
#4596=DIRECTION('ref_axis',(-4.63591609545232E-8,-0.999999999999999,0.));
#4597=DIRECTION('center_axis',(0.,0.,-1.));
#4598=DIRECTION('ref_axis',(0.720462823014874,0.69349356208507,0.));
#4599=DIRECTION('center_axis',(0.693493562085067,-0.720462823014877,0.));
#4600=DIRECTION('ref_axis',(0.,0.,1.));
#4601=DIRECTION('center_axis',(0.,2.22044604925031E-16,1.));
#4602=DIRECTION('ref_axis',(0.391475715284468,0.920188439583173,-2.04322878523826E-16));
#4603=DIRECTION('center_axis',(-1.10699510303052E-15,-4.73253796399992E-17,
-1.));
#4604=DIRECTION('ref_axis',(0.391475715284469,0.920188439583172,-4.76909967018889E-16));
#4605=DIRECTION('center_axis',(-0.50944414774662,-0.490374000459567,-0.707106781186548));
#4606=DIRECTION('ref_axis',(0.50944414774662,0.490374000459569,-0.707106781186547));
#4607=DIRECTION('',(1.10699510303052E-15,4.73253796399992E-17,1.));
#4608=DIRECTION('',(-1.10699510303052E-15,-4.73253796399992E-17,-1.));
#4609=DIRECTION('center_axis',(0.693493562085071,-0.720462823014873,1.5997488289951E-16));
#4610=DIRECTION('ref_axis',(-0.509444147746609,-0.490374000459557,0.707106781186563));
#4611=DIRECTION('center_axis',(-0.693493562085061,0.720462823014882,0.));
#4612=DIRECTION('ref_axis',(-0.720462823014882,-0.693493562085061,0.));
#4613=DIRECTION('',(-0.693493562085071,0.720462823014873,-1.5997488289951E-16));
#4614=DIRECTION('',(0.693493562085071,-0.720462823014873,1.5997488289951E-16));
#4615=DIRECTION('center_axis',(0.,0.,-1.));
#4616=DIRECTION('ref_axis',(-1.,0.,0.));
#4617=DIRECTION('center_axis',(0.,0.,-1.));
#4618=DIRECTION('ref_axis',(4.63591565136311E-8,0.999999999999999,0.));
#4619=DIRECTION('center_axis',(0.999999999999999,-4.63591609545232E-8,0.));
#4620=DIRECTION('ref_axis',(0.,0.,1.));
#4621=DIRECTION('center_axis',(0.,2.22044604925031E-16,1.));
#4622=DIRECTION('ref_axis',(-0.391475629966152,0.920188475880134,-2.04322886583371E-16));
#4623=DIRECTION('center_axis',(-0.693493628885163,-0.720462758715319,0.));
#4624=DIRECTION('ref_axis',(0.720462758715319,-0.693493628885163,0.));
#4625=DIRECTION('center_axis',(0.999999999999999,-4.63591605692608E-8,1.02938014932576E-23));
#4626=DIRECTION('ref_axis',(-3.278087680864E-8,-0.707106781186539,0.707106781186555));
#4627=DIRECTION('',(-0.999999999999999,4.63591605692608E-8,-1.02938014932576E-23));
#4628=DIRECTION('',(0.999999999999999,-4.63591605692608E-8,1.02938014932576E-23));
#4629=DIRECTION('center_axis',(0.,1.,-2.22044604925031E-16));
#4630=DIRECTION('ref_axis',(0.707106781186563,1.57009245868374E-16,0.707106781186532));
#4631=DIRECTION('center_axis',(0.,0.70710678118654,0.707106781186555));
#4632=DIRECTION('ref_axis',(0.,-0.707106781186555,0.70710678118654));
#4633=DIRECTION('',(0.,1.,-2.22044604925031E-16));
#4634=DIRECTION('center_axis',(0.,-1.,0.));
#4635=DIRECTION('ref_axis',(1.,0.,0.));
#4636=DIRECTION('',(0.,-1.,2.22044604925031E-16));
#4637=DIRECTION('center_axis',(0.,0.707106781186548,-0.707106781186548));
#4638=DIRECTION('ref_axis',(-1.2266347333467E-16,0.707106781186548,0.707106781186548));
#4639=DIRECTION('center_axis',(0.,-2.22044604925031E-16,-1.));
#4640=DIRECTION('ref_axis',(-1.,0.,0.));
#4641=DIRECTION('center_axis',(-1.,2.22044604925031E-14,0.));
#4642=DIRECTION('ref_axis',(-2.22044604925031E-14,-1.,0.));
#4643=DIRECTION('center_axis',(0.,2.22044604925031E-16,1.));
#4644=DIRECTION('ref_axis',(-0.707106781186541,0.707106781186554,-1.57009245868379E-16));
#4645=DIRECTION('center_axis',(0.,-2.22044604925031E-16,-1.));
#4646=DIRECTION('ref_axis',(-0.707106781186541,0.707106781186554,-1.57009245868379E-16));
#4647=DIRECTION('center_axis',(1.,-1.6092722868804E-14,3.5733022915716E-30));
#4648=DIRECTION('ref_axis',(-1.1379273468287E-14,-0.70710678118654,0.707106781186555));
#4649=DIRECTION('center_axis',(-1.,2.22044604925031E-14,0.));
#4650=DIRECTION('ref_axis',(-2.22044604925031E-14,-1.,0.));
#4651=DIRECTION('',(-1.,1.6092722868804E-14,-3.5733022915716E-30));
#4652=DIRECTION('',(1.,-1.6092722868804E-14,3.5733022915716E-30));
#4653=DIRECTION('center_axis',(0.,-2.22044604925031E-16,-1.));
#4654=DIRECTION('ref_axis',(-1.,0.,0.));
#4655=DIRECTION('center_axis',(-0.693493628885157,-0.720462758715325,0.));
#4656=DIRECTION('ref_axis',(0.720462758715325,-0.693493628885157,0.));
#4657=DIRECTION('center_axis',(0.,-2.22044604925031E-16,-1.));
#4658=DIRECTION('ref_axis',(0.391475651295724,-0.920188466805898,2.04322884568486E-16));
#4659=DIRECTION('center_axis',(0.,2.22044604925031E-16,1.));
#4660=DIRECTION('ref_axis',(0.391475651295724,-0.920188466805898,2.04322884568486E-16));
#4661=DIRECTION('center_axis',(-0.693493628885163,-0.720462758715319,1.59974868622141E-16));
#4662=DIRECTION('ref_axis',(0.509444102279961,-0.490374047694358,0.707106781186559));
#4663=DIRECTION('',(0.693493628885163,0.720462758715319,-1.59974868622141E-16));
#4664=DIRECTION('',(-0.693493628885163,-0.720462758715319,1.59974868622141E-16));
#4665=DIRECTION('center_axis',(-1.10699510303047E-15,-4.73253796399992E-17,
-1.));
#4666=DIRECTION('ref_axis',(-0.391475629966158,0.920188475880132,3.89813336366926E-16));
#4667=DIRECTION('',(1.10699510303047E-15,4.73253796399992E-17,1.));
#4668=DIRECTION('',(-1.10699510303047E-15,-4.73253796399991E-17,-1.));
#4669=DIRECTION('center_axis',(0.509444102279978,-0.490374047694374,-0.707106781186536));
#4670=DIRECTION('ref_axis',(-0.509444102279962,0.490374047694356,-0.707106781186559));
#4671=DIRECTION('center_axis',(0.,-2.22044604925031E-16,-1.));
#4672=DIRECTION('ref_axis',(-1.,0.,0.));
#4673=DIRECTION('center_axis',(0.,2.22044604925031E-16,1.));
#4674=DIRECTION('ref_axis',(-0.391475693954898,-0.92018844865741,2.04322880538712E-16));
#4675=DIRECTION('center_axis',(0.,-2.22044604925031E-16,-1.));
#4676=DIRECTION('ref_axis',(-0.391475693954898,-0.92018844865741,2.04322880538712E-16));
#4677=DIRECTION('center_axis',(1.6708447046353E-15,-1.,2.22044604925031E-16));
#4678=DIRECTION('ref_axis',(0.707106781186524,1.3384748668256E-15,0.707106781186571));
#4679=DIRECTION('',(-1.6708447046353E-15,1.,-2.22044604925031E-16));
#4680=DIRECTION('center_axis',(0.,1.,0.));
#4681=DIRECTION('ref_axis',(0.,0.,1.));
#4682=DIRECTION('',(1.6708447046353E-15,-1.,2.22044604925031E-16));
#4683=DIRECTION('center_axis',(2.6994747211741E-15,-1.31615392872151E-15,
-1.));
#4684=DIRECTION('ref_axis',(0.707106781186538,-0.707106781186557,2.83947824906815E-15));
#4685=DIRECTION('',(2.6994747211741E-15,-1.31615392872151E-15,-1.));
#4686=DIRECTION('center_axis',(0.,-2.22044604925031E-16,-1.));
#4687=DIRECTION('ref_axis',(0.707106781186538,-0.707106781186557,1.57009245868379E-16));
#4688=DIRECTION('',(-2.6994747211741E-15,1.31615392872151E-15,1.));
#4689=DIRECTION('center_axis',(1.6092722868804E-14,1.,-1.31615392872147E-15));
#4690=DIRECTION('ref_axis',(1.,-1.60927228688039E-14,4.71083957061832E-14));
#4691=DIRECTION('',(-1.14337076880698E-16,1.31615392872147E-15,1.));
#4692=DIRECTION('',(-1.,1.6092722868804E-14,-3.5733022915716E-30));
#4693=DIRECTION('center_axis',(1.14337076880698E-16,-1.31615392872147E-15,
-1.));
#4694=DIRECTION('ref_axis',(-0.391475693954898,-0.92018844865741,1.16634945534792E-15));
#4695=DIRECTION('',(1.14337076880698E-16,-1.31615392872147E-15,-1.));
#4696=DIRECTION('center_axis',(1.13792734682871E-14,0.707106781186544,0.707106781186551));
#4697=DIRECTION('ref_axis',(-1.14322357147913E-14,-0.707106781186551,0.707106781186544));
#4698=DIRECTION('center_axis',(0.720462823014873,0.693493562085071,-8.30368663096577E-16));
#4699=DIRECTION('ref_axis',(0.693493562085071,-0.720462823014873,-2.51176115838899E-16));
#4700=DIRECTION('',(-0.693493562085071,0.720462823014873,-7.85046229341886E-17));
#4701=DIRECTION('center_axis',(4.63591605692608E-8,0.999999999999999,-4.73254309593629E-17));
#4702=DIRECTION('ref_axis',(0.999999999999999,-4.63591605692608E-8,1.27766585615327E-16));
#4703=DIRECTION('',(-0.999999999999999,4.63591605692608E-8,-1.02938014932576E-23));
#4704=DIRECTION('center_axis',(-0.0349850083975334,-0.0822344759309952,
-0.995998765137678));
#4705=DIRECTION('ref_axis',(0.746081039758275,0.660937370298518,-0.080776696243967));
#4706=DIRECTION('',(-0.0540663188756411,0.706072530517488,-0.706072528011017));
#4707=DIRECTION('center_axis',(0.,-2.22044604925031E-16,-1.));
#4708=DIRECTION('ref_axis',(0.391475715283903,0.920188439583413,-2.0432287852388E-16));
#4709=DIRECTION('',(-0.546193673550037,-0.450703956230746,0.706072528011017));
#4710=DIRECTION('center_axis',(-3.27808768086403E-8,-0.707106781186546,
-0.707106781186548));
#4711=DIRECTION('ref_axis',(-0.999999999999999,0.,4.63591605692607E-8));
#4712=DIRECTION('',(-0.0540663843415208,-0.706072525504546,0.706072528011016));
#4713=DIRECTION('',(0.999999999999999,-4.63591605692608E-8,1.02938014932576E-23));
#4714=DIRECTION('center_axis',(0.0349850007729047,-0.0822344791747272,-0.995998765137679));
#4715=DIRECTION('ref_axis',(0.0412216403929538,0.995879461434579,-0.0807766962439469));
#4716=DIRECTION('',(-0.546193631761496,0.45070400687292,-0.706072528011026));
#4717=DIRECTION('center_axis',(0.,-2.22044604925031E-16,-1.));
#4718=DIRECTION('ref_axis',(-0.391475629968032,0.920188475879334,-2.04322886583193E-16));
#4719=DIRECTION('center_axis',(0.509444102279978,-0.490374047694374,-0.707106781186536));
#4720=DIRECTION('ref_axis',(-0.811356265862908,1.38777878078145E-16,-0.58455197360457));
#4721=DIRECTION('',(-0.693493628885163,-0.720462758715319,7.85046229341901E-17));
#4722=DIRECTION('',(0.611373151633349,-0.372002782902762,0.698453147300881));
#4723=DIRECTION('',(0.693493628885163,0.720462758715319,-1.59974868622141E-16));
#4724=DIRECTION('center_axis',(0.0862677658934976,0.202777855413466,0.975417353711559));
#4725=DIRECTION('ref_axis',(0.129939494974599,-0.972994317280765,0.190782038423651));
#4726=DIRECTION('',(0.611373181674386,0.372002732009581,-0.698453148111415));
#4727=DIRECTION('center_axis',(0.,2.22044604925031E-16,1.));
#4728=DIRECTION('ref_axis',(0.391475693955106,0.920188448657322,-2.04322880538692E-16));
#4729=DIRECTION('',(0.15596922704979,-0.69845314811142,0.698453148111409));
#4730=DIRECTION('center_axis',(-0.50944414774662,-0.490374000459567,-0.707106781186548));
#4731=DIRECTION('ref_axis',(-0.811356241119808,1.66533453693773E-16,0.584552007947912));
#4732=DIRECTION('',(0.693493562085071,-0.720462823014873,1.5997488289951E-16));
#4733=DIRECTION('center_axis',(-0.0862677663426583,0.202777882565247,0.975417348027296));
#4734=DIRECTION('ref_axis',(0.791118383287985,-0.58114878256942,0.190782064518356));
#4735=DIRECTION('',(0.155969234309353,0.698453147300863,-0.698453147300858));
#4736=DIRECTION('center_axis',(0.,2.22044604925031E-16,1.));
#4737=DIRECTION('ref_axis',(-0.391475651296119,0.92018846680573,-2.04322884568448E-16));
#4738=DIRECTION('center_axis',(0.,-2.22044604925031E-16,-1.));
#4739=DIRECTION('ref_axis',(-1.,0.,0.));
#4740=DIRECTION('',(1.,-1.6092722868804E-14,3.5733022915716E-30));
#4741=DIRECTION('center_axis',(0.,-2.22044604925031E-16,-1.));
#4742=DIRECTION('ref_axis',(-0.707106781186538,0.707106781186557,-1.57009245868379E-16));
#4743=DIRECTION('',(0.,1.,-2.22044604925031E-16));
#4744=DIRECTION('',(1.,0.,0.));
#4745=DIRECTION('center_axis',(0.,2.22044604925031E-16,1.));
#4746=DIRECTION('ref_axis',(-0.707106781186561,-0.707106781186534,1.57009245868374E-16));
#4747=DIRECTION('center_axis',(0.,2.22044604925031E-16,1.));
#4748=DIRECTION('ref_axis',(-0.707106781186561,-0.707106781186534,1.57009245868374E-16));
#4749=DIRECTION('',(0.,-1.,2.22044604925031E-16));
#4750=DIRECTION('',(-1.,1.93728406908091E-13,-4.30163475746626E-29));
#4751=DIRECTION('center_axis',(0.,2.22044604925031E-16,1.));
#4752=DIRECTION('ref_axis',(0.707106781186617,0.707106781186478,-1.57009245868362E-16));
#4753=DIRECTION('',(-1.6708447046353E-15,1.,-2.22044604925031E-16));
#4754=DIRECTION('center_axis',(0.,2.22044604925031E-16,1.));
#4755=DIRECTION('ref_axis',(0.707106781186538,-0.707106781186557,1.57009245868379E-16));
#4756=DIRECTION('',(1.,-1.6092722868804E-14,3.5733022915716E-30));
#4757=DIRECTION('center_axis',(0.,-2.22044604925031E-16,-1.));
#4758=DIRECTION('ref_axis',(0.999999999999999,-4.635916372457E-8,1.0293802193877E-23));
#4759=DIRECTION('',(1.,-1.37778424860754E-15,3.05929559153993E-31));
#4760=DIRECTION('',(-0.999999999999999,4.63591653954154E-8,-1.02938025648792E-23));
#4761=DIRECTION('center_axis',(0.,-2.22044604925031E-16,-1.));
#4762=DIRECTION('ref_axis',(0.999999999999999,-4.635916372457E-8,1.0293802193877E-23));
#4763=DIRECTION('',(0.999999999999999,4.63852033807426E-8,-1.02995841590442E-23));
#4764=DIRECTION('',(-0.999999999999999,4.63591653954154E-8,-1.02938025648792E-23));
#4765=DIRECTION('center_axis',(-1.13792734682871E-14,-0.707106781186544,
-0.707106781186551));
#4766=DIRECTION('ref_axis',(-1.,4.73316543132607E-29,1.60927228688038E-14));
#4767=DIRECTION('center_axis',(1.13792734682871E-14,0.707106781186544,0.707106781186551));
#4768=DIRECTION('ref_axis',(-7.94859307208667E-15,-0.707106781186551,0.707106781186544));
#4769=DIRECTION('',(-1.,1.6092722868804E-14,-3.5733022915716E-30));
#4770=DIRECTION('',(1.5700924586838E-14,0.707106781186551,-0.707106781186544));
#4771=DIRECTION('center_axis',(-2.32832750958622E-15,-1.31615392872143E-15,
-1.));
#4772=DIRECTION('ref_axis',(0.391475651295725,-0.920188466805897,2.99626137505712E-16));
#4773=DIRECTION('',(-2.32832750958622E-15,-1.31615392872143E-15,-1.));
#4774=DIRECTION('',(2.32832750958622E-15,1.31615392872143E-15,1.));
#4775=DIRECTION('center_axis',(0.,2.22044604925031E-16,1.));
#4776=DIRECTION('ref_axis',(1.,0.,0.));
#4777=DIRECTION('center_axis',(0.,-2.22044604925031E-16,-1.));
#4778=DIRECTION('ref_axis',(0.707106781186608,0.707106781186488,-1.57009245868364E-16));
#4779=DIRECTION('',(1.,-1.93728406908091E-13,4.30163475746626E-29));
#4780=DIRECTION('',(0.,1.,-2.22044604925031E-16));
#4781=DIRECTION('',(-1.,0.,0.));
#4782=DIRECTION('center_axis',(0.,2.22044604925031E-16,1.));
#4783=DIRECTION('ref_axis',(0.999999999999999,-4.635916372457E-8,1.0293802193877E-23));
#4784=DIRECTION('',(0.999999999999999,-4.63591653954154E-8,1.02938025648792E-23));
#4785=DIRECTION('',(-0.999999999999999,-4.63852033807426E-8,1.02995841590442E-23));
#4786=DIRECTION('',(-1.,1.37778424860754E-15,-3.05929559153992E-31));
#4787=DIRECTION('center_axis',(0.,2.22044604925031E-16,1.));
#4788=DIRECTION('ref_axis',(0.999999999999999,-4.635916372457E-8,1.0293802193877E-23));
#4789=DIRECTION('',(0.999999999999999,-4.63591653954154E-8,1.02938025648792E-23));
#4790=DIRECTION('center_axis',(1.6092722868804E-14,1.,-1.31615392872147E-15));
#4791=DIRECTION('ref_axis',(1.,-1.60927228688039E-14,4.71083957061832E-14));
#4792=DIRECTION('',(0.,1.31615392872147E-15,1.));
#4793=DIRECTION('center_axis',(-0.720462758715319,0.693493628885163,7.6472889654877E-16));
#4794=DIRECTION('ref_axis',(0.693493628885163,0.720462758715319,-6.78121863976424E-18));
#4795=DIRECTION('center_axis',(0.,-0.707106781186548,0.707106781186548));
#4796=DIRECTION('ref_axis',(1.,0.,0.));
#4797=DIRECTION('',(0.577350269189617,0.57735026918963,0.57735026918963));
#4798=DIRECTION('center_axis',(0.,0.707106781186548,-0.707106781186548));
#4799=DIRECTION('ref_axis',(0.,-0.707106781186548,-0.707106781186548));
#4800=DIRECTION('',(1.,0.,0.));
#4801=DIRECTION('center_axis',(0.,0.707106781186548,-0.707106781186548));
#4802=DIRECTION('ref_axis',(0.,-0.707106781186548,-0.707106781186548));
#4803=DIRECTION('center_axis',(1.,0.,0.));
#4804=DIRECTION('ref_axis',(0.,-1.,2.22044604925031E-16));
#4805=DIRECTION('',(0.,2.22044604925031E-16,1.));
#4806=DIRECTION('',(0.,-1.,2.22044604925031E-16));
#4807=DIRECTION('',(0.,-1.31615392872147E-15,-1.));
#4808=DIRECTION('center_axis',(0.,2.22044604925031E-16,1.));
#4809=DIRECTION('ref_axis',(0.707106781186555,-0.70710678118654,1.57009245868376E-16));
#4810=DIRECTION('',(0.,-2.22044604925031E-16,-1.));
#4811=DIRECTION('center_axis',(0.,0.707106781186548,0.707106781186548));
#4812=DIRECTION('ref_axis',(-1.2266347333467E-16,-0.707106781186548,0.707106781186548));
#4813=DIRECTION('center_axis',(0.707106781186555,-1.57009245868376E-16,
-0.70710678118654));
#4814=DIRECTION('ref_axis',(0.70710678118654,2.45326946669337E-16,0.707106781186555));
#4815=DIRECTION('center_axis',(0.,1.31615392872147E-15,1.));
#4816=DIRECTION('ref_axis',(-0.707106781186538,0.707106781186557,-9.3066136808428E-16));
#4817=DIRECTION('center_axis',(0.,2.22044604925031E-16,1.));
#4818=DIRECTION('ref_axis',(-0.707106781186538,0.707106781186557,-1.57009245868379E-16));
#4819=DIRECTION('center_axis',(1.3698667023315E-13,0.707106781186402,-0.707106781186693));
#4820=DIRECTION('ref_axis',(-1.,4.79627430374375E-28,-1.93728406908011E-13));
#4821=DIRECTION('center_axis',(1.3698667023315E-13,0.707106781186402,-0.707106781186693));
#4822=DIRECTION('ref_axis',(1.37137763188185E-13,0.707106781186693,0.707106781186402));
#4823=DIRECTION('',(1.,-1.93728406908091E-13,4.30163475746626E-29));
#4824=DIRECTION('',(-1.41308321281533E-13,-0.707106781186689,-0.707106781186406));
#4825=DIRECTION('',(-0.577350269189501,0.577350269189863,0.577350269189513));
#4826=DIRECTION('center_axis',(0.,0.,1.));
#4827=DIRECTION('ref_axis',(0.707106781186617,0.707106781186479,0.));
#4828=DIRECTION('center_axis',(0.,-2.22044604925031E-16,-1.));
#4829=DIRECTION('ref_axis',(0.707106781186617,0.707106781186478,-1.57009245868362E-16));
#4830=DIRECTION('',(-0.707106781186932,0.,-0.707106781186163));
#4831=DIRECTION('center_axis',(0.707106781186351,1.02445637508851E-15,-0.707106781186744));
#4832=DIRECTION('ref_axis',(-0.707106781186744,0.,-0.707106781186351));
#4833=DIRECTION('',(1.6708447046353E-15,-1.,2.22044604925031E-16));
#4834=DIRECTION('',(-0.707106781186748,0.,-0.707106781186347));
#4835=DIRECTION('center_axis',(0.,0.,1.));
#4836=DIRECTION('ref_axis',(0.707106781186538,-0.707106781186557,0.));
#4837=DIRECTION('',(7.85046229341939E-15,0.707106781186595,-0.7071067811865));
#4838=DIRECTION('center_axis',(-1.13792734682871E-14,-0.707106781186544,
-0.707106781186551));
#4839=DIRECTION('ref_axis',(-1.,4.73316543132607E-29,1.60927228688038E-14));
#4840=DIRECTION('center_axis',(0.,0.,-1.));
#4841=DIRECTION('ref_axis',(-0.707106781186538,0.707106781186557,0.));
#4842=DIRECTION('',(-0.707106781186555,0.,-0.70710678118654));
#4843=DIRECTION('center_axis',(0.707106781186555,-1.57009245868376E-16,
-0.70710678118654));
#4844=DIRECTION('ref_axis',(-0.70710678118654,0.,-0.707106781186555));
#4845=DIRECTION('',(-0.577350269189617,0.57735026918963,-0.57735026918963));
#4846=DIRECTION('center_axis',(1.,1.67084470463531E-15,2.6994747211741E-15));
#4847=DIRECTION('ref_axis',(1.67084470463478E-15,-1.,1.9671540626275E-13));
#4848=DIRECTION('',(2.69947472117415E-15,-3.24023986182184E-14,-1.));
#4849=DIRECTION('center_axis',(2.69947472117415E-15,-3.24023986182184E-14,
-1.));
#4850=DIRECTION('ref_axis',(0.707106781186617,0.707106781186478,-2.10031389086655E-14));
#4851=DIRECTION('',(-2.69947472117415E-15,3.24023986182184E-14,1.));
#4852=DIRECTION('center_axis',(0.,2.22044604925031E-16,1.));
#4853=DIRECTION('ref_axis',(0.707106781186608,0.707106781186488,-1.57009245868364E-16));
#4854=DIRECTION('center_axis',(1.93728406908091E-13,1.,-3.24023986182179E-14));
#4855=DIRECTION('ref_axis',(1.,-1.93728406908089E-13,4.71083957062181E-14));
#4856=DIRECTION('',(0.,-3.24023986182179E-14,-1.));
#4857=DIRECTION('',(-1.,1.93728406908091E-13,-4.30163475746626E-29));
#4858=DIRECTION('center_axis',(0.,3.24023986182179E-14,1.));
#4859=DIRECTION('ref_axis',(-0.707106781186477,0.707106781186618,-2.29119557896538E-14));
#4860=DIRECTION('center_axis',(0.707106781186555,1.57009245868376E-16,0.70710678118654));
#4861=DIRECTION('ref_axis',(-0.70710678118654,4.57534755538314E-14,0.707106781186555));
#4862=DIRECTION('',(0.,3.24023986182179E-14,1.));
#4863=DIRECTION('center_axis',(0.707106781186563,-1.57009245868374E-16,
-0.707106781186532));
#4864=DIRECTION('ref_axis',(-0.707106781186532,-4.56308120804962E-14,-0.707106781186563));
#4865=DIRECTION('center_axis',(0.707106781186548,-1.09906472107864E-13,
0.707106781186548));
#4866=DIRECTION('ref_axis',(-0.707106781186548,1.64123727321788E-13,0.707106781186548));
#4867=DIRECTION('center_axis',(-0.707106781186555,-1.57009245868376E-16,
-0.70710678118654));
#4868=DIRECTION('ref_axis',(-0.70710678118654,0.,0.707106781186555));
#4869=DIRECTION('',(0.,-1.,2.22044604925031E-16));
#4870=DIRECTION('',(0.577350269189615,0.577350269189634,-0.577350269189628));
#4871=DIRECTION('center_axis',(0.707106781186555,1.57009245868376E-16,0.70710678118654));
#4872=DIRECTION('ref_axis',(-0.70710678118654,1.22663473334669E-16,0.707106781186555));
#4873=DIRECTION('',(0.,1.,-2.22044604925031E-16));
#4874=DIRECTION('center_axis',(1.,-1.93728406908091E-13,4.30163475746626E-29));
#4875=DIRECTION('ref_axis',(1.36986670233179E-13,0.707106781186555,0.70710678118654));
#4876=DIRECTION('center_axis',(0.707106781186563,-1.57009245868374E-16,
-0.707106781186532));
#4877=DIRECTION('ref_axis',(0.707106781186532,-2.73662209009655E-13,0.707106781186563));
#4878=DIRECTION('center_axis',(-1.,1.99840144432528E-13,0.));
#4879=DIRECTION('ref_axis',(0.,0.,1.));
#4880=DIRECTION('center_axis',(0.,-2.22044604925031E-16,-1.));
#4881=DIRECTION('ref_axis',(-1.,0.,0.));
#4882=DIRECTION('center_axis',(-0.707106781186563,1.57009245868374E-16,
0.707106781186532));
#4883=DIRECTION('ref_axis',(0.707106781186532,0.,0.707106781186563));
#4884=DIRECTION('',(0.,-1.,2.22044604925031E-16));
#4885=DIRECTION('center_axis',(0.707106781186563,-1.57009245868374E-16,
-0.707106781186532));
#4886=DIRECTION('ref_axis',(-0.707106781186532,-3.06658683336668E-16,-0.707106781186563));
#4887=DIRECTION('center_axis',(-1.,0.,0.));
#4888=DIRECTION('ref_axis',(0.,2.22044604925031E-16,1.));
#4889=DIRECTION('',(0.,-2.22044604925031E-16,-1.));
#4890=DIRECTION('center_axis',(0.,-0.707106781186548,-0.707106781186548));
#4891=DIRECTION('ref_axis',(-1.,0.,0.));
#4892=DIRECTION('',(-1.,0.,0.));
#4893=DIRECTION('center_axis',(0.,0.707106781186548,0.707106781186548));
#4894=DIRECTION('ref_axis',(0.,-0.707106781186548,0.707106781186548));
#4895=DIRECTION('',(1.,0.,0.));
#4896=DIRECTION('center_axis',(0.,1.,-2.22044604925031E-16));
#4897=DIRECTION('ref_axis',(1.,0.,0.));
#4898=DIRECTION('',(0.,2.22044604925031E-16,1.));
#4899=DIRECTION('center_axis',(3.27992918572403E-8,-0.707106781186546,0.707106781186548));
#4900=DIRECTION('ref_axis',(0.999999999999999,7.61006163548785E-23,-4.63852033807425E-8));
#4901=DIRECTION('',(-3.27992942656495E-8,0.70710678118553,0.707106781187564));
#4902=DIRECTION('',(3.27992942657455E-8,-0.707106781183462,-0.707106781189632));
#4903=DIRECTION('',(0.999999999999999,4.63852033807426E-8,-1.02995841590442E-23));
#4904=DIRECTION('center_axis',(0.,0.,1.));
#4905=DIRECTION('ref_axis',(0.999999999999999,-4.635916372457E-8,0.));
#4906=DIRECTION('',(-3.27808456792176E-8,-0.70710678118891,0.707106781184184));
#4907=DIRECTION('center_axis',(0.,-2.22044604925031E-16,-1.));
#4908=DIRECTION('ref_axis',(0.999999999999999,-4.635916372457E-8,1.0293802193877E-23));
#4909=DIRECTION('center_axis',(3.27808802212462E-8,0.707106781186531,0.707106781186564));
#4910=DIRECTION('ref_axis',(0.999999999999999,0.,-4.63591653954132E-8));
#4911=DIRECTION('',(-3.27808770811139E-8,-0.70710678118546,0.707106781187634));
#4912=DIRECTION('',(-0.999999999999999,4.63591653954154E-8,-1.02938025648792E-23));
#4913=DIRECTION('center_axis',(-4.71083957155423E-14,1.96604379592476E-13,
1.));
#4914=DIRECTION('ref_axis',(0.999999999999999,-4.635916372457E-8,4.71084048299569E-14));
#4915=DIRECTION('',(4.71083957155423E-14,-1.96604379592475E-13,-1.));
#4916=DIRECTION('center_axis',(0.,2.22044604925031E-16,1.));
#4917=DIRECTION('ref_axis',(0.999999999999999,-4.635916372457E-8,1.0293802193877E-23));
#4918=DIRECTION('',(4.71083957155423E-14,-1.96604379592475E-13,-1.));
#4919=DIRECTION('center_axis',(-4.63852033807426E-8,0.999999999999999,-2.08871573918688E-17));
#4920=DIRECTION('ref_axis',(0.999999999999999,4.63852033807426E-8,3.3516652858042E-13));
#4921=DIRECTION('',(8.96731667327436E-6,-1.96604379601283E-13,-0.999999999959794));
#4922=DIRECTION('',(-0.999999999999999,-4.63852033807426E-8,1.02995841590442E-23));
#4923=DIRECTION('center_axis',(-9.74240585202415E-16,-0.707106781186555,
0.70710678118654));
#4924=DIRECTION('ref_axis',(1.,-4.93038065763132E-31,1.37778424860757E-15));
#4925=DIRECTION('',(0.,0.707106781185566,0.707106781187529));
#4926=DIRECTION('',(0.,-0.707106781185566,-0.707106781187529));
#4927=DIRECTION('',(1.,-1.37778424860754E-15,3.05929559153992E-31));
#4928=DIRECTION('center_axis',(0.,0.,1.));
#4929=DIRECTION('ref_axis',(0.999999999999999,-4.635916372457E-8,0.));
#4930=DIRECTION('',(-3.27808770810318E-8,-0.707106781188157,0.707106781184938));
#4931=DIRECTION('center_axis',(0.,-2.22044604925031E-16,-1.));
#4932=DIRECTION('ref_axis',(0.999999999999999,-4.635916372457E-8,1.0293802193877E-23));
#4933=DIRECTION('center_axis',(3.27808802212469E-8,0.707106781186546,0.707106781186548));
#4934=DIRECTION('ref_axis',(0.999999999999999,5.62482816536059E-23,-4.63591653954153E-8));
#4935=DIRECTION('',(-3.2780877081113E-8,-0.707106781185448,0.707106781187646));
#4936=DIRECTION('',(-0.999999999999999,4.63591653954154E-8,-1.02938025648792E-23));
#4937=DIRECTION('center_axis',(-4.71083957155423E-14,1.96604379592476E-13,
1.));
#4938=DIRECTION('ref_axis',(0.999999999999999,-4.635916372457E-8,4.71084048299569E-14));
#4939=DIRECTION('',(4.71083957155423E-14,-1.96604379592475E-13,-1.));
#4940=DIRECTION('center_axis',(0.,2.22044604925031E-16,1.));
#4941=DIRECTION('ref_axis',(0.999999999999999,-4.635916372457E-8,1.0293802193877E-23));
#4942=DIRECTION('',(4.71083957155423E-14,-1.96604379592475E-13,-1.));
#4943=DIRECTION('center_axis',(1.37778424860754E-15,1.,-2.08871695035217E-17));
#4944=DIRECTION('ref_axis',(1.,-1.37778424860754E-15,-1.05003749059395E-21));
#4945=DIRECTION('',(8.96731667327436E-6,-1.96604379601283E-13,-0.999999999959794));
#4946=DIRECTION('',(-1.,1.37778424860754E-15,-3.05929559153993E-31));
#4947=DIRECTION('center_axis',(0.,2.22044604925031E-16,1.));
#4948=DIRECTION('ref_axis',(-0.70710678118654,-0.707106781186555,1.57009245868379E-16));
#4949=DIRECTION('center_axis',(0.,-2.22044604925031E-16,-1.));
#4950=DIRECTION('ref_axis',(-1.,0.,0.));
#4951=DIRECTION('center_axis',(0.,2.22044604925031E-16,1.));
#4952=DIRECTION('ref_axis',(-0.707106781186561,-0.707106781186534,1.57009245868374E-16));
#4953=DIRECTION('center_axis',(0.,0.,1.));
#4954=DIRECTION('ref_axis',(-0.707106781186562,-0.707106781186534,0.));
#4955=DIRECTION('',(-0.500000000000003,-0.499999999999983,-0.707106781186557));
#4956=DIRECTION('center_axis',(-4.63591653954154E-8,-0.999999999999999,
2.08871816084092E-17));
#4957=DIRECTION('ref_axis',(-0.999999999999999,4.63591653954154E-8,-3.13240427020332E-13));
#4958=DIRECTION('',(0.999999999999999,-4.63591653954154E-8,1.02938025648792E-23));
#4959=DIRECTION('',(8.96731667327436E-6,-1.96604379601283E-13,-0.999999999959794));
#4960=DIRECTION('center_axis',(-8.96731667327436E-6,1.96604379601283E-13,
0.999999999959794));
#4961=DIRECTION('ref_axis',(-0.999999999959794,-1.30198224431904E-11,-8.96731667327436E-6));
#4962=DIRECTION('center_axis',(-8.96731667327436E-6,1.96604379601283E-13,
0.999999999959794));
#4963=DIRECTION('ref_axis',(-0.999999988655371,-0.000150362381658639,-8.96731657187446E-6));
#4964=DIRECTION('',(8.96731667327436E-6,-1.96604379601283E-13,-0.999999999959794));
#4965=DIRECTION('center_axis',(-4.63591653954154E-8,-0.999999999999999,
2.08871816084092E-17));
#4966=DIRECTION('ref_axis',(-0.999999999999999,4.63591653954154E-8,-1.00065545247108E-13));
#4967=DIRECTION('',(0.999999999999999,-4.63591653954154E-8,1.02938025648792E-23));
#4968=DIRECTION('center_axis',(3.27808802212473E-8,0.707106781186554,-0.70710678118654));
#4969=DIRECTION('ref_axis',(-0.999999999999999,1.98523347012727E-23,-4.63591653954163E-8));
#4970=DIRECTION('',(3.27808770811839E-8,0.707106781191438,0.707106781181656));
#4971=DIRECTION('',(3.27808770810616E-8,0.707106781186539,0.707106781186555));
#4972=DIRECTION('',(2.23792702506119E-5,-0.707106780735339,0.707106781283615));
#4973=DIRECTION('center_axis',(-9.74240585202416E-16,-0.707106781186555,
-0.70710678118654));
#4974=DIRECTION('ref_axis',(-1.,1.77493703674728E-30,1.37778424860757E-15));
#4975=DIRECTION('',(0.,0.707106781189217,-0.707106781183878));
#4976=DIRECTION('center_axis',(0.,0.,-1.));
#4977=DIRECTION('ref_axis',(0.999999999999999,-4.635916372457E-8,0.));
#4978=DIRECTION('center_axis',(3.279929185724E-8,-0.707106781186543,-0.707106781186552));
#4979=DIRECTION('ref_axis',(-0.999999999999999,1.32348898008484E-23,-4.63852033807419E-8));
#4980=DIRECTION('',(1.52476734361266E-6,-0.707106781181341,0.70710678119011));
#4981=DIRECTION('',(-3.27992942657932E-8,0.707106781188478,-0.707106781184616));
#4982=DIRECTION('center_axis',(0.,0.,-1.));
#4983=DIRECTION('ref_axis',(0.999999999999999,-4.635916372457E-8,0.));
#4984=DIRECTION('',(-3.27808927819829E-8,-0.70710678118661,-0.707106781186484));
#4985=DIRECTION('center_axis',(3.27808802212473E-8,0.707106781186554,-0.70710678118654));
#4986=DIRECTION('ref_axis',(-0.999999999999999,1.98523347012727E-23,-4.63591653954163E-8));
#4987=DIRECTION('',(-1.52474892642783E-6,-0.707106781181479,-0.707106781189973));
#4988=DIRECTION('',(-4.63591638998596E-8,0.999999999999999,-4.1571730312396E-13));
#4989=DIRECTION('',(-0.999999999959792,-4.63591639017235E-8,-8.96731666699677E-6));
#4990=DIRECTION('',(8.96731661988838E-6,-1.96604379592822E-13,-0.999999999959794));
#4991=DIRECTION('',(-0.999999999959794,1.28976012812518E-15,-8.96731661988838E-6));
#4992=DIRECTION('',(0.,0.,1.));
#4993=DIRECTION('',(1.,0.,0.));
#4994=CARTESIAN_POINT('',(0.,0.,0.));
#4995=CARTESIAN_POINT('',(0.,0.,0.));
#4996=CARTESIAN_POINT('',(0.,0.,0.));
#4997=CARTESIAN_POINT('Origin',(-60.1997535217773,-16.0086541976472,63.9888541055826));
#4998=CARTESIAN_POINT('',(-60.3997554056188,-15.8086585712884,65.9389867823965));
#4999=CARTESIAN_POINT('',(-59.9997544236774,-16.2086516197976,65.8649987414481));
#5000=CARTESIAN_POINT('',(-60.5841643187077,-15.624250386907,65.9730770900902));
#5001=CARTESIAN_POINT('',(-60.3997504728067,-15.8086609910738,67.3888055370517));
#5002=CARTESIAN_POINT('',(-60.3997503151878,-15.8086609910738,63.9888540963109));
#5003=CARTESIAN_POINT('',(-59.9997504736634,-16.2086538169016,67.3888055370519));
#5004=CARTESIAN_POINT('',(-60.0997536400032,-16.1086524435923,67.3888055370518));
#5005=CARTESIAN_POINT('',(-59.999750356599,-16.2086538172365,64.8810842690802));
#5006=CARTESIAN_POINT('Origin',(-60.0000028744006,11.2912565102539,54.1890007754406));
#5007=CARTESIAN_POINT('',(-59.9997571518029,-16.1516261647648,65.7161085716534));
#5008=CARTESIAN_POINT('',(-59.9997949629875,-11.8745184339801,54.548104947377));
#5009=CARTESIAN_POINT('',(-59.9998060849836,-10.6391076023385,51.3223105368144));
#5010=CARTESIAN_POINT('',(-59.9997564736913,-16.2088331627417,65.7733153506896));
#5011=CARTESIAN_POINT('',(-59.9998380304199,-7.06664224847695,56.6311244357323));
#5012=CARTESIAN_POINT('',(-59.9997566081149,-16.2088331627417,68.6729257825493));
#5013=CARTESIAN_POINT('',(-59.9997562723881,-16.2088331632314,61.4390003118614));
#5014=CARTESIAN_POINT('',(-59.9997283671697,-19.3745185879823,71.83861120779));
#5015=CARTESIAN_POINT('',(-59.999831473256,-7.81673969757469,60.2808323166897));
#5016=CARTESIAN_POINT('',(-59.9996564636747,-27.408922839188,71.8386112788897));
#5017=CARTESIAN_POINT('',(-59.999841496251,-6.7587659067658,71.8386112073003));
#5018=CARTESIAN_POINT('',(-59.9996558190935,-27.4089228338883,53.7889978931727));
#5019=CARTESIAN_POINT('',(-59.9996559361505,-27.4089228338883,56.3140007754473));
#5020=CARTESIAN_POINT('',(-59.999560701476,-38.0161028006442,53.7889978854016));
#5021=CARTESIAN_POINT('',(-59.9999127343243,1.2412565116633,53.7889978931727));
#5022=CARTESIAN_POINT('',(-59.9995605064434,-38.0161028006424,49.5890004036476));
#5023=CARTESIAN_POINT('',(-59.9995606617466,-38.0161028006438,52.9390006824924));
#5024=CARTESIAN_POINT('',(-59.9999767219234,8.39861582325284,49.5890004036476));
#5025=CARTESIAN_POINT('',(-59.9994554018188,-49.7369584931264,49.5890004036476));
#5026=CARTESIAN_POINT('',(-59.9999769166319,8.39861582325109,53.7890007754406));
#5027=CARTESIAN_POINT('',(-59.9999768772266,8.39861582325145,52.9390006824924));
#5028=CARTESIAN_POINT('',(-59.9998050633002,-10.7642463813653,53.7890002986668));
#5029=CARTESIAN_POINT('',(-59.9994555965273,-49.7369584931281,53.7890007754406));
#5030=CARTESIAN_POINT('',(-59.9997985547027,-11.4743394974737,53.7890003177157));
#5031=CARTESIAN_POINT('',(-59.9999015255645,-0.0087004469897615,53.788999866803));
#5032=CARTESIAN_POINT('',(-59.9997987232217,-11.4745185881853,53.7890003458442));
#5033=CARTESIAN_POINT('',(-59.9994555965273,-49.7369584931281,53.7890007754406));
#5034=CARTESIAN_POINT('',(-59.9997977280071,-11.583797132973,53.788999866803));
#5035=CARTESIAN_POINT('',(-59.9999521907107,5.64127803163215,53.788999866803));
#5036=CARTESIAN_POINT('',(-59.9997971279769,-11.6516257592372,53.9661079464925));
#5037=CARTESIAN_POINT('',(-59.9998060849836,-10.6391076023385,51.3223105368144));
#5038=CARTESIAN_POINT('',(-59.9997950089253,-11.8745186188909,54.1890007797115));
#5039=CARTESIAN_POINT('',(-59.9998380304199,-7.06664224847694,49.3811244357323));
#5040=CARTESIAN_POINT('',(-59.9997951395594,-11.8745185881853,61.4390007754406));
#5041=CARTESIAN_POINT('Origin',(-60.1998393051422,-6.92522178897987,56.7725466794323));
#5042=CARTESIAN_POINT('',(-59.9998831449551,-16.1515181376465,65.7161787425298));
#5043=CARTESIAN_POINT('',(-60.3306521989723,-15.8678270845312,65.900262146512));
#5044=CARTESIAN_POINT('',(-59.9998826352502,-16.2086538184223,65.7733144233055));
#5045=CARTESIAN_POINT('',(-59.9999267637036,-11.2620487845526,60.826709389436));
#5046=CARTESIAN_POINT('',(-59.9999358192672,-16.2086538188992,65.7733896373332));
#5047=CARTESIAN_POINT('',(-57.9116767365954,-16.2086350928198,62.8201268851035));
#5048=CARTESIAN_POINT('',(-59.9997564733233,-16.2088331632314,65.7733153504868));
#5049=CARTESIAN_POINT('Origin',(-59.9997635116495,-15.4575445277542,65.0222051337657));
#5050=CARTESIAN_POINT('',(-59.9997573187924,-16.1517365019183,65.7163971079298));
#5051=CARTESIAN_POINT('',(-61.8348141930476,-12.9670978767494,62.5317420274797));
#5052=CARTESIAN_POINT('',(-59.9997568110355,-16.208653817294,65.7733144233055));
#5053=CARTESIAN_POINT('',(-59.9997744446785,-14.2320001869608,63.7966607929724));
#5054=CARTESIAN_POINT('',(-59.9997568110355,-16.208653817294,65.7733144233055));
#5055=CARTESIAN_POINT('Origin',(-60.1999015348283,-0.00870224045317805,
53.988999866803));
#5056=CARTESIAN_POINT('',(-60.3998050959841,-10.7642499682922,54.1890007571753));
#5057=CARTESIAN_POINT('',(-60.1998048592831,-10.7642481748268,53.98900053901));
#5058=CARTESIAN_POINT('',(-60.399800320927,-11.3086611162651,54.1890005492191));
#5059=CARTESIAN_POINT('',(-60.3994556150549,-49.7369620800549,54.1890007568969));
#5060=CARTESIAN_POINT('',(-62.1223468693586,-10.1238312520063,55.9115358176939));
#5061=CARTESIAN_POINT('',(-59.9999248687356,-11.4744663308701,53.7891269357535));
#5062=CARTESIAN_POINT('',(-59.9997987079424,-11.4745185881852,53.7890007754406));
#5063=CARTESIAN_POINT('',(-66.4435105401047,-17.9181669694309,60.232769792124));
#5064=CARTESIAN_POINT('Origin',(-60.0000028744006,11.2912565102539,54.1890007754406));
#5065=CARTESIAN_POINT('',(-59.9997951577951,-11.8743390953626,54.547637213042));
#5066=CARTESIAN_POINT('',(-59.9997971269973,-11.6517365019153,53.9663971079299));
#5067=CARTESIAN_POINT('',(-59.9998060849836,-10.6391076023385,51.3223105368144));
#5068=CARTESIAN_POINT('',(-59.9997951411677,-11.8743392422448,54.1889998482594));
#5069=CARTESIAN_POINT('',(-59.9997953237668,-11.8743376292155,58.1274796897057));
#5070=CARTESIAN_POINT('',(-59.9997772724572,-13.8773428993627,56.1920035053769));
#5071=CARTESIAN_POINT('Origin',(-60.1997914179018,-12.3000356464511,56.2183837260275));
#5072=CARTESIAN_POINT('',(-59.9999217415974,-11.8743390963528,54.5479911473855));
#5073=CARTESIAN_POINT('',(-59.0957244015795,-13.1530510745265,55.358721445837));
#5074=CARTESIAN_POINT('',(-60.2191629757217,-11.8743408112964,55.1610000858536));
#5075=CARTESIAN_POINT('',(-59.9999232892692,-11.6515175543449,53.9661781592282));
#5076=CARTESIAN_POINT('',(-59.6995520700326,-12.1727950145096,54.487458312875));
#5077=CARTESIAN_POINT('',(-60.6544832996119,-11.0901203607257,54.3304614358865));
#5078=CARTESIAN_POINT('',(-60.3997930960476,-12.113266086487,56.2899131712656));
#5079=CARTESIAN_POINT('',(-59.9997826120007,-13.2925410733181,58.2507201554788));
#5080=CARTESIAN_POINT('Origin',(-79.9997152256514,-15.8088367501661,65.938999866803));
#5081=CARTESIAN_POINT('',(-78.4997555786957,-11.3088233158883,54.1889998838014));
#5082=CARTESIAN_POINT('',(-74.9998690316235,-11.3087919962707,54.18900008005));
#5083=CARTESIAN_POINT('',(-79.5997557193266,-11.3088331073507,54.1889999480589));
#5084=CARTESIAN_POINT('',(-79.9997555785767,-11.308836750168,54.188999866803));
#5085=CARTESIAN_POINT('',(-79.5997153863996,-15.8088330563116,65.9389998865785));
#5086=CARTESIAN_POINT('',(-79.5997236238741,-14.8722980908554,63.4936027333548));
#5087=CARTESIAN_POINT('',(-78.499715226056,-15.8088265872098,65.9390127445994));
#5088=CARTESIAN_POINT('',(-79.9997152256514,-15.8088367501661,65.938999866803));
#5089=CARTESIAN_POINT('',(-77.5989395935761,-15.8088331632475,65.9390467143059));
#5090=CARTESIAN_POINT('',(-69.9999117384191,-15.8088331632475,65.9392246429621));
#5091=CARTESIAN_POINT('',(-71.4001661321754,-15.8087142331796,65.9388813168499));
#5092=CARTESIAN_POINT('Origin',(-74.4995545085671,-15.7851594349024,65.8773045502365));
#5093=CARTESIAN_POINT('',(-68.5989436874279,-15.8086736029528,65.9388408165043));
#5094=CARTESIAN_POINT('',(-72.4995990580274,-15.8087301798636,65.9388972125745));
#5095=CARTESIAN_POINT('',(-62.4001635497059,-15.8085836929769,65.9387511938799));
#5096=CARTESIAN_POINT('Origin',(-65.4995545085671,-15.7850787290518,65.8773045502365));
#5097=CARTESIAN_POINT('',(-61.9997604064045,-15.8085778853445,65.9387454048192));
#5098=CARTESIAN_POINT('',(-72.4995990580274,-15.8087301798636,65.9388972125745));
#5099=CARTESIAN_POINT('',(-61.9997604055306,-15.8086753388702,65.938999866803));
#5100=CARTESIAN_POINT('',(-61.9997697491301,-14.7667137565327,63.2183224018094));
#5101=CARTESIAN_POINT('',(-59.999760405611,-15.8086574042368,65.938999866803));
#5102=CARTESIAN_POINT('Origin',(-59.9997951411677,-11.8743392422448,54.1889998482594));
#5103=CARTESIAN_POINT('',(-59.9999215614736,-11.8743393789841,54.1890002457908));
#5104=CARTESIAN_POINT('',(-59.9999228388503,-11.8743377587465,57.8140004855303));
#5105=CARTESIAN_POINT('',(-59.9997951411677,-11.8743392422448,54.1889998482594));
#5106=CARTESIAN_POINT('Origin',(-79.7997219490282,-15.0590712346495,63.4220732800309));
#5107=CARTESIAN_POINT('',(-79.9997531113115,-11.5839764789074,53.788999866803));
#5108=CARTESIAN_POINT('',(-79.9997116387247,-16.20883675015,65.865023908386));
#5109=CARTESIAN_POINT('',(-79.9997202741823,-15.2458443784436,63.350543826707));
#5110=CARTESIAN_POINT('',(-79.9997116387247,-16.20883675015,65.865023908386));
#5111=CARTESIAN_POINT('',(-79.5997562739803,-11.3088331632475,54.188999866803));
#5112=CARTESIAN_POINT('Origin',(-79.7997134321961,-16.0088349566958,63.3264026043406));
#5113=CARTESIAN_POINT('',(-79.9997116003522,-16.2088344089565,67.3888055370515));
#5114=CARTESIAN_POINT('',(-79.9997116387247,-16.2088367501511,63.3264026043407));
#5115=CARTESIAN_POINT('',(-79.5997157287457,-15.8088331704779,67.3888055370516));
#5116=CARTESIAN_POINT('',(-79.7997149594241,-16.0088337192327,67.3888055370517));
#5117=CARTESIAN_POINT('',(-79.5997152256675,-15.8088331632405,63.3264026043405));
#5118=CARTESIAN_POINT('Origin',(-79.7997423263474,-12.7866724874996,53.988999866803));
#5119=CARTESIAN_POINT('',(-79.5997608206963,-10.7644221403763,54.1889998616238));
#5120=CARTESIAN_POINT('',(-79.5997423263555,-12.7866706940363,54.188999866803));
#5121=CARTESIAN_POINT('',(-79.9997608183938,-10.764425727303,53.7889999477588));
#5122=CARTESIAN_POINT('',(-79.899760972755,-10.7644248305727,53.8890000221068));
#5123=CARTESIAN_POINT('',(-79.9997423263394,-12.786674280963,53.788999866803));
#5124=CARTESIAN_POINT('Origin',(-79.9997241921961,-14.8089228346262,60.7138053418776));
#5125=CARTESIAN_POINT('',(-79.9999329766019,8.39843647731168,53.7889998486901));
#5126=CARTESIAN_POINT('',(-79.9994336266013,-47.287137839166,53.7889998482594));
#5127=CARTESIAN_POINT('',(-79.9999327817741,8.39843647731342,49.5889994757476));
#5128=CARTESIAN_POINT('',(-79.9999327635281,8.39843647731358,49.1889994764664));
#5129=CARTESIAN_POINT('',(-79.9995165662939,-38.016282146582,49.5889994757476));
#5130=CARTESIAN_POINT('',(-79.9994334318928,-47.2871378391643,49.5889994764664));
#5131=CARTESIAN_POINT('',(-79.9995167621298,-38.0162821465837,53.7889979036801));
#5132=CARTESIAN_POINT('',(-79.9995165480479,-38.0162821465818,49.1889994764664));
#5133=CARTESIAN_POINT('',(-79.9996117271273,-27.4089229103931,53.7889979696767));
#5134=CARTESIAN_POINT('',(-79.9998907643986,3.69107716562541,53.7889978931727));
#5135=CARTESIAN_POINT('',(-79.9996123811666,-27.4089228339964,71.8386112074674));
#5136=CARTESIAN_POINT('',(-79.9996118820091,-27.4089228338883,61.0639996623706));
#5137=CARTESIAN_POINT('',(-79.9996844280659,-19.3745185879813,71.8386112077927));
#5138=CARTESIAN_POINT('',(-79.9998195263252,-4.30894525280368,71.8386112073003));
#5139=CARTESIAN_POINT('',(-79.9997126690724,-16.2088331628004,68.672925782525));
#5140=CARTESIAN_POINT('',(-79.9998096135875,-5.34182881405526,57.8059214331703));
#5141=CARTESIAN_POINT('',(-79.9997122182467,-16.2088331632314,58.9389991987847));
#5142=CARTESIAN_POINT('Origin',(-59.9997987095507,-11.4743392422448,53.7889998482594));
#5143=CARTESIAN_POINT('',(-59.9999445307063,-9.27044614179922,51.585106746683));
#5144=CARTESIAN_POINT('Origin',(-60.1998393051422,-6.92522178897986,49.5225466794323));
#5145=CARTESIAN_POINT('',(-62.174761065912,-8.79869128428409,54.1890006746123));
#5146=CARTESIAN_POINT('Origin',(-60.3998002122478,-11.3088331632475,61.4390007568969));
#5147=CARTESIAN_POINT('Origin',(-60.1994556057911,-49.7369602865915,53.9890007661688));
#5148=CARTESIAN_POINT('',(-60.3999769351594,8.39861223632425,54.1890007568969));
#5149=CARTESIAN_POINT('',(-59.9999769166319,8.39861582325109,53.7890007754406));
#5150=CARTESIAN_POINT('',(-60.3994556150549,-49.7369620800549,54.1890007568969));
#5151=CARTESIAN_POINT('Origin',(-59.9997568110355,-16.208653817294,65.7733144233055));
#5152=CARTESIAN_POINT('',(-59.9999358941566,-16.2086538188992,67.3888055370519));
#5153=CARTESIAN_POINT('',(-59.9999357187962,-16.2086538188992,63.6061573675752));
#5154=CARTESIAN_POINT('',(-59.9997567283094,-16.208653817294,63.9888545784449));
#5155=CARTESIAN_POINT('',(-59.9997568859283,-16.208653817294,67.3888055370519));
#5156=CARTESIAN_POINT('Origin',(-59.9997604728228,-15.8086574042368,67.3888055370517));
#5157=CARTESIAN_POINT('',(-61.9997604055306,-15.8086753388696,67.3888055370517));
#5158=CARTESIAN_POINT('',(-61.9997604055306,-15.808675338871,63.9888541148541));
#5159=CARTESIAN_POINT('',(-59.9997604728228,-15.8086574042368,67.3888055370517));
#5160=CARTESIAN_POINT('Origin',(-59.9997568859283,-16.208653817294,67.3888055370518));
#5161=CARTESIAN_POINT('',(-61.9997604041153,-15.8088331632475,67.3888055370517));
#5162=CARTESIAN_POINT('',(-61.9997690240675,-14.8475698929448,67.3888055370513));
#5163=CARTESIAN_POINT('',(-60.3997601351427,-15.8088331632475,67.3888055370517));
#5164=CARTESIAN_POINT('',(-59.9998798803085,-15.8088331632475,67.3888055370517));
#5165=CARTESIAN_POINT('',(-60.0998022969039,-16.1087883116815,67.3888055370518));
#5166=CARTESIAN_POINT('Origin',(-61.999781229499,-13.4864680339657,60.5889026926556));
#5167=CARTESIAN_POINT('',(-61.9997604041153,-15.8088331632475,65.9390006827223));
#5168=CARTESIAN_POINT('',(-61.9997604041153,-15.8088331632475,61.0139512704575));
#5169=CARTESIAN_POINT('',(-61.999787692759,-12.7657106237079,62.8958781431826));
#5170=CARTESIAN_POINT('Origin',(-59.9997809815532,-13.48645009933,60.5889026926556));
#5171=CARTESIAN_POINT('Origin',(-60.0000028746888,-15.8088331632475,61.4389998482593));
#5172=CARTESIAN_POINT('',(-62.400168506069,-15.8088331632523,65.9390006641644));
#5173=CARTESIAN_POINT('',(-64.9995481544683,-15.8088331632475,65.9390005436546));
#5174=CARTESIAN_POINT('',(-68.5989405158323,-15.8088331632428,65.939000376785));
#5175=CARTESIAN_POINT('Origin',(-65.4995545085671,-15.8088331632475,65.8773045502365));
#5176=CARTESIAN_POINT('',(-71.4001684977636,-15.8088331632522,65.939000246932));
#5177=CARTESIAN_POINT('',(-64.9995481544683,-15.8088331632475,65.9390005436546));
#5178=CARTESIAN_POINT('Origin',(-74.4995545085671,-15.8088331632475,65.8773045502365));
#5179=CARTESIAN_POINT('',(-78.4997152257614,-15.8088232991904,67.388805537024));
#5180=CARTESIAN_POINT('',(-78.4997152257117,-15.8088232991898,68.8386112073003));
#5181=CARTESIAN_POINT('',(-79.9997152256514,-15.8088367501655,67.3888055370516));
#5182=CARTESIAN_POINT('',(-79.5997162641111,-15.8088331632475,68.8386112073003));
#5183=CARTESIAN_POINT('',(-79.5997158051734,-15.8088331632475,58.9389992173282));
#5184=CARTESIAN_POINT('',(-60.3997602023625,-15.8088331632475,68.8386112073003));
#5185=CARTESIAN_POINT('',(-64.9999311362119,-15.8088331632475,68.8386112073003));
#5186=CARTESIAN_POINT('',(-60.3997598593147,-15.8088331632475,61.4390002933176));
#5187=CARTESIAN_POINT('',(-71.7495545085671,-15.8088331632475,65.8773045502365));
#5188=CARTESIAN_POINT('Origin',(-74.4995545085671,-15.8088331632475,65.8773045502365));
#5189=CARTESIAN_POINT('',(-62.7495545085671,-15.8088331632475,65.8773045502365));
#5190=CARTESIAN_POINT('Origin',(-65.4995545085671,-15.8088331632475,65.8773045502365));
#5191=CARTESIAN_POINT('Origin',(-64.9995480501602,-13.5588331632475,63.6890005436555));
#5192=CARTESIAN_POINT('Origin',(-65.4995545085671,-15.7471371930093,65.8773045502365));
#5193=CARTESIAN_POINT('Origin',(-79.7994336358811,-47.2871360457027,53.9889998575312));
#5194=CARTESIAN_POINT('',(-79.5999329953401,8.39844006423817,54.188999866803));
#5195=CARTESIAN_POINT('',(-79.599433645161,-47.2871342522395,54.188999866803));
#5196=CARTESIAN_POINT('',(-79.9999329767803,8.39843647731167,53.7889998482594));
#5197=CARTESIAN_POINT('Origin',(-79.79971401171,-16.0088331632395,58.9389992080564));
#5198=CARTESIAN_POINT('',(-79.2781816212895,-15.4872956309357,68.9717964139846));
#5199=CARTESIAN_POINT('Origin',(-79.9997152256514,-15.8088367501661,65.938999866803));
#5200=CARTESIAN_POINT('Origin',(-79.9997604604827,-10.7644257272998,54.188999866803));
#5201=CARTESIAN_POINT('',(-78.499760460543,-10.7644122763247,54.188999866803));
#5202=CARTESIAN_POINT('',(-78.4997555786369,-11.3088232991929,54.188999866803));
#5203=CARTESIAN_POINT('',(-79.9997604604827,-10.7644257272998,54.188999866803));
#5204=CARTESIAN_POINT('Origin',(-69.9990930170153,-110.765263171333,54.1890003118404));
#5205=CARTESIAN_POINT('',(-61.1615157902549,10.2370830385231,54.1890007215934));
#5206=CARTESIAN_POINT('Origin',(-62.9999769350549,8.39858892130093,54.1890006363631));
#5207=CARTESIAN_POINT('',(-62.4041676204768,11.4797125824399,54.1890006639856));
#5208=CARTESIAN_POINT('',(-33.4310261315783,-17.4929092884488,54.1890020071442));
#5209=CARTESIAN_POINT('',(-64.2426520803001,12.2412184651132,54.1890005787553));
#5210=CARTESIAN_POINT('Origin',(-64.2426287652768,9.6412184652177,54.1890005787553));
#5211=CARTESIAN_POINT('',(-75.7573267665511,12.2411152093789,54.1890000449446));
#5212=CARTESIAN_POINT('',(-65.0000817544647,12.2412116730014,54.1890005436415));
#5213=CARTESIAN_POINT('',(-77.59579756875,11.4795763542834,54.1889999597144));
#5214=CARTESIAN_POINT('Origin',(-75.7573034515278,9.64111520948347,54.1890000449446));
#5215=CARTESIAN_POINT('',(-78.8384271126669,10.2369245240615,54.1889999021066));
#5216=CARTESIAN_POINT('',(-106.568522754312,-17.4936684511424,54.188998616551));
#5217=CARTESIAN_POINT('Origin',(-76.9999329954446,8.39846337926152,54.1889999873369));
#5218=CARTESIAN_POINT('',(-74.149763013076,-2.30889740834317,54.1890001198179));
#5219=CARTESIAN_POINT('',(-65.8497630130763,-2.30889740834317,54.189000503891));
#5220=CARTESIAN_POINT('Origin',(-69.9997630263988,-2.30889740834317,54.1890003118544));
#5221=CARTESIAN_POINT('',(-74.1497630119061,7.69110259165684,54.189000119114));
#5222=CARTESIAN_POINT('',(-74.1497629985833,-56.537080289838,54.1890001194414));
#5223=CARTESIAN_POINT('',(-65.849763013076,7.69110259165683,54.1890005038951));
#5224=CARTESIAN_POINT('Origin',(-69.9997630263988,7.69110259165683,54.1890003118586));
#5225=CARTESIAN_POINT('',(-65.8497629985833,-51.537080289838,54.1890005042245));
#5226=CARTESIAN_POINT('Origin',(-65.4995545085671,-15.8088331632475,65.8773045502365));
#5227=CARTESIAN_POINT('Origin',(-65.4995545085671,-15.7471371930093,65.8773045502365));
#5228=CARTESIAN_POINT('Origin',(-64.9995480501602,-13.5588331632475,63.6890005436555));
#5229=CARTESIAN_POINT('Origin',(-74.4995545085671,-15.7471376102417,65.8773045502365));
#5230=CARTESIAN_POINT('Origin',(-69.9997629985833,-2.30889740834292,49.1890031851929));
#5231=CARTESIAN_POINT('',(-71.5997629985833,-2.30889740834292,49.5889998658868));
#5232=CARTESIAN_POINT('',(-68.3997629985833,-2.30889740834292,49.5890000142361));
#5233=CARTESIAN_POINT('Origin',(-69.9997629985833,-2.30889740834292,49.5889999400616));
#5234=CARTESIAN_POINT('',(-71.5997629985833,-2.30889740834292,53.1890035569859));
#5235=CARTESIAN_POINT('',(-71.5997629985833,-2.30889740834292,49.1890031851929));
#5236=CARTESIAN_POINT('',(-68.3997629985833,-2.30889740834292,53.1890035569859));
#5237=CARTESIAN_POINT('Origin',(-69.9997629985833,-2.30889740834292,53.1890035569859));
#5238=CARTESIAN_POINT('',(-68.3997629985833,-2.30889740834292,49.1890031851929));
#5239=CARTESIAN_POINT('Origin',(-69.9997629985833,2.69110259165708,53.5890035569859));
#5240=CARTESIAN_POINT('',(-73.5497629986122,7.69110259165708,53.5890035570148));
#5241=CARTESIAN_POINT('',(-66.449762998505,7.69110259165708,53.5890035570642));
#5242=CARTESIAN_POINT('Origin',(-69.9997629985833,7.69110259165708,53.5890035569859));
#5243=CARTESIAN_POINT('',(-73.5497629986122,-2.30889740834292,53.5890035570148));
#5244=CARTESIAN_POINT('',(-73.5497629985833,7.69110259165708,53.5890035569859));
#5245=CARTESIAN_POINT('',(-66.4497629985051,-2.30889740834292,53.5890035570642));
#5246=CARTESIAN_POINT('Origin',(-69.9997629985833,-2.30889740834292,53.5890035569859));
#5247=CARTESIAN_POINT('',(-66.4497629985833,-2.30889740834292,53.5890035569859));
#5248=CARTESIAN_POINT('',(-71.9997629985833,7.69110259165708,53.5890035569859));
#5249=CARTESIAN_POINT('',(-71.9997629985833,-2.30889740834292,53.5890035569859));
#5250=CARTESIAN_POINT('',(-71.9997629985833,5.19110259165708,53.5890035569859));
#5251=CARTESIAN_POINT('',(-67.9997629985833,7.69110259165708,53.5890035569859));
#5252=CARTESIAN_POINT('Origin',(-69.9997629985833,7.69110259165708,53.5890035569859));
#5253=CARTESIAN_POINT('',(-67.9997629985833,-2.30889740834292,53.5890035569859));
#5254=CARTESIAN_POINT('',(-67.9997629985833,0.191102591657084,53.5890035569859));
#5255=CARTESIAN_POINT('Origin',(-69.9997629985833,-2.30889740834292,53.5890035569859));
#5256=CARTESIAN_POINT('Origin',(-71.5997629985833,7.69110259165708,49.1890031851929));
#5257=CARTESIAN_POINT('',(-71.5997629985833,7.69110259165708,49.5889998658907));
#5258=CARTESIAN_POINT('',(-71.5997629985833,-51.5370802898371,49.5889998658663));
#5259=CARTESIAN_POINT('',(-71.5997629985833,7.69110259165708,53.1890035569859));
#5260=CARTESIAN_POINT('',(-71.5997629985833,7.69110259165708,49.1890031851929));
#5261=CARTESIAN_POINT('',(-71.5997629985833,5.19110259165708,53.1890035569859));
#5262=CARTESIAN_POINT('Origin',(-69.9997629985833,7.69110259165708,53.3890035569859));
#5263=CARTESIAN_POINT('',(-71.5997629985833,7.69110259165708,53.1890035569859));
#5264=CARTESIAN_POINT('',(-68.3997629985833,7.69110259165708,53.1890035569859));
#5265=CARTESIAN_POINT('Origin',(-69.9997629985833,7.69110259165708,53.1890035569859));
#5266=CARTESIAN_POINT('',(-67.9997629985833,7.69110259165708,53.5890035569859));
#5267=CARTESIAN_POINT('Origin',(-68.1997629985833,0.191102591657084,53.3890035569859));
#5268=CARTESIAN_POINT('',(-68.3997629985833,0.191102591657084,53.1890035569859));
#5269=CARTESIAN_POINT('',(-67.9997629985833,-2.30889740834292,53.5890035569859));
#5270=CARTESIAN_POINT('Origin',(-69.9997629985833,-2.30889740834292,53.3890035569859));
#5271=CARTESIAN_POINT('',(-71.9997629985833,-2.30889740834292,53.5890035569859));
#5272=CARTESIAN_POINT('Origin',(-71.7997629985833,5.19110259165708,53.3890035569859));
#5273=CARTESIAN_POINT('Origin',(-66.1497629985833,-51.5370802898378,53.8890004903167));
#5274=CARTESIAN_POINT('',(-65.8497630263991,-2.30889740834317,54.189000504245));
#5275=CARTESIAN_POINT('',(-66.4497629985833,7.69110259165708,53.5890035569859));
#5276=CARTESIAN_POINT('Origin',(-69.9997630124911,7.69110259165696,53.8890003118585));
#5277=CARTESIAN_POINT('',(-73.5497629985833,7.69110259165708,53.5890035569859));
#5278=CARTESIAN_POINT('Origin',(-73.8497629985833,-56.5370802898378,53.8890001333491));
#5279=CARTESIAN_POINT('',(-73.5497629985833,-2.30889740834292,53.5890035569859));
#5280=CARTESIAN_POINT('Origin',(-69.9997630124911,-2.30889740834304,53.8890003118546));
#5281=CARTESIAN_POINT('Origin',(-69.9997629985833,-37.3088974083429,53.8889978931727));
#5282=CARTESIAN_POINT('',(-66.4497629985833,-37.3088974083429,53.5889978931727));
#5283=CARTESIAN_POINT('Origin',(-69.9997629985833,-37.3088974083429,53.5889978931727));
#5284=CARTESIAN_POINT('',(-65.8497629985833,-37.3088974083429,54.1889978931727));
#5285=CARTESIAN_POINT('',(-66.1497629985833,-37.3088974083429,53.8889978931727));
#5286=CARTESIAN_POINT('Origin',(-69.9997629985833,-37.3088974083429,54.1889978931727));
#5287=CARTESIAN_POINT('Origin',(-70.0000028743996,-8.80883316171062,54.1889978931727));
#5288=CARTESIAN_POINT('',(-60.3996521209096,-27.808922816067,54.1889978753682));
#5289=CARTESIAN_POINT('',(-60.3995607192089,-38.016106387571,54.1889978931727));
#5290=CARTESIAN_POINT('',(-60.3999127528519,1.24125292473646,54.1889978931727));
#5291=CARTESIAN_POINT('',(-79.5996081826469,-27.8089228516798,54.18899791098));
#5292=CARTESIAN_POINT('',(-74.9997786914834,-27.8089228338722,54.1889978931727));
#5293=CARTESIAN_POINT('',(-79.5995167789187,-38.0162785596572,54.1889978931727));
#5294=CARTESIAN_POINT('',(-79.5998907829583,3.69108075255191,54.1889978931727));
#5295=CARTESIAN_POINT('',(-78.8379779166502,-39.8547493722859,54.188997893396));
#5296=CARTESIAN_POINT('Origin',(-76.9995167614206,-38.0162552446337,54.1889978931727));
#5297=CARTESIAN_POINT('',(-77.5953260827846,-41.0973789125586,54.188997893476));
#5298=CARTESIAN_POINT('',(-84.0792605689955,-34.613560717265,54.1889978931727));
#5299=CARTESIAN_POINT('',(-75.7568416161755,-41.8588847913952,54.1889978935304));
#5300=CARTESIAN_POINT('Origin',(-75.7568649311988,-39.2588847885502,54.1889978931727));
#5301=CARTESIAN_POINT('',(-64.2421669299247,-41.8587815285646,54.1889978935304));
#5302=CARTESIAN_POINT('',(-74.9995942972279,-41.8588779979692,54.1889978931727));
#5303=CARTESIAN_POINT('',(-62.4036961352296,-41.0972426701123,54.188997893476));
#5304=CARTESIAN_POINT('Origin',(-64.2421902449479,-39.258781532816,54.1889978931727));
#5305=CARTESIAN_POINT('',(-61.1610665947653,-39.8545908364379,54.188997893396));
#5306=CARTESIAN_POINT('',(-55.9199789764264,-34.6134092236403,54.1889978931727));
#5307=CARTESIAN_POINT('Origin',(-62.9995607010312,-38.0161297025941,54.1889978931727));
#5308=CARTESIAN_POINT('Origin',(-59.9999708094349,12.6412565105957,49.1890004036497));
#5309=CARTESIAN_POINT('',(-75.7573301402256,12.6411152093648,49.5889996731516));
#5310=CARTESIAN_POINT('',(-64.2426554539746,12.641218465099,49.5890002069623));
#5311=CARTESIAN_POINT('',(-65.0000851281392,12.6412116729873,49.5890001718485));
#5312=CARTESIAN_POINT('',(-75.7573303349341,12.641115209363,53.7890000449446));
#5313=CARTESIAN_POINT('',(-75.757330121682,12.6411152093649,49.1889996731517));
#5314=CARTESIAN_POINT('',(-64.2426556486831,12.6412184650972,53.7890005787553));
#5315=CARTESIAN_POINT('',(-65.0000853228477,12.6412116729855,53.7890005436415));
#5316=CARTESIAN_POINT('',(-64.2426554933799,12.6412184650986,50.4390002999106));
#5317=CARTESIAN_POINT('Origin',(-62.9999768771059,8.39858892130145,52.9390005434149));
#5318=CARTESIAN_POINT('',(-60.8786754008797,10.5199282873285,49.5890003629128));
#5319=CARTESIAN_POINT('Origin',(-62.9999767218027,8.39858892130284,49.5890002645701));
#5320=CARTESIAN_POINT('',(-60.8786755955882,10.5199282873267,53.7890007347058));
#5321=CARTESIAN_POINT('',(-60.8786755561829,10.5199282873271,52.9390006417575));
#5322=CARTESIAN_POINT('Origin',(-62.9999769165112,8.39858892130109,53.7890006363631));
#5323=CARTESIAN_POINT('Origin',(-61.5000014133448,11.141243059286,51.6890005200054));
#5324=CARTESIAN_POINT('',(-62.1213272311015,11.7625578312452,49.589000305305));
#5325=CARTESIAN_POINT('',(-33.1481857422031,-17.2100640396435,49.5890016484635));
#5326=CARTESIAN_POINT('',(-62.12132742581,11.7625578312435,53.789000677098));
#5327=CARTESIAN_POINT('',(-62.1213272705068,11.7625578312449,50.4390003982533));
#5328=CARTESIAN_POINT('',(-33.1481859369116,-17.2100640396453,53.7890020202565));
#5329=CARTESIAN_POINT('Origin',(-64.2426285914299,9.64121846521926,50.4390002999106));
#5330=CARTESIAN_POINT('Origin',(-64.2426285520246,9.64121846521961,49.5890002069623));
#5331=CARTESIAN_POINT('Origin',(-64.2426287467331,9.64121846521787,53.7890005787553));
#5332=CARTESIAN_POINT('Origin',(-75.757303219732,9.64111520948554,49.1889996731517));
#5333=CARTESIAN_POINT('',(-77.8786426043013,11.7624165304084,49.588999574809));
#5334=CARTESIAN_POINT('Origin',(-75.7573032382756,9.64111520948538,49.5889996731516));
#5335=CARTESIAN_POINT('',(-77.8786427990098,11.7624165304067,53.788999946602));
#5336=CARTESIAN_POINT('',(-77.8786425857576,11.7624165304086,49.188999574809));
#5337=CARTESIAN_POINT('Origin',(-75.7573034329841,9.64111520948363,53.7890000449446));
#5338=CARTESIAN_POINT('Origin',(-78.499957357716,11.1410906152976,49.1889995460052));
#5339=CARTESIAN_POINT('',(-79.1212721482181,10.5197647001865,49.5889995172012));
#5340=CARTESIAN_POINT('',(-106.851367789864,-17.2108282750175,49.5889982316456));
#5341=CARTESIAN_POINT('',(-79.1212723429266,10.5197647001847,53.7889998889942));
#5342=CARTESIAN_POINT('',(-79.1212721296744,10.5197647001866,49.1889995172013));
#5343=CARTESIAN_POINT('',(-106.851367984572,-17.2108282750192,53.7889986034386));
#5344=CARTESIAN_POINT('Origin',(-76.9999327636488,8.3984633792636,49.1889996155439));
#5345=CARTESIAN_POINT('Origin',(-76.9999327821924,8.39846337926343,49.5889996155439));
#5346=CARTESIAN_POINT('Origin',(-76.9999329769009,8.39846337926169,53.7889999873369));
#5347=CARTESIAN_POINT('Origin',(-79.7998907736784,3.69107895908866,53.9889978931727));
#5348=CARTESIAN_POINT('',(-79.5995167784482,-38.0162785596572,54.1889978931727));
#5349=CARTESIAN_POINT('',(-79.99961188085,-27.4089228338883,53.7889978931727));
#5350=CARTESIAN_POINT('Origin',(-76.9995167614206,-38.0162552446337,53.9889979017387));
#5351=CARTESIAN_POINT('',(-79.1208180825728,-40.1375946108887,53.7889979009438));
#5352=CARTESIAN_POINT('Origin',(-76.9995167614206,-38.0162552446337,53.7889979103048));
#5353=CARTESIAN_POINT('',(-78.8379779154923,-39.8547493711279,54.1889978931727));
#5354=CARTESIAN_POINT('Origin',(-84.2206806524212,-34.7549833370308,53.9889978931727));
#5355=CARTESIAN_POINT('',(-77.8781662520164,-41.3802241544707,53.7889978973047));
#5356=CARTESIAN_POINT('',(-84.3621007358468,-34.8964059567965,53.7889978931727));
#5357=CARTESIAN_POINT('',(-77.5953260810165,-41.0973789107905,54.1889978931727));
#5358=CARTESIAN_POINT('Origin',(-75.7568649311988,-39.2588847885502,53.9889978967209));
#5359=CARTESIAN_POINT('',(-75.7568380292488,-42.2588847885786,53.788997896137));
#5360=CARTESIAN_POINT('Origin',(-75.7568649311988,-39.2588847885502,53.7889979002691));
#5361=CARTESIAN_POINT('',(-75.7568416161755,-41.8588847884457,54.1889978931727));
#5362=CARTESIAN_POINT('Origin',(-74.9995925037646,-42.0588779979611,53.9889978931727));
#5363=CARTESIAN_POINT('',(-64.242163342998,-42.2587815328444,53.7889978890406));
#5364=CARTESIAN_POINT('',(-74.9995907103012,-42.2588779979531,53.7889978931727));
#5365=CARTESIAN_POINT('',(-64.2421669299247,-41.8587815256151,54.1889978931727));
#5366=CARTESIAN_POINT('Origin',(-64.2421902449479,-39.258781532816,53.9889978896245));
#5367=CARTESIAN_POINT('',(-62.1208508790276,-41.3800828536337,53.7889978902083));
#5368=CARTESIAN_POINT('Origin',(-64.2421902449479,-39.258781532816,53.7889978860763));
#5369=CARTESIAN_POINT('',(-62.4036961369977,-41.0972426683442,54.1889978931727));
#5370=CARTESIAN_POINT('Origin',(-55.7785563473888,-34.7548293163378,53.9889978931727));
#5371=CARTESIAN_POINT('',(-60.8782213347763,-40.1374310237465,53.7889978838116));
#5372=CARTESIAN_POINT('',(-55.6371337183511,-34.8962494090352,53.7889978931727));
#5373=CARTESIAN_POINT('',(-61.1610665959233,-39.85459083528,54.1889978931727));
#5374=CARTESIAN_POINT('Origin',(-62.9995607010312,-38.0161297025941,53.9889978846066));
#5375=CARTESIAN_POINT('Origin',(-62.9995607010312,-38.0161297025941,53.7889978760406));
#5376=CARTESIAN_POINT('',(-60.3995607196794,-38.016106387571,54.1889978931727));
#5377=CARTESIAN_POINT('Origin',(-76.9999329861728,8.3984633792616,53.9889999873369));
#5378=CARTESIAN_POINT('',(-79.1212723429266,10.5197647001847,53.7889998889942));
#5379=CARTESIAN_POINT('Origin',(-106.709945369442,-17.3522483630808,53.9889986099948));
#5380=CARTESIAN_POINT('',(-77.8786427990098,11.7624165304067,53.788999946602));
#5381=CARTESIAN_POINT('Origin',(-75.757303442256,9.64111520948355,53.9890000449446));
#5382=CARTESIAN_POINT('',(-75.7573303349341,12.641115209363,53.7890000449446));
#5383=CARTESIAN_POINT('Origin',(-65.0000835386562,12.4412116729935,53.9890005436415));
#5384=CARTESIAN_POINT('',(-64.2426556486831,12.6412184650972,53.7890005787553));
#5385=CARTESIAN_POINT('Origin',(-64.2426287560049,9.64121846521778,53.9890005787553));
#5386=CARTESIAN_POINT('',(-62.12132742581,11.7625578312435,53.789000677098));
#5387=CARTESIAN_POINT('Origin',(-33.2896060342449,-17.3514866640471,53.9890020137004));
#5388=CARTESIAN_POINT('',(-60.8786755955882,10.5199282873267,53.7890007347058));
#5389=CARTESIAN_POINT('Origin',(-62.9999769257831,8.39858892130101,53.9890006363631));
#5390=CARTESIAN_POINT('Origin',(-60.1994556057911,-49.7369602865915,53.9890007661688));
#5391=CARTESIAN_POINT('Origin',(-60.1999127435881,1.24125471819988,53.9889978931727));
#5392=CARTESIAN_POINT('',(-59.9996558190935,-27.4089228338883,53.7889978931727));
#5393=CARTESIAN_POINT('Origin',(-62.999560661626,-38.0161297025938,52.9390005434149));
#5394=CARTESIAN_POINT('',(-60.8782211402972,-40.1374310235154,49.5890003629127));
#5395=CARTESIAN_POINT('Origin',(-62.9995605063228,-38.0161297025924,49.5890002645701));
#5396=CARTESIAN_POINT('',(-60.8782212956004,-40.1374310235168,52.9390006417575));
#5397=CARTESIAN_POINT('Origin',(-61.4995360096098,-40.7587569386273,51.6890005200054));
#5398=CARTESIAN_POINT('',(-62.1208506842139,-41.3800828537373,49.589000305305));
#5399=CARTESIAN_POINT('',(-81.1260135813849,-60.3855866045928,49.5889994242336));
#5400=CARTESIAN_POINT('',(-62.1208507236192,-41.3800828537377,50.4390003982532));
#5401=CARTESIAN_POINT('Origin',(-64.2421900896449,-39.2587815328146,50.4390002999106));
#5402=CARTESIAN_POINT('',(-64.2421631482896,-42.2587815326936,49.5890002069623));
#5403=CARTESIAN_POINT('Origin',(-64.2421900502396,-39.2587815328142,49.5890002069623));
#5404=CARTESIAN_POINT('',(-64.2421631876949,-42.258781532694,50.4390002999106));
#5405=CARTESIAN_POINT('Origin',(-79.9994785029454,-42.2589228335302,49.1889994764664));
#5406=CARTESIAN_POINT('',(-75.7568378345404,-42.2588847884278,49.5889996731516));
#5407=CARTESIAN_POINT('',(-74.999592822052,-42.258877997972,49.5889997082569));
#5408=CARTESIAN_POINT('',(-75.7568378159967,-42.2588847884277,49.1889996731517));
#5409=CARTESIAN_POINT('Origin',(-75.7568647179467,-39.2588847885483,49.1889996731517));
#5410=CARTESIAN_POINT('',(-77.8781660574133,-41.3802241545742,49.588999574809));
#5411=CARTESIAN_POINT('Origin',(-75.7568647364904,-39.2588847885485,49.5889996731516));
#5412=CARTESIAN_POINT('',(-77.8781660388697,-41.3802241545741,49.188999574809));
#5413=CARTESIAN_POINT('Origin',(-78.4994919539807,-40.7589093826157,49.1889995460051));
#5414=CARTESIAN_POINT('',(-79.1208178876352,-40.1375946106577,49.5889995172012));
#5415=CARTESIAN_POINT('',(-58.8727656230841,-60.3852837370694,49.5890004558756));
#5416=CARTESIAN_POINT('',(-79.1208178690915,-40.1375946106575,49.1889995172013));
#5417=CARTESIAN_POINT('Origin',(-76.9995165481686,-38.0162552446318,49.1889996155439));
#5418=CARTESIAN_POINT('Origin',(-76.9995165667122,-38.0162552446319,49.5889996155439));
#5419=CARTESIAN_POINT('Origin',(-62.999560497051,-38.0161297025923,49.3890002645701));
#5420=CARTESIAN_POINT('',(-60.3995604878837,-38.0161063875689,49.1890003851039));
#5421=CARTESIAN_POINT('',(-59.9995605064434,-38.0161028006424,49.5890004036476));
#5422=CARTESIAN_POINT('',(-61.1610663705569,-39.8545908473922,49.1890003498004));
#5423=CARTESIAN_POINT('',(-61.1610663705569,-39.8545908473922,49.1890003498004));
#5424=CARTESIAN_POINT('Origin',(-62.9995604877791,-38.0161297025922,49.1890002645701));
#5425=CARTESIAN_POINT('Origin',(-81.2674361965148,-60.2441665165312,49.3889994176774));
#5426=CARTESIAN_POINT('',(-62.4036959144737,-41.0972426776141,49.1890002921926));
#5427=CARTESIAN_POINT('',(-62.4036959144737,-41.0972426776141,49.1890002921926));
#5428=CARTESIAN_POINT('',(-81.4088588116446,-60.1027464284695,49.1889994111212));
#5429=CARTESIAN_POINT('Origin',(-64.2421900409677,-39.2587815328141,49.3890002069623));
#5430=CARTESIAN_POINT('',(-64.2421667166726,-41.8587815327097,49.1890002069623));
#5431=CARTESIAN_POINT('',(-64.2421667166726,-41.8587815327097,49.1890002069623));
#5432=CARTESIAN_POINT('Origin',(-64.2421900316959,-39.2587815328141,49.1890002069623));
#5433=CARTESIAN_POINT('Origin',(-74.9995946062435,-42.0588779979801,49.3889997082569));
#5434=CARTESIAN_POINT('',(-75.7568414029234,-41.8588847884438,49.1889996731516));
#5435=CARTESIAN_POINT('',(-75.7568414029234,-41.8588847884438,49.1889996731516));
#5436=CARTESIAN_POINT('',(-74.999596390435,-41.8588779979881,49.1889997082569));
#5437=CARTESIAN_POINT('Origin',(-75.7568647272186,-39.2588847885484,49.3889996731516));
#5438=CARTESIAN_POINT('',(-77.5953258627466,-41.0973789057706,49.1889995879214));
#5439=CARTESIAN_POINT('',(-77.5953258627466,-41.0973789057706,49.1889995879214));
#5440=CARTESIAN_POINT('Origin',(-75.7568647179467,-39.2588847885483,49.1889996731516));
#5441=CARTESIAN_POINT('Origin',(-58.7313455257507,-60.2438611126676,49.3890004624318));
#5442=CARTESIAN_POINT('',(-78.8379776929684,-39.8547493618541,49.1889995303136));
#5443=CARTESIAN_POINT('',(-78.8379776929684,-39.8547493618541,49.1889995303136));
#5444=CARTESIAN_POINT('',(-58.5899254284174,-60.1024384882658,49.1890004689879));
#5445=CARTESIAN_POINT('Origin',(-76.9995165574404,-38.0162552446318,49.3889996155439));
#5446=CARTESIAN_POINT('',(-79.5995165480639,-38.0162785596551,49.18899949501));
#5447=CARTESIAN_POINT('',(-79.5995165480639,-38.0162785596551,49.18899949501));
#5448=CARTESIAN_POINT('Origin',(-76.9995165481686,-38.0162552446318,49.1889996155438));
#5449=CARTESIAN_POINT('Origin',(-79.7994334226289,-47.2871360457008,49.3889994857382));
#5450=CARTESIAN_POINT('',(-79.5999327635442,8.39844006424025,49.18899949501));
#5451=CARTESIAN_POINT('',(-79.5999327635442,8.39844006424025,49.18899949501));
#5452=CARTESIAN_POINT('',(-79.599433413365,-47.2871342522374,49.18899949501));
#5453=CARTESIAN_POINT('Origin',(-76.9999327729206,8.39846337926352,49.3889996155439));
#5454=CARTESIAN_POINT('',(-78.838426880871,10.2369245240636,49.1889995303136));
#5455=CARTESIAN_POINT('',(-78.838426880871,10.2369245240636,49.1889995303136));
#5456=CARTESIAN_POINT('Origin',(-76.9999327636488,8.3984633792636,49.1889996155438));
#5457=CARTESIAN_POINT('Origin',(-106.70994515619,-17.3522483630789,49.3889982382018));
#5458=CARTESIAN_POINT('',(-77.5957973369542,11.4795763542855,49.1889995879213));
#5459=CARTESIAN_POINT('',(-77.5957973369542,11.4795763542855,49.1889995879213));
#5460=CARTESIAN_POINT('',(-106.568522522517,-17.4936684511404,49.188998244758));
#5461=CARTESIAN_POINT('Origin',(-75.7573032290038,9.64111520948546,49.3889996731516));
#5462=CARTESIAN_POINT('',(-75.7573265347553,12.2411152093809,49.1889996731516));
#5463=CARTESIAN_POINT('',(-75.7573265347553,12.2411152093809,49.1889996731516));
#5464=CARTESIAN_POINT('Origin',(-75.757303219732,9.64111520948554,49.1889996731516));
#5465=CARTESIAN_POINT('Origin',(-65.000083325404,12.4412116729953,49.3890001718485));
#5466=CARTESIAN_POINT('',(-64.2426518485043,12.2412184651152,49.1890002069623));
#5467=CARTESIAN_POINT('',(-64.2426518485043,12.2412184651152,49.1890002069623));
#5468=CARTESIAN_POINT('',(-65.0000815226689,12.2412116730034,49.1890001718485));
#5469=CARTESIAN_POINT('Origin',(-64.2426285427528,9.64121846521969,49.3890002069623));
#5470=CARTESIAN_POINT('',(-62.4041673886809,11.479712582442,49.1890002921926));
#5471=CARTESIAN_POINT('',(-62.4041673886809,11.479712582442,49.1890002921926));
#5472=CARTESIAN_POINT('Origin',(-64.2426285334809,9.64121846521978,49.1890002069623));
#5473=CARTESIAN_POINT('Origin',(-33.2896058209928,-17.3514866640451,49.3890016419074));
#5474=CARTESIAN_POINT('',(-61.1615155584591,10.2370830385252,49.1890003498004));
#5475=CARTESIAN_POINT('',(-61.1615155584591,10.2370830385252,49.1890003498004));
#5476=CARTESIAN_POINT('',(-33.4310258997825,-17.4929092884468,49.1890016353512));
#5477=CARTESIAN_POINT('Origin',(-62.9999767125309,8.39858892130292,49.3890002645701));
#5478=CARTESIAN_POINT('',(-60.3999767033636,8.39861223632634,49.1890003851039));
#5479=CARTESIAN_POINT('',(-60.3999767033636,8.39861223632634,49.1890003851039));
#5480=CARTESIAN_POINT('Origin',(-62.9999767032591,8.398588921303,49.1890002645701));
#5481=CARTESIAN_POINT('Origin',(-60.199455392539,-49.7369602865896,49.3890003943758));
#5482=CARTESIAN_POINT('',(-60.3994553832591,-49.7369620800529,49.1890003851039));
#5483=CARTESIAN_POINT('Origin',(-69.9997629893115,-37.3088974083428,49.3889999493187));
#5484=CARTESIAN_POINT('',(-68.4497629985833,-37.3088974083429,49.5890000304472));
#5485=CARTESIAN_POINT('Origin',(-69.9997629985833,-37.3088974083429,49.5889999585905));
#5486=CARTESIAN_POINT('',(-68.049762961496,-37.3088974083428,49.1890000304472));
#5487=CARTESIAN_POINT('',(-68.2497629800397,-37.3088974083428,49.3890000304472));
#5488=CARTESIAN_POINT('Origin',(-69.9997629800396,-37.3088974083428,49.1889999400469));
#5489=CARTESIAN_POINT('Origin',(-69.9990927852195,-110.765263171331,49.1889999400474));
#5490=CARTESIAN_POINT('',(-67.9997629899538,7.69110259165725,49.1890000331761));
#5491=CARTESIAN_POINT('',(-67.9997629899537,-2.30889740834275,49.1890000331719));
#5492=CARTESIAN_POINT('',(-67.9997629985833,-56.537080289837,49.1890000327572));
#5493=CARTESIAN_POINT('',(-71.9997629886691,7.69110259165725,49.1889998477394));
#5494=CARTESIAN_POINT('Origin',(-69.9997629800396,7.69110259165725,49.1889999400656));
#5495=CARTESIAN_POINT('',(-71.9997629899539,-2.30889740834275,49.1889998469509));
#5496=CARTESIAN_POINT('',(-71.9997629985833,-51.537080289837,49.1889998473226));
#5497=CARTESIAN_POINT('Origin',(-69.9997629800396,-2.30889740834275,49.1889999400614));
#5498=CARTESIAN_POINT('Origin',(-68.3997629985833,-2.30889740834292,49.1890031851929));
#5499=CARTESIAN_POINT('',(-68.3997629985833,7.69110259165708,49.5890000142402));
#5500=CARTESIAN_POINT('',(-68.3997629985833,-56.5370802898371,49.5890000142135));
#5501=CARTESIAN_POINT('',(-68.3997629985833,7.69110259165708,49.1890031851929));
#5502=CARTESIAN_POINT('Origin',(-69.9997629985833,7.69110259165708,49.1890031851929));
#5503=CARTESIAN_POINT('Origin',(-69.9997629985833,7.69110259165708,49.5889999400654));
#5504=CARTESIAN_POINT('Origin',(-69.9997629893115,-2.30889740834283,49.3889999400615));
#5505=CARTESIAN_POINT('',(-67.9997629985833,-2.30889740834275,49.1890000327798));
#5506=CARTESIAN_POINT('',(-71.5997629985833,-2.30889740834292,49.5889998658868));
#5507=CARTESIAN_POINT('Origin',(-71.7997629985833,-51.537080289837,49.3889998565945));
#5508=CARTESIAN_POINT('',(-71.5997629985833,7.69110259165708,49.5889998658907));
#5509=CARTESIAN_POINT('Origin',(-69.9997629893115,7.69110259165717,49.3889999400655));
#5510=CARTESIAN_POINT('',(-68.3997629985833,7.69110259165708,49.5890000142402));
#5511=CARTESIAN_POINT('Origin',(-68.1997629985833,-56.537080289837,49.3890000234854));
#5512=CARTESIAN_POINT('Origin',(-69.9997629985833,-37.3088974083429,53.5889978931727));
#5513=CARTESIAN_POINT('',(-68.0497629985833,-37.3088974083429,53.5889978931727));
#5514=CARTESIAN_POINT('Origin',(-69.9997629985833,-37.3088974083429,53.5889978931727));
#5515=CARTESIAN_POINT('Origin',(-69.9997629985833,-37.3088974083429,54.1889978931727));
#5516=CARTESIAN_POINT('',(-68.4497629985833,-37.3088974083429,53.1889978931727));
#5517=CARTESIAN_POINT('Origin',(-69.9997629985833,-37.3088974083429,53.1889978931727));
#5518=CARTESIAN_POINT('',(-68.4497629985833,-37.3088974083429,54.1889978931727));
#5519=CARTESIAN_POINT('Origin',(-69.9997629985833,-37.3088974083429,53.3889978931727));
#5520=CARTESIAN_POINT('',(-68.2497629985833,-37.3088974083429,53.3889978931727));
#5521=CARTESIAN_POINT('Origin',(-79.7996100885458,-27.6089228338802,53.8139996716425));
#5522=CARTESIAN_POINT('',(-79.5996087951079,-27.8089228338939,71.838611206901));
#5523=CARTESIAN_POINT('',(-79.5996082950824,-27.8089228338722,61.0639996809144));
#5524=CARTESIAN_POINT('',(-78.0496619050268,-29.3588558246275,71.8386112073003));
#5525=CARTESIAN_POINT('Origin',(-60.1996541426872,-27.6089228338802,56.3140007661755));
#5526=CARTESIAN_POINT('',(-60.3996527333583,-27.8089228338525,71.8386112076997));
#5527=CARTESIAN_POINT('',(-61.9496724690649,-29.3589564696893,71.8386112073003));
#5528=CARTESIAN_POINT('',(-60.3996522507266,-27.8089228338722,61.4389978931727));
#5529=CARTESIAN_POINT('Origin',(-60.1998327479783,-7.67531923344169,60.4222545650256));
#5530=CARTESIAN_POINT('',(-60.3997298711151,-19.2088331632475,72.2386112073003));
#5531=CARTESIAN_POINT('',(-59.8282960174639,-19.4455279252597,71.66717950268));
#5532=CARTESIAN_POINT('',(-60.6259541269525,-15.5826412713365,68.9323029566175));
#5533=CARTESIAN_POINT('',(-60.3998340227005,-7.53389876930869,60.5636768133615));
#5534=CARTESIAN_POINT('Origin',(-60.1998415055148,-6.75876770022921,72.0386112073003));
#5535=CARTESIAN_POINT('',(-60.3996578240453,-27.2432399452849,72.2386112073003));
#5536=CARTESIAN_POINT('',(-60.3998415147786,-6.75876949369263,72.2386112073003));
#5537=CARTESIAN_POINT('',(-60.3996578240453,-27.2432399452849,72.2386112073003));
#5538=CARTESIAN_POINT('Origin',(-64.9999311362119,-16.5088331632475,69.5386112073003));
#5539=CARTESIAN_POINT('',(-79.5996859328395,-19.2088331632475,72.2386112073003));
#5540=CARTESIAN_POINT('',(-79.5998121630479,-5.05898431740627,58.0887623614591));
#5541=CARTESIAN_POINT('',(-67.4998952669734,-19.2088331632475,72.2386112073003));
#5542=CARTESIAN_POINT('Origin',(-79.7998108883177,-5.20040656573076,57.9473418973147));
#5543=CARTESIAN_POINT('',(-80.2713900354224,-19.4870631587679,71.5669045786281));
#5544=CARTESIAN_POINT('Origin',(-79.7998195356051,-4.30894345934043,72.0386112073003));
#5545=CARTESIAN_POINT('',(-79.5996138858151,-27.2432348726045,72.2386112073003));
#5546=CARTESIAN_POINT('',(-79.5996138858151,-27.2432348726045,72.2386112073003));
#5547=CARTESIAN_POINT('',(-79.599819544885,-4.30894166587717,72.2386112073003));
#5548=CARTESIAN_POINT('Origin',(-62.0910944640217,-29.2175357429025,72.0386112073003));
#5549=CARTESIAN_POINT('',(-60.5653392269083,-27.4089228338722,72.2386112073003));
#5550=CARTESIAN_POINT('',(-62.2325164589786,-29.0761150161158,72.2386112073003));
#5551=CARTESIAN_POINT('',(-60.5653392269083,-27.4089228338722,72.2386112073003));
#5552=CARTESIAN_POINT('Origin',(-74.999706953151,-27.6089228338722,72.0386112073003));
#5553=CARTESIAN_POINT('',(-79.4339244387644,-27.4089228338722,72.2386112073003));
#5554=CARTESIAN_POINT('',(-74.999706953151,-27.4089228338722,72.2386112073003));
#5555=CARTESIAN_POINT('',(-79.4339244387644,-27.4089228338722,72.2386112073003));
#5556=CARTESIAN_POINT('',(-74.999706953151,-27.8089228338722,71.8386112073003));
#5557=CARTESIAN_POINT('Origin',(-77.9082411875119,-29.2174338389425,72.0386112073003));
#5558=CARTESIAN_POINT('',(-77.7668204699969,-29.0760118532575,72.2386112073003));
#5559=CARTESIAN_POINT('Origin',(-69.9998593977349,-24.8088779985598,72.2386112073003));
#5560=CARTESIAN_POINT('Origin',(-60.1997580658514,-16.0088331632395,61.4390003025895));
#5561=CARTESIAN_POINT('Origin',(-74.4995545085671,-16.0088331632475,65.8773045502365));
#5562=CARTESIAN_POINT('',(-76.8495545085671,-16.2088331632475,65.8773045502365));
#5563=CARTESIAN_POINT('',(-72.1495545085671,-16.2088331632475,65.8773045502365));
#5564=CARTESIAN_POINT('Origin',(-74.4995545085671,-16.2088331632475,65.8773045502365));
#5565=CARTESIAN_POINT('',(-71.9495545085671,-16.0088331632475,65.8773045502365));
#5566=CARTESIAN_POINT('Origin',(-74.4995545085671,-16.2088331632475,65.8773045502365));
#5567=CARTESIAN_POINT('Origin',(-74.4995545085671,-33.808868710294,65.8773045502365));
#5568=CARTESIAN_POINT('',(-76.8495545085671,-19.8089228338722,65.8773045502365));
#5569=CARTESIAN_POINT('Origin',(-74.4995545085671,-19.8089228338722,65.8773045502365));
#5570=CARTESIAN_POINT('',(-76.8495545085671,-33.808868710294,65.8773045502365));
#5571=CARTESIAN_POINT('Origin',(-65.4995545085671,-16.0088331632475,65.8773045502365));
#5572=CARTESIAN_POINT('',(-67.8495545085671,-16.2088331632475,65.8773045502365));
#5573=CARTESIAN_POINT('',(-63.1495545085671,-16.2088331632475,65.8773045502365));
#5574=CARTESIAN_POINT('Origin',(-65.4995545085671,-16.2088331632475,65.8773045502365));
#5575=CARTESIAN_POINT('',(-62.9495545085671,-16.0088331632475,65.8773045502365));
#5576=CARTESIAN_POINT('Origin',(-65.4995545085671,-16.2088331632475,65.8773045502365));
#5577=CARTESIAN_POINT('Origin',(-65.4995545085671,-33.808868710294,65.8773045502365));
#5578=CARTESIAN_POINT('',(-67.8495545085671,-19.8089228338722,65.8773045502365));
#5579=CARTESIAN_POINT('Origin',(-65.4995545085671,-19.8089228338722,65.8773045502365));
#5580=CARTESIAN_POINT('',(-67.8495545085671,-33.808868710294,65.8773045502365));
#5581=CARTESIAN_POINT('Origin',(-65.4995545085671,-27.6089228338722,65.8773045502365));
#5582=CARTESIAN_POINT('',(-67.1995545085671,-27.4089228338722,65.8773045502365));
#5583=CARTESIAN_POINT('Origin',(-65.4995545085671,-27.4089228338722,65.8773045502365));
#5584=CARTESIAN_POINT('',(-67.5995545085671,-27.8089228338722,65.8773045502365));
#5585=CARTESIAN_POINT('',(-67.3995545085671,-27.6089228338722,65.8773045502365));
#5586=CARTESIAN_POINT('Origin',(-65.4995545085671,-27.8089228338722,65.8773045502365));
#5587=CARTESIAN_POINT('Origin',(-79.9995545085671,-27.8089228338722,65.6889998482593));
#5588=CARTESIAN_POINT('',(-76.5995545085671,-27.8089228338722,65.8773045502365));
#5589=CARTESIAN_POINT('Origin',(-74.4995545085671,-27.8089228338722,65.8773045502365));
#5590=CARTESIAN_POINT('Origin',(-65.4995545085671,-27.8089228338722,65.8773045502365));
#5591=CARTESIAN_POINT('',(-67.1995545085671,-19.8089228338722,65.8773045502365));
#5592=CARTESIAN_POINT('',(-67.1995545085671,-27.8089228338722,65.8773045502365));
#5593=CARTESIAN_POINT('Origin',(-65.4995545085671,-19.8089228338722,65.8773045502365));
#5594=CARTESIAN_POINT('Origin',(-74.4995545085671,-27.6089228338722,65.8773045502365));
#5595=CARTESIAN_POINT('',(-76.1995545085671,-27.4089228338722,65.8773045502365));
#5596=CARTESIAN_POINT('Origin',(-74.4995545085671,-27.4089228338722,65.8773045502365));
#5597=CARTESIAN_POINT('',(-76.3995545085671,-27.6089228338722,65.8773045502365));
#5598=CARTESIAN_POINT('Origin',(-74.4995545085671,-27.8089228338722,65.8773045502365));
#5599=CARTESIAN_POINT('',(-76.1995545085671,-19.8089228338722,65.8773045502365));
#5600=CARTESIAN_POINT('',(-76.1995545085671,-27.8089228338722,65.8773045502365));
#5601=CARTESIAN_POINT('Origin',(-74.4995545085671,-19.8089228338722,65.8773045502365));
#5602=CARTESIAN_POINT('Origin',(-74.4995545085671,-15.8088331632475,65.8773045502365));
#5603=CARTESIAN_POINT('Origin',(-65.4995545085671,-19.8089228338722,65.8773045502365));
#5604=CARTESIAN_POINT('Origin',(-74.4995545085671,-19.8089228338722,65.8773045502365));
#5605=CARTESIAN_POINT('',(0.,0.,0.));
#5606=CARTESIAN_POINT('Origin',(-37.4995545085672,-31.1471734122715,58.7773045502365));
#5607=CARTESIAN_POINT('',(-37.4995545085672,-31.7471734122715,59.1773045502364));
#5608=CARTESIAN_POINT('',(-37.4995545085672,-32.1471734122715,58.7773045502365));
#5609=CARTESIAN_POINT('Origin',(-37.4995545085672,-31.7471734122715,58.7773045502365));
#5610=CARTESIAN_POINT('',(-36.4995545085672,-31.1471734122715,58.7773045502364));
#5611=CARTESIAN_POINT('Origin',(-37.4995545085672,-31.1471734122715,58.7773045502365));
#5612=CARTESIAN_POINT('',(-36.8995545085671,-31.1471734122715,59.1773045502364));
#5613=CARTESIAN_POINT('Origin',(-36.8995545085672,-31.1471734122715,58.7773045502365));
#5614=CARTESIAN_POINT('Origin',(-37.4995545085672,-31.1471734122715,59.1773045502364));
#5615=CARTESIAN_POINT('Origin',(-67.2495948616932,-31.747173412271,58.7773045502364));
#5616=CARTESIAN_POINT('',(-45.2198124109087,-31.7471734122713,59.1773045502364));
#5617=CARTESIAN_POINT('',(-45.2198124109087,-32.1471734122713,58.7773045502364));
#5618=CARTESIAN_POINT('Origin',(-45.2198124109087,-31.7471734122713,58.7773045502364));
#5619=CARTESIAN_POINT('',(-67.2495948616932,-32.147173412271,58.7773045502364));
#5620=CARTESIAN_POINT('',(-67.2495948616932,-31.747173412271,59.1773045502364));
#5621=CARTESIAN_POINT('Origin',(-47.7070379567764,-31.4471710951971,58.7773045502364));
#5622=CARTESIAN_POINT('',(-47.7070379104172,-30.4471710951971,58.7773045502364));
#5623=CARTESIAN_POINT('',(-47.7070378918736,-30.0471710951971,59.1773045502364));
#5624=CARTESIAN_POINT('Origin',(-47.7070378918736,-30.0471710951971,58.7773045502364));
#5625=CARTESIAN_POINT('',(-46.9865751337615,-30.753677533112,58.7773045502364));
#5626=CARTESIAN_POINT('Origin',(-47.7070379567764,-31.4471710951971,58.7773045502364));
#5627=CARTESIAN_POINT('',(-46.6983900045556,-30.476280108278,59.1773045502364));
#5628=CARTESIAN_POINT('Origin',(-46.6983900045556,-30.476280108278,58.7773045502364));
#5629=CARTESIAN_POINT('Origin',(-47.7070379567764,-31.4471710951971,59.1773045502364));
#5630=CARTESIAN_POINT('Origin',(-47.7070379567764,-31.4471710951971,59.177305236764));
#5631=CARTESIAN_POINT('',(-46.9865751337615,-30.753677533112,53.3773586738147));
#5632=CARTESIAN_POINT('',(-47.1562774291622,-30.6125077843766,53.401722556722));
#5633=CARTESIAN_POINT('Origin',(-47.7070379567764,-31.4471710951971,54.3773586738147));
#5634=CARTESIAN_POINT('',(-46.9865751337615,-30.753677533112,59.177305236764));
#5635=CARTESIAN_POINT('',(-47.7070379104172,-30.4471710951971,53.5464029475772));
#5636=CARTESIAN_POINT('',(-47.7070379104172,-30.4471710951971,59.177305236764));
#5637=CARTESIAN_POINT('Ctrl Pts',(-47.7070379104172,-30.4471710951971,53.5464029475771));
#5638=CARTESIAN_POINT('Ctrl Pts',(-47.6376151783709,-30.4471710984155,53.5285092051003));
#5639=CARTESIAN_POINT('Ctrl Pts',(-47.5668824730579,-30.4545191595314,53.5099732553849));
#5640=CARTESIAN_POINT('Ctrl Pts',(-47.3742722536091,-30.4957475871868,53.4592639252405));
#5641=CARTESIAN_POINT('Ctrl Pts',(-47.2558357459418,-30.5468132830047,53.4278919089178));
#5642=CARTESIAN_POINT('Ctrl Pts',(-47.1562774326877,-30.6125077827738,53.4017225581503));
#5643=CARTESIAN_POINT('Origin',(-54.1283329073011,-22.7573942653339,58.7773045502364));
#5644=CARTESIAN_POINT('',(-45.9402752339236,-31.8406669743564,58.7773045502364));
#5645=CARTESIAN_POINT('',(-45.6520901047176,-31.5632695495224,59.1773045502364));
#5646=CARTESIAN_POINT('Origin',(-45.6520901047176,-31.5632695495224,58.7773045502364));
#5647=CARTESIAN_POINT('',(-54.1283329073011,-22.7573942653339,59.1773045502364));
#5648=CARTESIAN_POINT('',(-54.416518036507,-23.0347916901679,58.7773045502364));
#5649=CARTESIAN_POINT('Origin',(-51.0920646947443,-31.4471709382701,58.7773045502364));
#5650=CARTESIAN_POINT('',(-51.0920646483851,-30.4471709382701,58.7773045502364));
#5651=CARTESIAN_POINT('',(-51.8125274534596,-30.7536773093849,58.7773045502364));
#5652=CARTESIAN_POINT('Origin',(-51.0920646947443,-31.4471709382701,58.7773045502364));
#5653=CARTESIAN_POINT('',(-51.0920646298415,-30.0471709382701,59.1773045502364));
#5654=CARTESIAN_POINT('Origin',(-51.0920646298415,-30.0471709382701,58.7773045502364));
#5655=CARTESIAN_POINT('',(-52.1007125569457,-30.4762798578309,59.1773045502364));
#5656=CARTESIAN_POINT('Origin',(-51.0920646947443,-31.4471709382701,59.1773045502364));
#5657=CARTESIAN_POINT('Origin',(-52.1007125569457,-30.4762798578309,58.7773045502364));
#5658=CARTESIAN_POINT('Origin',(-65.6197247565151,-30.04717026478,58.7773045502364));
#5659=CARTESIAN_POINT('',(-65.6197247565151,-30.04717026478,59.1773045502364));
#5660=CARTESIAN_POINT('',(-65.6197247750588,-30.44717026478,58.7773045502364));
#5661=CARTESIAN_POINT('Origin',(-60.3995545085671,-33.6471734122711,58.7773045502364));
#5662=CARTESIAN_POINT('',(-60.0531443470533,-37.4971753673578,58.9773045502364));
#5663=CARTESIAN_POINT('',(-59.9995545085671,-37.2971753673578,58.7773045502364));
#5664=CARTESIAN_POINT('Origin',(-60.3995545085671,-37.2971753673578,58.7773045502364));
#5665=CARTESIAN_POINT('',(-59.9995545085671,-33.1471734122711,58.7773045502364));
#5666=CARTESIAN_POINT('',(-59.9995545085671,-33.6471734122711,58.7773045502364));
#5667=CARTESIAN_POINT('',(-60.3995545085671,-33.1471734122711,59.1773045502364));
#5668=CARTESIAN_POINT('Origin',(-60.3995545085671,-33.1471734122711,58.7773045502364));
#5669=CARTESIAN_POINT('',(-60.3995545085671,-37.2971753673578,59.1773045502364));
#5670=CARTESIAN_POINT('',(-60.3995545085671,-33.6471734122711,59.1773045502364));
#5671=CARTESIAN_POINT('Origin',(-60.3995545085671,-37.6971753673578,58.7773045502364));
#5672=CARTESIAN_POINT('Origin',(-58.9995545085671,-33.1471734122711,58.7773045502364));
#5673=CARTESIAN_POINT('',(-58.9995545085671,-32.1471734122711,58.7773045502364));
#5674=CARTESIAN_POINT('',(-58.9995545085671,-31.7471734122711,59.1773045502364));
#5675=CARTESIAN_POINT('Origin',(-58.9995545085671,-31.7471734122711,58.7773045502364));
#5676=CARTESIAN_POINT('Origin',(-58.9995545085671,-33.1471734122711,59.1773045502364));
#5677=CARTESIAN_POINT('Origin',(-58.9995545085671,-33.1471734122711,58.7773045502364));
#5678=CARTESIAN_POINT('Origin',(-67.2495948616932,-31.747173412271,58.7773045502364));
#5679=CARTESIAN_POINT('',(-53.5792905858282,-32.1471734122712,58.7773045502364));
#5680=CARTESIAN_POINT('',(-53.5792905858282,-31.7471734122712,59.1773045502364));
#5681=CARTESIAN_POINT('Origin',(-53.5792905858282,-31.7471734122712,58.7773045502364));
#5682=CARTESIAN_POINT('',(-67.2495948616932,-31.747173412271,59.1773045502364));
#5683=CARTESIAN_POINT('',(-67.2495948616932,-32.147173412271,58.7773045502364));
#5684=CARTESIAN_POINT('Origin',(-53.5792905858282,-31.1471734122712,58.7773045502363));
#5685=CARTESIAN_POINT('',(-52.8588278271128,-31.8406670411564,58.7773045502363));
#5686=CARTESIAN_POINT('',(-53.147012930599,-31.5632695896023,59.1773045502364));
#5687=CARTESIAN_POINT('Origin',(-53.147012930599,-31.5632695896023,58.7773045502363));
#5688=CARTESIAN_POINT('Origin',(-53.5792905858282,-31.1471734122712,59.1773045502364));
#5689=CARTESIAN_POINT('Origin',(-53.5792905858282,-31.1471734122712,58.7773045502363));
#5690=CARTESIAN_POINT('Origin',(-60.8323857040509,-39.547517230086,58.7773045502364));
#5691=CARTESIAN_POINT('',(-60.5442006005648,-39.8249146816401,58.7773045502364));
#5692=CARTESIAN_POINT('',(-60.8323857040509,-39.547517230086,59.1773045502364));
#5693=CARTESIAN_POINT('Origin',(-51.0920646947443,-31.4471709382701,59.177305236764));
#5694=CARTESIAN_POINT('',(-51.0920646483851,-30.4471709382701,53.5464029475772));
#5695=CARTESIAN_POINT('',(-51.64282514497,-30.612507576384,53.401722556722));
#5696=CARTESIAN_POINT('Ctrl Pts',(-51.6428251447403,-30.612507576956,53.4017225572841));
#5697=CARTESIAN_POINT('Ctrl Pts',(-51.6151903843831,-30.5942725210576,53.4089864779873));
#5698=CARTESIAN_POINT('Ctrl Pts',(-51.5869516086192,-30.5776150062491,53.4164208009654));
#5699=CARTESIAN_POINT('Ctrl Pts',(-51.4562761728318,-30.5087242925847,53.4508663771743));
#5700=CARTESIAN_POINT('Ctrl Pts',(-51.3373495866528,-30.469983218768,53.4824219907585));
#5701=CARTESIAN_POINT('Ctrl Pts',(-51.1745307350488,-30.4497194461899,53.5250399692062));
#5702=CARTESIAN_POINT('Ctrl Pts',(-51.1331673426782,-30.4471709363646,53.5358087084123));
#5703=CARTESIAN_POINT('Ctrl Pts',(-51.0920646483851,-30.4471709382701,53.5464029475772));
#5704=CARTESIAN_POINT('',(-51.0920646483851,-30.4471709382701,59.177305236764));
#5705=CARTESIAN_POINT('',(-51.8125274534596,-30.753677309385,53.3773586738147));
#5706=CARTESIAN_POINT('',(-51.8125274534596,-30.7536773093849,59.177305236764));
#5707=CARTESIAN_POINT('Origin',(-51.0920646947443,-31.4471709382701,54.3773586738147));
#5708=CARTESIAN_POINT('Origin',(-45.2198124109087,-31.1471734122713,58.7773045502364));
#5709=CARTESIAN_POINT('Origin',(-45.2198124109087,-31.1471734122713,58.7773045502364));
#5710=CARTESIAN_POINT('Origin',(-45.2198124109087,-31.1471734122713,59.1773045502364));
#5711=CARTESIAN_POINT('Origin',(-36.8995545085671,-33.6471734122711,58.7773045502364));
#5712=CARTESIAN_POINT('',(-36.4995545085672,-28.0475620532387,58.7773045502363));
#5713=CARTESIAN_POINT('',(-36.4995545085672,-33.6471734122711,58.7773045502364));
#5714=CARTESIAN_POINT('',(-36.8995545085672,-28.0475620532387,59.1773045502364));
#5715=CARTESIAN_POINT('Origin',(-36.8995545085672,-28.0475620532387,58.7773045502363));
#5716=CARTESIAN_POINT('',(-36.8995545085671,-33.6471734122711,59.1773045502364));
#5717=CARTESIAN_POINT('Origin',(-37.4995545085671,-31.1471734122715,54.6773362561585));
#5718=CARTESIAN_POINT('',(-37.4995545085672,-32.1471734122715,53.5773586738147));
#5719=CARTESIAN_POINT('',(-37.4995545085672,-32.1471734122715,54.6773362561585));
#5720=CARTESIAN_POINT('',(-36.4995545085671,-31.1471734122715,53.5773586738147));
#5721=CARTESIAN_POINT('Origin',(-37.4995545085671,-31.1471734122715,53.5773586738147));
#5722=CARTESIAN_POINT('',(-36.4995545085672,-31.1471734122715,54.6773362561585));
#5723=CARTESIAN_POINT('Origin',(-54.4996352148194,-32.1471734122712,50.1773138385023));
#5724=CARTESIAN_POINT('',(-45.2198124109087,-32.1471734122713,53.5773586738147));
#5725=CARTESIAN_POINT('',(-45.2198124109087,-32.1471734122713,54.6773095376332));
#5726=CARTESIAN_POINT('',(-41.7495948616932,-32.1471734122714,53.5773586738147));
#5727=CARTESIAN_POINT('Origin',(-45.2198124109087,-31.1471734122713,54.6773095376332));
#5728=CARTESIAN_POINT('',(-45.9402752339236,-31.8406669743564,53.4065842971091));
#5729=CARTESIAN_POINT('',(-45.9402752339236,-31.8406669743564,54.6773095376332));
#5730=CARTESIAN_POINT('',(-45.4249636804071,-32.125903690041,53.5560889515844));
#5731=CARTESIAN_POINT('Ctrl Pts',(-45.4249636804071,-32.125903690041,53.5560889515843));
#5732=CARTESIAN_POINT('Ctrl Pts',(-45.4903603764873,-32.1121959142354,53.5423811757787));
#5733=CARTESIAN_POINT('Ctrl Pts',(-45.5531679116024,-32.0920879298366,53.5272843086021));
#5734=CARTESIAN_POINT('Ctrl Pts',(-45.6112881048636,-32.0673618609287,53.5118031830841));
#5735=CARTESIAN_POINT('Ctrl Pts',(-45.72759030258,-32.0178834267819,53.4808244677731));
#5736=CARTESIAN_POINT('Ctrl Pts',(-45.8409408633112,-31.9422200914992,53.4436037589283));
#5737=CARTESIAN_POINT('Ctrl Pts',(-45.9364445548753,-31.8446301952751,53.4080172914499));
#5738=CARTESIAN_POINT('Ctrl Pts',(-45.9383639410676,-31.8426525954521,53.4073002067366));
#5739=CARTESIAN_POINT('Ctrl Pts',(-45.9402752339236,-31.8406669743564,53.406584297109));
#5740=CARTESIAN_POINT('Origin',(-45.2198124109087,-31.1471734122713,52.5773586738147));
#5741=CARTESIAN_POINT('Origin',(-47.4151148042994,-30.3084723896334,59.177305236764));
#5742=CARTESIAN_POINT('',(-46.0963457920404,-31.6785269906019,53.3773586738147));
#5743=CARTESIAN_POINT('',(-44.7839165820719,-33.0419952408019,53.3773586738147));
#5744=CARTESIAN_POINT('Ctrl Pts',(-45.9402752339236,-31.8406669743564,53.4065842971091));
#5745=CARTESIAN_POINT('Ctrl Pts',(-46.0183000611604,-31.7596078407614,53.3773586738147));
#5746=CARTESIAN_POINT('Ctrl Pts',(-46.0963457920404,-31.6785269906019,53.3773586738147));
#5747=CARTESIAN_POINT('Origin',(-51.2398951899,-30.4471709314168,59.177305236764));
#5748=CARTESIAN_POINT('',(-50.8547959903622,-30.4471709492697,53.5773586738147));
#5749=CARTESIAN_POINT('Ctrl Pts',(-50.8547959903627,-30.4471709492697,53.5773586738147));
#5750=CARTESIAN_POINT('Ctrl Pts',(-50.9719650610199,-30.4471709438378,53.5773586738146));
#5751=CARTESIAN_POINT('Ctrl Pts',(-51.0920646483852,-30.4471709382701,53.5464029475772));
#5752=CARTESIAN_POINT('',(-47.9443065684402,-30.4471710841975,53.5773586738147));
#5753=CARTESIAN_POINT('',(-40.1197247750589,-30.4471714469386,53.5773586738147));
#5754=CARTESIAN_POINT('Ctrl Pts',(-47.7070379104173,-30.4471710951971,53.5464029475772));
#5755=CARTESIAN_POINT('Ctrl Pts',(-47.8271374977826,-30.4471710896294,53.5773586738147));
#5756=CARTESIAN_POINT('Ctrl Pts',(-47.9443065684398,-30.4471710841975,53.5773586738147));
#5757=CARTESIAN_POINT('Origin',(-47.918833385132,-31.2924948087006,53.3973634614687));
#5758=CARTESIAN_POINT('',(-47.9749358971455,-30.0471710827776,53.1773586738147));
#5759=CARTESIAN_POINT('',(-47.9650197100995,-30.1766703241952,53.3068579147726));
#5760=CARTESIAN_POINT('',(-46.9827171689249,-30.4692906396422,53.1773586738147));
#5761=CARTESIAN_POINT('Origin',(-47.9845828184091,-31.4470430119442,53.1773586738147));
#5762=CARTESIAN_POINT('',(-47.0828933736839,-30.5519532811035,53.3068579147726));
#5763=CARTESIAN_POINT('Origin',(-40.119724765787,-30.2471714469386,53.3773586738147));
#5764=CARTESIAN_POINT('',(-50.8241666245696,-30.0471709506896,53.1773586738147));
#5765=CARTESIAN_POINT('',(-50.8878642042275,-30.8790207495127,54.0092084755907));
#5766=CARTESIAN_POINT('',(-40.1197247565152,-30.0471714469386,53.1773586738147));
#5767=CARTESIAN_POINT('Origin',(-50.9027878515981,-31.2395632646685,54.0384524095783));
#5768=CARTESIAN_POINT('',(-51.8163853919284,-30.4692904155575,53.1773586738147));
#5769=CARTESIAN_POINT('',(-51.1728947499798,-31.0002812470985,54.0092084755907));
#5770=CARTESIAN_POINT('Origin',(-50.8145198330998,-31.4470428807507,53.1773586738147));
#5771=CARTESIAN_POINT('Origin',(-48.2803985613049,-27.0841881896784,53.3773586738147));
#5772=CARTESIAN_POINT('',(-52.702757225947,-31.6785270427673,53.3773586738147));
#5773=CARTESIAN_POINT('',(-51.2772466970065,-30.1975801306676,53.3773586738147));
#5774=CARTESIAN_POINT('',(-52.8778221258608,-31.572005142382,53.1773586738147));
#5775=CARTESIAN_POINT('',(-52.1937560708845,-31.9882394429244,53.9588586264761));
#5776=CARTESIAN_POINT('',(-48.424491113048,-26.9454894639014,53.1773586738147));
#5777=CARTESIAN_POINT('Origin',(-45.5389231163984,-31.2447485233678,53.4165898734342));
#5778=CARTESIAN_POINT('',(-45.9212808837276,-31.5720051049134,53.1773586738147));
#5779=CARTESIAN_POINT('',(-46.2890235949209,-31.7957658084265,53.5974802329981));
#5780=CARTESIAN_POINT('',(-45.5095366669329,-31.7471734122713,53.1773586738147));
#5781=CARTESIAN_POINT('Origin',(-45.4706919390014,-31.0843668132169,53.1773586738147));
#5782=CARTESIAN_POINT('',(-45.4157207323495,-32.1672949714548,53.5974802329981));
#5783=CARTESIAN_POINT('Origin',(-42.1527183598443,-35.7755180919704,53.3773586738147));
#5784=CARTESIAN_POINT('',(-42.0086257952414,-35.6368193795534,53.1773586738147));
#5785=CARTESIAN_POINT('Origin',(-53.2848676941853,-31.1867181979077,53.6957317259885));
#5786=CARTESIAN_POINT('',(-52.8588278271128,-31.8406670411564,53.4065843069046));
#5787=CARTESIAN_POINT('',(-53.374139297238,-32.1259036860391,53.5560889475826));
#5788=CARTESIAN_POINT('Ctrl Pts',(-52.8588278271129,-31.8406670411564,53.4065843069045));
#5789=CARTESIAN_POINT('Ctrl Pts',(-52.8751945403065,-31.8576702360632,53.4127147584121));
#5790=CARTESIAN_POINT('Ctrl Pts',(-52.8922161261689,-31.8741456034075,53.4189540491155));
#5791=CARTESIAN_POINT('Ctrl Pts',(-52.9836534041169,-31.9565580429067,53.4516320581611));
#5792=CARTESIAN_POINT('Ctrl Pts',(-53.0678557856841,-32.0114494873302,53.4786768128134));
#5793=CARTESIAN_POINT('Ctrl Pts',(-53.2198620397261,-32.0834176816347,53.5209198977104));
#5794=CARTESIAN_POINT('Ctrl Pts',(-53.2952837571522,-32.1093748056165,53.53956006716));
#5795=CARTESIAN_POINT('Ctrl Pts',(-53.374139297238,-32.1259036860391,53.5560889475826));
#5796=CARTESIAN_POINT('',(-53.2895663075713,-31.7471734122712,53.1773586738147));
#5797=CARTESIAN_POINT('',(-53.4640804459934,-32.5286733649325,53.958858626476));
#5798=CARTESIAN_POINT('Origin',(-53.3284110465544,-31.0843667731806,53.1773586738147));
#5799=CARTESIAN_POINT('Ctrl Pts',(-52.702757225947,-31.6785270427673,53.3773586738147));
#5800=CARTESIAN_POINT('Ctrl Pts',(-52.7808029778674,-31.7596078997391,53.3773586738147));
#5801=CARTESIAN_POINT('Ctrl Pts',(-52.8588278271128,-31.8406670411564,53.4065843069046));
#5802=CARTESIAN_POINT('Origin',(-28.9995545085671,-33.6471734122711,53.1773586738147));
#5803=CARTESIAN_POINT('',(-58.9995545085671,-31.7471734122711,53.1773586738147));
#5804=CARTESIAN_POINT('',(-41.7495948616932,-31.7471734122714,53.1773586738147));
#5805=CARTESIAN_POINT('',(-60.3995545085671,-33.1471734122711,53.1773586738147));
#5806=CARTESIAN_POINT('Origin',(-58.9995545085671,-33.1471734122711,53.1773586738147));
#5807=CARTESIAN_POINT('',(-60.3995545085671,-37.2971753673578,53.1773586738147));
#5808=CARTESIAN_POINT('',(-60.3995545085671,-33.6471734122711,53.1773586738147));
#5809=CARTESIAN_POINT('',(-81.5495545085671,-37.2971753673578,53.1773586738147));
#5810=CARTESIAN_POINT('',(-49.4997786914833,-37.2971753673578,53.1773586738147));
#5811=CARTESIAN_POINT('',(-81.5141991695077,-37.2118200282985,53.1773586738147));
#5812=CARTESIAN_POINT('Origin',(-81.5495545085671,-37.2471753673578,53.1773586738147));
#5813=CARTESIAN_POINT('',(-81.5995545085671,-37.2471753673578,53.1773586738147));
#5814=CARTESIAN_POINT('Origin',(-81.5495545085671,-37.2471753673578,53.1773586738147));
#5815=CARTESIAN_POINT('',(-81.5995545085671,-27.4475620532305,53.1773586738147));
#5816=CARTESIAN_POINT('',(-81.5995545085671,-33.6471734122711,53.1773586738147));
#5817=CARTESIAN_POINT('',(-37.499554508567,-27.447562053239,53.1773586738147));
#5818=CARTESIAN_POINT('',(-41.7495948616925,-27.4475620532382,53.1773586738147));
#5819=CARTESIAN_POINT('',(-36.8995545085672,-28.0475620532389,53.1773586738147));
#5820=CARTESIAN_POINT('Origin',(-37.4995545085672,-28.0475620532389,53.1773586738147));
#5821=CARTESIAN_POINT('',(-36.8995545085674,-31.1471734122715,53.1773586738147));
#5822=CARTESIAN_POINT('',(-36.8995545085674,-33.6471734122711,53.1773586738147));
#5823=CARTESIAN_POINT('',(-37.4995545085672,-31.7471734122715,53.1773586738147));
#5824=CARTESIAN_POINT('Origin',(-37.4995545085671,-31.1471734122715,53.1773586738147));
#5825=CARTESIAN_POINT('',(-41.7495948616932,-31.7471734122714,53.1773586738147));
#5826=CARTESIAN_POINT('',(-74.4991059369795,-31.3588652565455,53.1773586738147));
#5827=CARTESIAN_POINT('',(-74.4991060343337,-35.5588652565455,53.1773586738147));
#5828=CARTESIAN_POINT('Origin',(-74.4991059369795,-33.4588652565455,53.1773586738147));
#5829=CARTESIAN_POINT('',(-76.4995669681646,-31.3588652572463,53.1773586738147));
#5830=CARTESIAN_POINT('',(-52.7495544085524,-31.3588652565444,53.1773586738147));
#5831=CARTESIAN_POINT('',(-76.4989928785148,-35.5588651789241,53.1773586740964));
#5832=CARTESIAN_POINT('Ctrl Pts',(-76.4989928785136,-35.5588651949347,53.1773586738147));
#5833=CARTESIAN_POINT('Ctrl Pts',(-77.1273246511417,-35.5590143724272,53.1773586738147));
#5834=CARTESIAN_POINT('Ctrl Pts',(-78.3792520295609,-34.9525814579794,53.1773586738147));
#5835=CARTESIAN_POINT('Ctrl Pts',(-78.7611871712661,-33.2681612035363,53.1773586738147));
#5836=CARTESIAN_POINT('Ctrl Pts',(-78.0554067395891,-31.8126803491685,53.1773586738147));
#5837=CARTESIAN_POINT('Ctrl Pts',(-77.1279388917315,-31.3588851449828,53.1773586738147));
#5838=CARTESIAN_POINT('Ctrl Pts',(-76.4995669681646,-31.3588652575973,53.1773586738147));
#5839=CARTESIAN_POINT('',(-51.7493303157629,-35.558866311205,53.1773586738147));
#5840=CARTESIAN_POINT('',(-65.4991060343884,-31.358865673778,53.1773586738147));
#5841=CARTESIAN_POINT('',(-65.4991060343337,-35.5588656737768,53.1773586738147));
#5842=CARTESIAN_POINT('Origin',(-65.4991059369795,-33.458865673778,53.1773586738147));
#5843=CARTESIAN_POINT('',(-67.499505033089,-31.3588657195261,53.1773586734165));
#5844=CARTESIAN_POINT('',(-48.2492736676297,-31.3588648736398,53.1773586738147));
#5845=CARTESIAN_POINT('',(-67.4995050330343,-35.5588656280544,53.1773586734167));
#5846=CARTESIAN_POINT('Ctrl Pts',(-67.4995050330343,-35.5588656737732,53.1773586738147));
#5847=CARTESIAN_POINT('Ctrl Pts',(-68.127822701233,-35.5588643189189,53.1773586738147));
#5848=CARTESIAN_POINT('Ctrl Pts',(-69.3776992732343,-34.955650249598,53.1773586738147));
#5849=CARTESIAN_POINT('Ctrl Pts',(-69.8434344654762,-32.9221868677912,53.1773586738147));
#5850=CARTESIAN_POINT('Ctrl Pts',(-68.7604283342251,-31.5663437833064,53.1773586738147));
#5851=CARTESIAN_POINT('Ctrl Pts',(-67.8136638671883,-31.3588663512183,53.1773586738147));
#5852=CARTESIAN_POINT('Ctrl Pts',(-67.499505033089,-31.358865673783,53.1773586738147));
#5853=CARTESIAN_POINT('',(-47.2493303157629,-35.5588665198212,53.1773586738147));
#5854=CARTESIAN_POINT('Origin',(-41.7495948616932,-31.9471734122714,53.3773586738147));
#5855=CARTESIAN_POINT('',(-53.5792905858282,-32.1471734122712,53.5773586738147));
#5856=CARTESIAN_POINT('Origin',(-53.5792905858282,-31.1471734122712,52.5773586738147));
#5857=CARTESIAN_POINT('',(-58.9995545085671,-32.1471734122711,53.5773586738147));
#5858=CARTESIAN_POINT('',(-41.7495948616932,-32.1471734122714,53.5773586738147));
#5859=CARTESIAN_POINT('',(-58.9995545085671,-32.1471734122711,53.5773586738147));
#5860=CARTESIAN_POINT('Origin',(-53.5792905858282,-31.1471734122712,54.6773095376332));
#5861=CARTESIAN_POINT('',(-53.5792905858282,-32.1471734122712,54.6773095376332));
#5862=CARTESIAN_POINT('',(-52.8588278271128,-31.8406670411564,54.6773095376332));
#5863=CARTESIAN_POINT('Origin',(-79.9995545085671,-33.6471734122711,59.1773045502364));
#5864=CARTESIAN_POINT('',(-37.499554508567,-27.4475620532387,59.1773045502364));
#5865=CARTESIAN_POINT('Origin',(-37.4995545085672,-28.0475620532387,59.1773045502364));
#5866=CARTESIAN_POINT('',(-81.5995545085671,-27.4475620532302,59.1773045502364));
#5867=CARTESIAN_POINT('',(-67.2495948616925,-27.447562053233,59.1773045502364));
#5868=CARTESIAN_POINT('',(-81.5995545085671,-37.2971753673578,59.1773045502364));
#5869=CARTESIAN_POINT('',(-81.5995545085671,-33.6471734122711,59.1773045502364));
#5870=CARTESIAN_POINT('',(-74.9997786914834,-37.2971753673578,59.1773045502364));
#5871=CARTESIAN_POINT('',(-65.4991060343339,-35.558865673777,59.1773045502364));
#5872=CARTESIAN_POINT('',(-65.4991060343887,-31.3588656737769,59.1773045502364));
#5873=CARTESIAN_POINT('Origin',(-65.4991059369798,-33.458865673777,59.1773045502364));
#5874=CARTESIAN_POINT('',(-67.4995512404015,-35.558865626827,59.1773045498983));
#5875=CARTESIAN_POINT('',(-72.7493303157628,-35.5588653376625,59.1773045502364));
#5876=CARTESIAN_POINT('',(-67.4995512404561,-31.3588657207531,59.1773045498981));
#5877=CARTESIAN_POINT('Ctrl Pts',(-67.4995516626402,-31.3588656737786,59.1773045502364));
#5878=CARTESIAN_POINT('Ctrl Pts',(-68.1278704517491,-31.358864920474,59.1773045502364));
#5879=CARTESIAN_POINT('Ctrl Pts',(-69.3795924556664,-31.9655420603996,59.1773045502364));
#5880=CARTESIAN_POINT('Ctrl Pts',(-69.7611911645887,-33.6499239845724,59.1773045502364));
#5881=CARTESIAN_POINT('Ctrl Pts',(-69.055290833907,-35.1051917237592,59.1773045502364));
#5882=CARTESIAN_POINT('Ctrl Pts',(-68.1278704381177,-35.5588664286879,59.1773045502364));
#5883=CARTESIAN_POINT('Ctrl Pts',(-67.4995516625855,-35.5588656737752,59.1773045502364));
#5884=CARTESIAN_POINT('',(-73.7492736676296,-31.3588660564626,59.1773045502364));
#5885=CARTESIAN_POINT('',(-74.4991059369797,-31.3588652565443,59.1773045502364));
#5886=CARTESIAN_POINT('',(-76.4995511435807,-31.3588652565451,59.1773045502362));
#5887=CARTESIAN_POINT('',(-78.2495544085524,-31.3588652565443,59.1773045502364));
#5888=CARTESIAN_POINT('',(-74.4991060343339,-35.5588652565445,59.1773045502364));
#5889=CARTESIAN_POINT('Origin',(-74.4991059369797,-33.4588652565445,59.1773045502364));
#5890=CARTESIAN_POINT('',(-76.4995512407633,-35.5588652095945,59.1773045498983));
#5891=CARTESIAN_POINT('',(-77.2493303157628,-35.5588651290462,59.1773045502364));
#5892=CARTESIAN_POINT('Ctrl Pts',(-76.4995515655934,-31.3588652565463,59.1773045502364));
#5893=CARTESIAN_POINT('Ctrl Pts',(-77.1278703639575,-31.3588644741322,59.1773045502364));
#5894=CARTESIAN_POINT('Ctrl Pts',(-78.3795680679079,-31.965580790045,59.1773045502364));
#5895=CARTESIAN_POINT('Ctrl Pts',(-78.7611623444215,-33.6499170080104,59.1773045502364));
#5896=CARTESIAN_POINT('Ctrl Pts',(-78.0552580127989,-35.1051646570088,59.1773045502364));
#5897=CARTESIAN_POINT('Ctrl Pts',(-77.1278704477173,-35.5588660114236,59.1773045502364));
#5898=CARTESIAN_POINT('Ctrl Pts',(-76.4995516629473,-35.5588652565427,59.1773045502364));
#5899=CARTESIAN_POINT('Origin',(-54.4996352148194,-32.1471734122712,50.1773138385023));
#5900=CARTESIAN_POINT('',(-58.9995545085671,-32.1471734122711,54.6773362561585));
#5901=CARTESIAN_POINT('Origin',(-54.274094832708,-33.3109720716568,59.177305236764));
#5902=CARTESIAN_POINT('Origin',(-74.9997786914834,-37.4971753673578,58.9773045502364));
#5903=CARTESIAN_POINT('',(-81.8823972210417,-37.5800180798324,58.8944618377618));
#5904=CARTESIAN_POINT('',(-81.9995545085671,-37.6971753673578,58.7773045502364));
#5905=CARTESIAN_POINT('',(-81.5995545085671,-37.6971753673578,58.7773045502364));
#5906=CARTESIAN_POINT('Origin',(-81.5995545085671,-37.2971753673578,59.1773045502364));
#5907=CARTESIAN_POINT('',(-60.3995545085671,-37.6971753673578,58.7773045502364));
#5908=CARTESIAN_POINT('',(-74.9997786914834,-37.6971753673578,58.7773045502364));
#5909=CARTESIAN_POINT('Origin',(-60.3995545085671,-37.2971753673578,59.1773045502364));
#5910=CARTESIAN_POINT('Origin',(-59.9995545085671,-33.6471734122711,59.1773586738147));
#5911=CARTESIAN_POINT('',(-59.9995545085671,-37.2971753673578,53.5773586738147));
#5912=CARTESIAN_POINT('',(-59.9995545085671,-37.2971753673578,46.6773138377339));
#5913=CARTESIAN_POINT('',(-59.9995545085671,-33.1471734122711,53.5773586738147));
#5914=CARTESIAN_POINT('',(-59.9995545085671,-33.6471734122711,53.5773586738147));
#5915=CARTESIAN_POINT('',(-59.9995545085671,-33.1471734122711,54.6773362561585));
#5916=CARTESIAN_POINT('Origin',(-60.3995545085671,-37.2971753673578,46.6773138377339));
#5917=CARTESIAN_POINT('',(-60.3995545085671,-37.6971753673578,53.5773586738147));
#5918=CARTESIAN_POINT('',(-60.3995545085671,-37.6971753673578,46.6773138377339));
#5919=CARTESIAN_POINT('',(-60.1167117960925,-37.5800180798324,53.4602013862893));
#5920=CARTESIAN_POINT('Origin',(-60.3995545085671,-37.2971753673578,53.1773586738147));
#5921=CARTESIAN_POINT('Origin',(-60.3995545085671,-37.2971753673578,53.1773586738147));
#5922=CARTESIAN_POINT('Origin',(-58.9995545085671,-33.1471734122711,54.6773362561585));
#5923=CARTESIAN_POINT('Origin',(-58.9995545085671,-33.1471734122711,53.5773586738147));
#5924=CARTESIAN_POINT('Origin',(-41.7495948616925,-27.2475620532381,53.3773586738147));
#5925=CARTESIAN_POINT('',(-81.8823972210417,-27.1647193407557,53.4602013862893));
#5926=CARTESIAN_POINT('',(-81.5995545085671,-27.0475620532304,53.5773586738146));
#5927=CARTESIAN_POINT('Origin',(-81.5995545085671,-27.4475620532304,53.1773586738148));
#5928=CARTESIAN_POINT('',(-37.499554508567,-27.0475620532389,53.5773586738146));
#5929=CARTESIAN_POINT('',(-41.7495948616924,-27.0475620532381,53.5773586738146));
#5930=CARTESIAN_POINT('',(-37.499554508567,-27.0475620532389,53.5773586738146));
#5931=CARTESIAN_POINT('',(-74.0579593409159,-34.9891572208864,45.6357635061633));
#5932=CARTESIAN_POINT('Origin',(-37.4995545085672,-28.0475620532389,53.3773586738145));
#5933=CARTESIAN_POINT('',(-36.4995545085672,-28.0475620532389,53.5773586738143));
#5934=CARTESIAN_POINT('Origin',(-37.4995545085672,-28.0475620532389,53.5773586738143));
#5935=CARTESIAN_POINT('',(-36.4995545085672,-28.0475620532389,53.5773586738143));
#5936=CARTESIAN_POINT('Origin',(-36.6995545085673,-33.6471734122711,53.3773586738147));
#5937=CARTESIAN_POINT('',(-36.4995545085671,-33.6471734122711,53.5773586738147));
#5938=CARTESIAN_POINT('',(-36.4995545085671,-31.1471734122715,53.5773586738147));
#5939=CARTESIAN_POINT('Origin',(-37.4995545085671,-31.1471734122715,53.3773586738147));
#5940=CARTESIAN_POINT('',(-37.4995545085672,-32.1471734122715,53.5773586738147));
#5941=CARTESIAN_POINT('Origin',(-41.7495948616932,-31.9471734122714,53.3773586738147));
#5942=CARTESIAN_POINT('Origin',(-58.9995545085671,-33.1471734122711,53.3773586738147));
#5943=CARTESIAN_POINT('',(-59.9995545085671,-33.1471734122711,53.5773586738147));
#5944=CARTESIAN_POINT('Origin',(-60.1995545085671,-33.6471734122711,53.3773586738147));
#5945=CARTESIAN_POINT('',(-59.0579255315676,-38.6388043443573,54.5189876508142));
#5946=CARTESIAN_POINT('Origin',(-36.4995545085672,-33.6471734122711,59.1773586738147));
#5947=CARTESIAN_POINT('',(-36.4995545085672,-28.0475620532389,54.6773362561584));
#5948=CARTESIAN_POINT('Origin',(-37.4995545085672,-28.0475620532389,54.6773362561584));
#5949=CARTESIAN_POINT('',(-37.499554508567,-27.0475620532387,58.7773045502364));
#5950=CARTESIAN_POINT('',(-37.499554508567,-27.0475620532389,54.6773362561584));
#5951=CARTESIAN_POINT('Origin',(-37.4995545085672,-28.0475620532387,58.7773045502363));
#5952=CARTESIAN_POINT('Origin',(-54.499635214819,-27.0475620532357,50.1773138385023));
#5953=CARTESIAN_POINT('',(-81.5995545085671,-27.0475620532302,58.7773045502364));
#5954=CARTESIAN_POINT('',(-81.5995545085671,-27.0475620532304,51.6773362561584));
#5955=CARTESIAN_POINT('',(-67.2495948616924,-27.047562053233,58.7773045502364));
#5956=CARTESIAN_POINT('Origin',(-81.5995545085671,-27.4475620532304,51.6773362561584));
#5957=CARTESIAN_POINT('',(-81.9995545085671,-27.4475620532304,53.5773586738147));
#5958=CARTESIAN_POINT('Origin',(-81.5995545085671,-27.4475620532304,53.1773586738147));
#5959=CARTESIAN_POINT('',(-81.9995545085671,-27.4475620532302,58.7773045502364));
#5960=CARTESIAN_POINT('',(-81.9995545085671,-27.4475620532304,51.6773362561584));
#5961=CARTESIAN_POINT('',(-81.7995545085671,-27.1011518917164,58.9773045502364));
#5962=CARTESIAN_POINT('Origin',(-81.5995545085671,-27.4475620532302,59.1773045502364));
#5963=CARTESIAN_POINT('Origin',(-81.5995545085671,-27.4475620532302,58.7773045502364));
#5964=CARTESIAN_POINT('Origin',(-81.7995545085671,-33.6471734122711,53.3773586738147));
#5965=CARTESIAN_POINT('',(-81.5995545085671,-37.2971753673578,53.1773586738147));
#5966=CARTESIAN_POINT('',(-81.5995545085671,-33.6471734122711,53.1773586738147));
#5967=CARTESIAN_POINT('',(-81.8823972210417,-37.5800180798324,53.4602013862893));
#5968=CARTESIAN_POINT('',(-81.9995545085671,-37.6971753673578,53.5773586738147));
#5969=CARTESIAN_POINT('',(-81.9995545085671,-37.2971753673578,53.5773586738147));
#5970=CARTESIAN_POINT('Origin',(-81.5995545085671,-37.2971753673578,53.1773586738147));
#5971=CARTESIAN_POINT('',(-81.9995545085671,-33.6471734122711,53.5773586738147));
#5972=CARTESIAN_POINT('Origin',(-67.2495948616925,-27.447562053233,58.7773045502364));
#5973=CARTESIAN_POINT('Origin',(-81.9995545085671,-27.4475620532301,58.7773045502364));
#5974=CARTESIAN_POINT('Origin',(-37.499554508567,-27.4475620532387,58.7773045502364));
#5975=CARTESIAN_POINT('Origin',(-37.4995545085672,-28.0475620532387,58.7773045502363));
#5976=CARTESIAN_POINT('Origin',(-81.7995545085671,-33.6471734122711,58.9773045502364));
#5977=CARTESIAN_POINT('',(-81.9995545085671,-37.2971753673578,58.7773045502364));
#5978=CARTESIAN_POINT('',(-81.9995545085671,-33.6471734122711,58.7773045502364));
#5979=CARTESIAN_POINT('Origin',(-81.5995545085671,-37.2971753673578,59.1773045502364));
#5980=CARTESIAN_POINT('Origin',(-81.9995545085671,-33.6471734122711,53.1773586738147));
#5981=CARTESIAN_POINT('',(-81.9995545085671,-37.2971753673578,43.6773138377339));
#5982=CARTESIAN_POINT('Origin',(-49.4997786914833,-37.4971753673578,53.3773586738147));
#5983=CARTESIAN_POINT('',(-81.5995545085671,-37.6971753673578,53.5773586738147));
#5984=CARTESIAN_POINT('',(-49.4997786914833,-37.6971753673578,53.5773586738147));
#5985=CARTESIAN_POINT('Origin',(-81.5995545085671,-37.2971753673578,53.1773586738147));
#5986=CARTESIAN_POINT('',(-49.4997786914833,-37.2971753673578,53.1773586738147));
#5987=CARTESIAN_POINT('Origin',(-70.0000028743996,-37.6971753673578,34.1772690016531));
#5988=CARTESIAN_POINT('',(-81.5995545085671,-37.6971753673578,43.6773138377339));
#5989=CARTESIAN_POINT('Origin',(-73.7492736583526,-31.5588660564626,58.9773045502364));
#5990=CARTESIAN_POINT('',(-65.4991060158346,-31.7588656737757,58.7773045502364));
#5991=CARTESIAN_POINT('',(-65.4991060158346,-31.7588656737757,58.7773045502364));
#5992=CARTESIAN_POINT('',(-67.4995508001038,-31.7588657201723,58.7773045502368));
#5993=CARTESIAN_POINT('',(-67.4995508186579,-31.3588657665679,59.1773045502364));
#5994=CARTESIAN_POINT('',(-73.7492736490755,-31.7588660564626,58.7773045502364));
#5995=CARTESIAN_POINT('Origin',(-65.4991059369798,-33.458865673777,58.9773045502371));
#5996=CARTESIAN_POINT('',(-65.4991060157903,-35.1588656737757,58.7773045502378));
#5997=CARTESIAN_POINT('',(-65.4991060157903,-35.1588656737757,58.7773045502378));
#5998=CARTESIAN_POINT('Origin',(-65.4991059369798,-33.458865673777,58.7773045502378));
#5999=CARTESIAN_POINT('Origin',(-72.749330306491,-35.3588653376625,58.9773045502364));
#6000=CARTESIAN_POINT('',(-67.4995508000597,-35.1588656274075,58.7773045502366));
#6001=CARTESIAN_POINT('',(-67.4995508000597,-35.1588655810391,58.7773045502364));
#6002=CARTESIAN_POINT('',(-72.7493302972191,-35.1588653376625,58.7773045502364));
#6003=CARTESIAN_POINT('Ctrl Pts',(-67.4791051630027,-35.5587587747918,59.1773045502364));
#6004=CARTESIAN_POINT('Ctrl Pts',(-68.1144330252093,-35.5654049153451,59.1773045502364));
#6005=CARTESIAN_POINT('Ctrl Pts',(-69.0522285082882,-35.1115049431843,59.1773045502364));
#6006=CARTESIAN_POINT('Ctrl Pts',(-69.7611911645887,-33.6499239845724,59.1773045502364));
#6007=CARTESIAN_POINT('Ctrl Pts',(-69.3779370101996,-31.958234901451,59.1773045502364));
#6008=CARTESIAN_POINT('Ctrl Pts',(-68.1142671180596,-31.3523070118211,59.1773045502364));
#6009=CARTESIAN_POINT('Ctrl Pts',(-67.4791078634358,-31.3589728890185,59.1773045502364));
#6010=CARTESIAN_POINT('Ctrl Pts',(-67.4804161595978,-35.4241344308104,59.0426733411759));
#6011=CARTESIAN_POINT('Ctrl Pts',(-68.0750130978728,-35.4303541201691,59.0426733411758));
#6012=CARTESIAN_POINT('Ctrl Pts',(-68.9526858322618,-35.0055532625269,59.0426733411784));
#6013=CARTESIAN_POINT('Ctrl Pts',(-69.616195972709,-33.6376750566426,59.0426733411823));
#6014=CARTESIAN_POINT('Ctrl Pts',(-69.257512854472,-32.0544414567816,59.0426733411797));
#6015=CARTESIAN_POINT('Ctrl Pts',(-68.0748578279221,-31.4873590520073,59.0426733411759));
#6016=CARTESIAN_POINT('Ctrl Pts',(-67.4804186868919,-31.4935972127253,59.0426733411759));
#6017=CARTESIAN_POINT('Ctrl Pts',(-67.4817271561931,-35.289510086829,58.9080421321153));
#6018=CARTESIAN_POINT('Ctrl Pts',(-68.0355931705363,-35.2953033249933,58.9080421321152));
#6019=CARTESIAN_POINT('Ctrl Pts',(-68.8531431562352,-34.8996015818697,58.9080421321205));
#6020=CARTESIAN_POINT('Ctrl Pts',(-69.4712007808292,-33.6254261287129,58.9080421321281));
#6021=CARTESIAN_POINT('Ctrl Pts',(-69.1370886987443,-32.1506480121122,58.9080421321231));
#6022=CARTESIAN_POINT('Ctrl Pts',(-68.0354485377846,-31.6224110921936,58.9080421321152));
#6023=CARTESIAN_POINT('Ctrl Pts',(-67.4817295103478,-31.628221536432,58.9080421321153));
#6024=CARTESIAN_POINT('Ctrl Pts',(-67.4830381527884,-35.1548857428476,58.7734109230548));
#6025=CARTESIAN_POINT('Ctrl Pts',(-67.9961732431998,-35.1602525298175,58.7734109230547));
#6026=CARTESIAN_POINT('Ctrl Pts',(-68.7536004802087,-34.7936499012124,58.7734109230625));
#6027=CARTESIAN_POINT('Ctrl Pts',(-69.3262055889494,-33.6131772007831,58.773410923074));
#6028=CARTESIAN_POINT('Ctrl Pts',(-69.0166645430167,-32.2468545674427,58.7734109230663));
#6029=CARTESIAN_POINT('Ctrl Pts',(-67.996039247647,-31.7574631323798,58.7734109230547));
#6030=CARTESIAN_POINT('Ctrl Pts',(-67.4830403338037,-31.7628458601388,58.7734109230548));
#6031=CARTESIAN_POINT('Ctrl Pts',(-67.4995408000597,-35.1588656737481,58.7773045502385));
#6032=CARTESIAN_POINT('Ctrl Pts',(-67.6685820980234,-35.1588656659114,58.7773045502385));
#6033=CARTESIAN_POINT('Ctrl Pts',(-67.8366894913815,-35.1336562427475,58.7790595126564));
#6034=CARTESIAN_POINT('Ctrl Pts',(-68.1605512142188,-35.0342625617042,58.781450303497));
#6035=CARTESIAN_POINT('Ctrl Pts',(-68.3144086558966,-34.9604683330457,58.7819857440215));
#6036=CARTESIAN_POINT('Ctrl Pts',(-68.6373689226643,-34.7410834842632,58.7806589293506));
#6037=CARTESIAN_POINT('Ctrl Pts',(-68.7940382611113,-34.5827145397037,58.778335884158));
#6038=CARTESIAN_POINT('Ctrl Pts',(-69.0389072726549,-34.2136678118661,58.7768047160483));
#6039=CARTESIAN_POINT('Ctrl Pts',(-69.1242877330668,-34.0062193139082,58.7760212761052));
#6040=CARTESIAN_POINT('Ctrl Pts',(-69.188656756916,-33.6802910833087,58.7776623427795));
#6041=CARTESIAN_POINT('Ctrl Pts',(-69.1994459285731,-33.5705212772827,58.7786266498749));
#6042=CARTESIAN_POINT('Ctrl Pts',(-69.1997592348149,-33.2391520626464,58.7808656631224));
#6043=CARTESIAN_POINT('Ctrl Pts',(-69.1567576140495,-33.0199461105222,58.7809322036535));
#6044=CARTESIAN_POINT('Ctrl Pts',(-68.9905363284864,-32.6136910167798,58.778087998662));
#6045=CARTESIAN_POINT('Ctrl Pts',(-68.8702994889482,-32.4300226448901,58.7762145090933));
#6046=CARTESIAN_POINT('Ctrl Pts',(-68.5653688503247,-32.1163916429714,58.7788397267519));
#6047=CARTESIAN_POINT('Ctrl Pts',(-68.3832797898231,-31.9900869259826,58.7809750687066));
#6048=CARTESIAN_POINT('Ctrl Pts',(-68.0745154730883,-31.8547481262561,58.7805268248681));
#6049=CARTESIAN_POINT('Ctrl Pts',(-67.9624290635411,-31.8188909199453,58.7798132530147));
#6050=CARTESIAN_POINT('Ctrl Pts',(-67.7330898484504,-31.7709277293283,58.7781906960987));
#6051=CARTESIAN_POINT('Ctrl Pts',(-67.6164780907456,-31.7588656792007,58.7773045502364));
#6052=CARTESIAN_POINT('Ctrl Pts',(-67.4995508001038,-31.758865673777,58.7773045502364));
#6053=CARTESIAN_POINT('Origin',(-65.4991059369795,-33.4588656737781,53.1773766036774));
#6054=CARTESIAN_POINT('',(-65.4991060158343,-31.7588656737767,53.5773586738112));
#6055=CARTESIAN_POINT('',(-65.4991060158343,-31.7588656737768,53.1773766036771));
#6056=CARTESIAN_POINT('',(-65.4991060157901,-35.1588656737767,53.5773586738147));
#6057=CARTESIAN_POINT('Origin',(-65.4991059369795,-33.458865673778,53.5773586738112));
#6058=CARTESIAN_POINT('',(-65.49910601579,-35.1588656737768,53.1773766036777));
#6059=CARTESIAN_POINT('Origin',(-67.4989927019945,-31.758865766542,59.1773045502365));
#6060=CARTESIAN_POINT('',(-67.4995041705483,-31.7588657202101,53.5773586738982));
#6061=CARTESIAN_POINT('',(-67.4995005783488,-31.7588657665655,53.1767713164213));
#6062=CARTESIAN_POINT('',(-48.2492736490756,-31.7588648736398,53.5773586738147));
#6063=CARTESIAN_POINT('Origin',(-78.2495544085524,-31.5588652565443,58.9773045502364));
#6064=CARTESIAN_POINT('',(-74.4991059369797,-31.7588652565432,58.7773045502364));
#6065=CARTESIAN_POINT('',(-74.4991059369797,-31.7588652565432,58.7773045502364));
#6066=CARTESIAN_POINT('',(-76.4995507216109,-31.7588652565432,58.7773045502364));
#6067=CARTESIAN_POINT('',(-76.4995507216109,-31.3588652565443,59.1773045502364));
#6068=CARTESIAN_POINT('',(-78.2495544085524,-31.7588652565443,58.7773045502364));
#6069=CARTESIAN_POINT('Origin',(-74.4991059369797,-33.4588652565445,58.9773045502367));
#6070=CARTESIAN_POINT('',(-74.4991060157903,-35.1588652565432,58.7773045502369));
#6071=CARTESIAN_POINT('',(-74.4991060157903,-35.1588652565432,58.7773045502369));
#6072=CARTESIAN_POINT('Origin',(-74.4991059369797,-33.4588652565445,58.7773045502369));
#6073=CARTESIAN_POINT('Origin',(-77.249330306491,-35.3588651290462,58.9773045502364));
#6074=CARTESIAN_POINT('',(-76.4995508004215,-35.158865210175,58.7773045502366));
#6075=CARTESIAN_POINT('',(-76.4995508004215,-35.1588651638066,58.7773045502364));
#6076=CARTESIAN_POINT('',(-77.2493302972191,-35.1588651290462,58.7773045502364));
#6077=CARTESIAN_POINT('Ctrl Pts',(-76.4790942893001,-35.5587582375409,59.1773045502364));
#6078=CARTESIAN_POINT('Ctrl Pts',(-77.1144263575916,-35.5654083482901,59.1773045502364));
#6079=CARTESIAN_POINT('Ctrl Pts',(-78.0521940426265,-35.1114811438051,59.1773045502364));
#6080=CARTESIAN_POINT('Ctrl Pts',(-78.7611623444215,-33.6499170080104,59.1773045502364));
#6081=CARTESIAN_POINT('Ctrl Pts',(-78.3779117620476,-31.9582699467746,59.1773045502364));
#6082=CARTESIAN_POINT('Ctrl Pts',(-77.1142600515424,-31.3523026651341,59.1773045502364));
#6083=CARTESIAN_POINT('Ctrl Pts',(-76.4790968986738,-31.3589725937492,59.1773045502364));
#6084=CARTESIAN_POINT('Ctrl Pts',(-76.4804059897521,-35.4241332115841,59.0426726514646));
#6085=CARTESIAN_POINT('Ctrl Pts',(-77.0750066558041,-35.4303566144189,59.0426726514646));
#6086=CARTESIAN_POINT('Ctrl Pts',(-77.9526530659637,-35.0055304195017,59.0426726514671));
#6087=CARTESIAN_POINT('Ctrl Pts',(-78.6161682572635,-33.6376684378649,59.042672651471));
#6088=CARTESIAN_POINT('Ctrl Pts',(-78.2574886076497,-32.054474721328,59.0426726514684));
#6089=CARTESIAN_POINT('Ctrl Pts',(-77.0748510125827,-31.4873556491044,59.0426726514646));
#6090=CARTESIAN_POINT('Ctrl Pts',(-76.4804084318236,-31.4935975993065,59.0426726514646));
#6091=CARTESIAN_POINT('Ctrl Pts',(-76.4817176902043,-35.2895081856273,58.9080407526927));
#6092=CARTESIAN_POINT('Ctrl Pts',(-77.0355869540167,-35.2953048805477,58.9080407526926));
#6093=CARTESIAN_POINT('Ctrl Pts',(-77.8531120893009,-34.8995796951982,58.9080407526979));
#6094=CARTESIAN_POINT('Ctrl Pts',(-78.4711741701056,-33.6254198677195,58.9080407527055));
#6095=CARTESIAN_POINT('Ctrl Pts',(-78.1370654532518,-32.1506794958813,58.9080407527004));
#6096=CARTESIAN_POINT('Ctrl Pts',(-77.035441973623,-31.6224086330745,58.9080407526926));
#6097=CARTESIAN_POINT('Ctrl Pts',(-76.4817199649734,-31.6282226048639,58.9080407526927));
#6098=CARTESIAN_POINT('Ctrl Pts',(-76.4830293906564,-35.1548831596705,58.7734088539209));
#6099=CARTESIAN_POINT('Ctrl Pts',(-76.9961672522292,-35.1602531466765,58.7734088539208));
#6100=CARTESIAN_POINT('Ctrl Pts',(-77.7535711126381,-34.7936289708948,58.7734088539287));
#6101=CARTESIAN_POINT('Ctrl Pts',(-78.3261800829476,-33.613171297574,58.7734088539402));
#6102=CARTESIAN_POINT('Ctrl Pts',(-78.0166422988538,-32.2468842704347,58.7734088539324));
#6103=CARTESIAN_POINT('Ctrl Pts',(-76.9960329346634,-31.7574616170447,58.7734088539208));
#6104=CARTESIAN_POINT('Ctrl Pts',(-76.4830314981232,-31.7628476104212,58.7734088539209));
#6105=CARTESIAN_POINT('Ctrl Pts',(-76.4995508004215,-35.1588652565445,58.7773045502364));
#6106=CARTESIAN_POINT('Ctrl Pts',(-76.6685901248809,-35.158865248708,58.7773045502364));
#6107=CARTESIAN_POINT('Ctrl Pts',(-76.836685563789,-35.1336564062824,58.7790612372033));
#6108=CARTESIAN_POINT('Ctrl Pts',(-77.1605459733726,-35.0342643800502,58.7814585125793));
#6109=CARTESIAN_POINT('Ctrl Pts',(-77.3144040600333,-34.9604704593201,58.7819985789908));
#6110=CARTESIAN_POINT('Ctrl Pts',(-77.6373676979171,-34.7410846520152,58.7806816962596));
#6111=CARTESIAN_POINT('Ctrl Pts',(-77.7940392136799,-34.5827135234205,58.778363217227));
#6112=CARTESIAN_POINT('Ctrl Pts',(-78.0389085364996,-34.2136646499119,58.7768333317369));
#6113=CARTESIAN_POINT('Ctrl Pts',(-78.1242883390395,-34.0062168051966,58.7760474185163));
#6114=CARTESIAN_POINT('Ctrl Pts',(-78.1886570620415,-33.6802886417179,58.7776861547645));
#6115=CARTESIAN_POINT('Ctrl Pts',(-78.1994461411102,-33.5705182163371,58.7786499068518));
#6116=CARTESIAN_POINT('Ctrl Pts',(-78.199758816548,-33.2391490900258,58.7808879959692));
#6117=CARTESIAN_POINT('Ctrl Pts',(-78.1567570266953,-33.0199437805539,58.7809550743445));
#6118=CARTESIAN_POINT('Ctrl Pts',(-77.9905336607297,-32.6136845458531,58.7781114975087));
#6119=CARTESIAN_POINT('Ctrl Pts',(-77.8702927178847,-32.4300121806042,58.7762379204158));
#6120=CARTESIAN_POINT('Ctrl Pts',(-77.5653543581424,-32.1163794256842,58.7788577502628));
#6121=CARTESIAN_POINT('Ctrl Pts',(-77.3832623716485,-31.9900757833034,58.7809880037703));
#6122=CARTESIAN_POINT('Ctrl Pts',(-77.0744986535235,-31.8547419873543,58.780532796232));
#6123=CARTESIAN_POINT('Ctrl Pts',(-76.9624159316491,-31.8188870977007,58.7798170650926));
#6124=CARTESIAN_POINT('Ctrl Pts',(-76.7330836231077,-31.7709266663433,58.7781915166005));
#6125=CARTESIAN_POINT('Ctrl Pts',(-76.6164749262731,-31.7588652565445,58.7773045502364));
#6126=CARTESIAN_POINT('Ctrl Pts',(-76.4995507216109,-31.7588652565445,58.7773045502364));
#6127=CARTESIAN_POINT('Origin',(-74.4991059369794,-33.4588652565456,53.177376603677));
#6128=CARTESIAN_POINT('',(-74.4991059369795,-31.7588652565443,53.5773586738104));
#6129=CARTESIAN_POINT('',(-74.4991059369794,-31.7588652565443,53.1773766036766));
#6130=CARTESIAN_POINT('',(-74.49910601579,-35.1588652565443,53.5773586738104));
#6131=CARTESIAN_POINT('Origin',(-74.4991059369795,-33.4588652565455,53.5773586738104));
#6132=CARTESIAN_POINT('',(-74.49910601579,-35.1588652565443,53.1773766036773));
#6133=CARTESIAN_POINT('Origin',(-76.4995543085376,-31.7588652565443,59.1773045502367));
#6134=CARTESIAN_POINT('',(-76.4995292004851,-31.7588652568393,53.5773586739688));
#6135=CARTESIAN_POINT('',(-76.4995004991321,-31.7588652565443,53.176690610572));
#6136=CARTESIAN_POINT('',(-52.7495544085524,-31.7588652565444,53.5773586738147));
#6137=CARTESIAN_POINT('Origin',(-81.5995545085671,-37.2971753673578,43.6773138377339));
#6138=CARTESIAN_POINT('Origin',(-28.9995545085671,-33.6471734122711,53.1773586738147));
#6139=CARTESIAN_POINT('Origin',(-81.5495545085671,-37.2471753673578,53.1773586738147));
#6140=CARTESIAN_POINT('Origin',(-81.5495545085671,-37.2471753673578,53.3773586738147));
#6141=CARTESIAN_POINT('',(-81.5495545085671,-37.2471753673578,53.1273586738147));
#6142=CARTESIAN_POINT('',(-81.3727778132704,-37.0703986720612,53.3773586738147));
#6143=CARTESIAN_POINT('Origin',(-65.4991060157904,-35.1588656737768,59.1773045502371));
#6144=CARTESIAN_POINT('',(-67.499504170504,-35.1588656273708,53.5773586738982));
#6145=CARTESIAN_POINT('',(-47.2493302972192,-35.1588665198212,53.5773586738147));
#6146=CARTESIAN_POINT('',(-67.4995005783046,-35.1588655810402,53.176771316422));
#6147=CARTESIAN_POINT('Origin',(-67.499500499494,-33.4588656737781,53.1767713164224));
#6148=CARTESIAN_POINT('Ctrl Pts',(-67.4995041705483,-31.758865673778,53.5773586738147));
#6149=CARTESIAN_POINT('Ctrl Pts',(-67.6155146434984,-31.7588656791596,53.5773586738147));
#6150=CARTESIAN_POINT('Ctrl Pts',(-67.7312037536659,-31.7707386737881,53.5776438151212));
#6151=CARTESIAN_POINT('Ctrl Pts',(-67.9580413016164,-31.817792589664,53.578625731198));
#6152=CARTESIAN_POINT('Ctrl Pts',(-68.0685837882961,-31.8527769953626,53.5793092631098));
#6153=CARTESIAN_POINT('Ctrl Pts',(-68.3752707782954,-31.9855052440717,53.579718900788));
#6154=CARTESIAN_POINT('Ctrl Pts',(-68.557136801727,-32.1101152770043,53.5771185042));
#6155=CARTESIAN_POINT('Ctrl Pts',(-68.7881734964254,-32.3445967516906,53.5759633779978));
#6156=CARTESIAN_POINT('Ctrl Pts',(-68.8579984710143,-32.4308788385938,53.5760006775805));
#6157=CARTESIAN_POINT('Ctrl Pts',(-69.0403342147542,-32.707531209899,53.5773392046373));
#6158=CARTESIAN_POINT('Ctrl Pts',(-69.1247329181589,-32.9135823348055,53.580107345191));
#6159=CARTESIAN_POINT('Ctrl Pts',(-69.1886884640079,-33.2380470319257,53.5790604468745));
#6160=CARTESIAN_POINT('Ctrl Pts',(-69.1994374513375,-33.3478067349861,53.5780262596565));
#6161=CARTESIAN_POINT('Ctrl Pts',(-69.1996373438854,-33.6794144280402,53.5752702544273));
#6162=CARTESIAN_POINT('Ctrl Pts',(-69.1564566155001,-33.898896037216,53.5745192903403));
#6163=CARTESIAN_POINT('Ctrl Pts',(-68.9899186784372,-34.3049531858383,53.5767301830132));
#6164=CARTESIAN_POINT('Ctrl Pts',(-68.8697889775084,-34.4882476957648,53.578649068314));
#6165=CARTESIAN_POINT('Ctrl Pts',(-68.5650643799296,-34.8015423475691,53.5762433565653));
#6166=CARTESIAN_POINT('Ctrl Pts',(-68.3829582794624,-34.9278048554377,53.5741645237435));
#6167=CARTESIAN_POINT('Ctrl Pts',(-68.0742716276745,-35.0630482606338,53.5744595015699));
#6168=CARTESIAN_POINT('Ctrl Pts',(-67.9622544471144,-35.0988712139281,53.5750851091917));
#6169=CARTESIAN_POINT('Ctrl Pts',(-67.7330057101058,-35.1468074415311,53.5765454504551));
#6170=CARTESIAN_POINT('Ctrl Pts',(-67.6164130250424,-35.1588656683578,53.5773586738147));
#6171=CARTESIAN_POINT('Ctrl Pts',(-67.499504170504,-35.158865673778,53.5773586738147));
#6172=CARTESIAN_POINT('Origin',(-76.4995004991321,-33.4588652565456,53.1766906105723));
#6173=CARTESIAN_POINT('',(-76.4992485154118,-35.1588651864604,53.5773586688805));
#6174=CARTESIAN_POINT('',(-76.4995005779427,-35.1588651638077,53.1766906105719));
#6175=CARTESIAN_POINT('Ctrl Pts',(-76.4995292004851,-31.7588652567309,53.5773586738013));
#6176=CARTESIAN_POINT('Ctrl Pts',(-76.6685831548248,-31.7588677536017,53.5773588550625));
#6177=CARTESIAN_POINT('Ctrl Pts',(-76.8367025203457,-31.7840854144697,53.5756026941925));
#6178=CARTESIAN_POINT('Ctrl Pts',(-77.1605967276948,-31.8835042939658,53.5732087832046));
#6179=CARTESIAN_POINT('Ctrl Pts',(-77.314472918033,-31.9573199162811,53.57267156428));
#6180=CARTESIAN_POINT('Ctrl Pts',(-77.6374354571506,-32.1767478669611,53.5739956266611));
#6181=CARTESIAN_POINT('Ctrl Pts',(-77.7940910899421,-32.3351309225164,53.5763176951979));
#6182=CARTESIAN_POINT('Ctrl Pts',(-78.0389272221175,-32.7041990833475,53.5778490332106));
#6183=CARTESIAN_POINT('Ctrl Pts',(-78.1242891256411,-32.9116544395189,53.5786336882002));
#6184=CARTESIAN_POINT('Ctrl Pts',(-78.188629552934,-33.2375879208765,53.5769938710527));
#6185=CARTESIAN_POINT('Ctrl Pts',(-78.1994091111017,-33.3473590988568,53.5760295449262));
#6186=CARTESIAN_POINT('Ctrl Pts',(-78.1996931668441,-33.678728318123,53.5737897093895));
#6187=CARTESIAN_POINT('Ctrl Pts',(-78.1566723613982,-33.8979302359701,53.5737215741025));
#6188=CARTESIAN_POINT('Ctrl Pts',(-77.9904159624795,-34.3041697419525,53.5765652952293));
#6189=CARTESIAN_POINT('Ctrl Pts',(-77.8701638200207,-34.4878267927778,53.5784416020209));
#6190=CARTESIAN_POINT('Ctrl Pts',(-77.565209169195,-34.8014284043008,53.5758196359888));
#6191=CARTESIAN_POINT('Ctrl Pts',(-77.3831126886131,-34.9277159106973,53.5736837238781));
#6192=CARTESIAN_POINT('Ctrl Pts',(-77.0742829353685,-35.0630540340813,53.5741318597676));
#6193=CARTESIAN_POINT('Ctrl Pts',(-76.9621309909531,-35.0989154704361,53.5748462766303));
#6194=CARTESIAN_POINT('Ctrl Pts',(-76.7327464030366,-35.1468424253897,53.576470519205));
#6195=CARTESIAN_POINT('Ctrl Pts',(-76.616149130299,-35.1588828120794,53.5773573412062));
#6196=CARTESIAN_POINT('Ctrl Pts',(-76.4992485154041,-35.1588652373339,53.5773586723588));
#6197=CARTESIAN_POINT('Origin',(-74.4991060157904,-35.1588652565443,59.1773045502367));
#6198=CARTESIAN_POINT('',(-51.7493302972192,-35.158866311205,53.5773586738147));
#6199=CARTESIAN_POINT('Origin',(-51.749330306491,-35.358866311205,53.3773586738147));
#6200=CARTESIAN_POINT('',(-74.4991060343337,-35.5588652565455,53.1773586738147));
#6201=CARTESIAN_POINT('',(-76.4989928785211,-35.5588651638313,53.1773586738147));
#6202=CARTESIAN_POINT('Ctrl Pts',(-76.4791123022455,-31.3589715731884,53.1773586738147));
#6203=CARTESIAN_POINT('Ctrl Pts',(-77.1144965493285,-31.3523428650155,53.1773586738147));
#6204=CARTESIAN_POINT('Ctrl Pts',(-78.0523439698768,-31.806364216732,53.1773586738147));
#6205=CARTESIAN_POINT('Ctrl Pts',(-78.7611871712661,-33.2681612035363,53.1773586738147));
#6206=CARTESIAN_POINT('Ctrl Pts',(-78.3775848788529,-34.9599339692129,53.1773586738147));
#6207=CARTESIAN_POINT('Ctrl Pts',(-77.113634700903,-35.5656100654238,53.1773586738147));
#6208=CARTESIAN_POINT('Ctrl Pts',(-76.4784214890662,-35.5587517754967,53.1773586738147));
#6209=CARTESIAN_POINT('Ctrl Pts',(-76.4804193981667,-31.4935966030216,53.311990507908));
#6210=CARTESIAN_POINT('Ctrl Pts',(-77.0750689002624,-31.4873924974647,53.311990507908));
#6211=CARTESIAN_POINT('Ctrl Pts',(-77.9527911373465,-31.912305902166,53.3119905079053));
#6212=CARTESIAN_POINT('Ctrl Pts',(-78.6161909688201,-33.2803871557692,53.3119905079016));
#6213=CARTESIAN_POINT('Ctrl Pts',(-78.2571809971649,-34.863700825101,53.3119905079041));
#6214=CARTESIAN_POINT('Ctrl Pts',(-77.0742623041717,-35.4305461732726,53.311990507908));
#6215=CARTESIAN_POINT('Ctrl Pts',(-76.4797728733169,-35.4241272045782,53.311990507908));
#6216=CARTESIAN_POINT('Ctrl Pts',(-76.481726494088,-31.6282216328547,53.4466223420012));
#6217=CARTESIAN_POINT('Ctrl Pts',(-77.0356412511964,-31.6224421299138,53.4466223420013));
#6218=CARTESIAN_POINT('Ctrl Pts',(-77.8532383048162,-32.0182475875999,53.4466223419961));
#6219=CARTESIAN_POINT('Ctrl Pts',(-78.4711947663741,-33.2926131080021,53.4466223419884));
#6220=CARTESIAN_POINT('Ctrl Pts',(-78.1367771154769,-34.7674676809892,53.4466223419936));
#6221=CARTESIAN_POINT('Ctrl Pts',(-77.0348899074404,-35.2954822811215,53.4466223420013));
#6222=CARTESIAN_POINT('Ctrl Pts',(-76.4811242575676,-35.2895026336599,53.4466223420012));
#6223=CARTESIAN_POINT('Ctrl Pts',(-76.4830335900092,-31.7628466626879,53.5812541760946));
#6224=CARTESIAN_POINT('Ctrl Pts',(-76.9962136021302,-31.7574917623629,53.5812541760946));
#6225=CARTESIAN_POINT('Ctrl Pts',(-77.7536854722859,-32.1241892730339,53.5812541760867));
#6226=CARTESIAN_POINT('Ctrl Pts',(-78.326198563928,-33.304839060235,53.5812541760753));
#6227=CARTESIAN_POINT('Ctrl Pts',(-78.0163732337889,-34.6712345368774,53.5812541760831));
#6228=CARTESIAN_POINT('Ctrl Pts',(-76.9955175107093,-35.1604183889704,53.5812541760947));
#6229=CARTESIAN_POINT('Ctrl Pts',(-76.4824756418182,-35.1548780627414,53.5812541760945));
#6230=CARTESIAN_POINT('',(-76.4995669681646,-31.3588652575973,53.1773586738147));
#6231=CARTESIAN_POINT('Origin',(-52.7495544085524,-31.5588652565444,53.3773586738147));
#6232=CARTESIAN_POINT('',(-74.4991059369795,-31.7588652565443,53.5773586738104));
#6233=CARTESIAN_POINT('Origin',(-74.4991059369795,-33.4588652565455,53.3773586738125));
#6234=CARTESIAN_POINT('Origin',(-48.2492736583526,-31.5588648736398,53.3773586738147));
#6235=CARTESIAN_POINT('',(-67.499505033089,-31.358865673783,53.1773586738147));
#6236=CARTESIAN_POINT('',(-65.4991060158343,-31.7588656737767,53.5773586738112));
#6237=CARTESIAN_POINT('Origin',(-65.4991059369795,-33.458865673778,53.377358673813));
#6238=CARTESIAN_POINT('',(-65.4991060157901,-35.1588656737767,53.5773586738147));
#6239=CARTESIAN_POINT('Origin',(-47.249330306491,-35.3588665198212,53.3773586738147));
#6240=CARTESIAN_POINT('',(-67.499504170506,-35.158865673778,53.5773586738147));
#6241=CARTESIAN_POINT('Ctrl Pts',(-67.4807841667561,-31.3589475259271,53.1773586738147));
#6242=CARTESIAN_POINT('Ctrl Pts',(-67.8011121715886,-31.3561451539649,53.1773586738147));
#6243=CARTESIAN_POINT('Ctrl Pts',(-68.756125428439,-31.5609568654627,53.1773586738147));
#6244=CARTESIAN_POINT('Ctrl Pts',(-69.8434344654762,-32.9221868677912,53.1773586738147));
#6245=CARTESIAN_POINT('Ctrl Pts',(-69.3761572577618,-34.9623828995025,53.1773586738147));
#6246=CARTESIAN_POINT('Ctrl Pts',(-68.1153847789494,-35.5648373544626,53.1773586738147));
#6247=CARTESIAN_POINT('Ctrl Pts',(-67.4807814312123,-35.5587763335171,53.1773586738147));
#6248=CARTESIAN_POINT('Ctrl Pts',(-67.4819831005688,-31.493464377706,53.3118807581589));
#6249=CARTESIAN_POINT('Ctrl Pts',(-67.7817914873164,-31.4908413372138,53.3118807581589));
#6250=CARTESIAN_POINT('Ctrl Pts',(-68.6756286233581,-31.682532586069,53.3118807581578));
#6251=CARTESIAN_POINT('Ctrl Pts',(-69.6932879550586,-32.9565650737971,53.311880758152));
#6252=CARTESIAN_POINT('Ctrl Pts',(-69.2559429858539,-34.866071380602,53.311880758155));
#6253=CARTESIAN_POINT('Ctrl Pts',(-68.0759323721461,-35.4299330900623,53.3118807581589));
#6254=CARTESIAN_POINT('Ctrl Pts',(-67.4819805402884,-35.4242599613758,53.3118807581589));
#6255=CARTESIAN_POINT('Ctrl Pts',(-67.4831820343815,-31.627981229485,53.4464028425031));
#6256=CARTESIAN_POINT('Ctrl Pts',(-67.7624708030441,-31.6255375204628,53.4464028425031));
#6257=CARTESIAN_POINT('Ctrl Pts',(-68.5951318182773,-31.8041083066754,53.4464028425009));
#6258=CARTESIAN_POINT('Ctrl Pts',(-69.543141444641,-32.9909432798031,53.4464028424893));
#6259=CARTESIAN_POINT('Ctrl Pts',(-69.135728713946,-34.7697598617015,53.4464028424954));
#6260=CARTESIAN_POINT('Ctrl Pts',(-68.0364799653427,-35.2950288256622,53.4464028425031));
#6261=CARTESIAN_POINT('Ctrl Pts',(-67.4831796493644,-35.2897435892346,53.4464028425031));
#6262=CARTESIAN_POINT('Ctrl Pts',(-67.4843809681942,-31.7624980812639,53.5809249268473));
#6263=CARTESIAN_POINT('Ctrl Pts',(-67.7431501187718,-31.7602337037117,53.5809249268474));
#6264=CARTESIAN_POINT('Ctrl Pts',(-68.5146350131963,-31.9256840272817,53.5809249268441));
#6265=CARTESIAN_POINT('Ctrl Pts',(-69.3929949342234,-33.025321485809,53.5809249268267));
#6266=CARTESIAN_POINT('Ctrl Pts',(-69.0155144420382,-34.6734483428009,53.5809249268357));
#6267=CARTESIAN_POINT('Ctrl Pts',(-67.9970275585395,-35.1601245612621,53.5809249268475));
#6268=CARTESIAN_POINT('Ctrl Pts',(-67.4843787584404,-35.1552272170934,53.5809249268473));
#6269=CARTESIAN_POINT('',(-7.29989910755901,-39.189003185147,5.8728535909651));
#6270=CARTESIAN_POINT('',(-7.29967589922847,60.1471700753826,30.6639088251756));
#6271=CARTESIAN_POINT('',(0.,0.,0.));
#6272=UNCERTAINTY_MEASURE_WITH_UNIT(LENGTH_MEASURE(0.01),#6282,
'DISTANCE_ACCURACY_VALUE',
'Maximum model space distance between geometric entities at asserted c
onnectivities');
#6273=UNCERTAINTY_MEASURE_WITH_UNIT(LENGTH_MEASURE(0.01),#6282,
'DISTANCE_ACCURACY_VALUE',
'Maximum model space distance between geometric entities at asserted c
onnectivities');
#6274=UNCERTAINTY_MEASURE_WITH_UNIT(LENGTH_MEASURE(0.01),#6282,
'DISTANCE_ACCURACY_VALUE',
'Maximum model space distance between geometric entities at asserted c
onnectivities');
#6275=UNCERTAINTY_MEASURE_WITH_UNIT(LENGTH_MEASURE(0.01),#6282,
'DISTANCE_ACCURACY_VALUE',
'Maximum model space distance between geometric entities at asserted c
onnectivities');
#6276=UNCERTAINTY_MEASURE_WITH_UNIT(LENGTH_MEASURE(0.01),#6282,
'DISTANCE_ACCURACY_VALUE',
'Maximum model space distance between geometric entities at asserted c
onnectivities');
#6277=(
GEOMETRIC_REPRESENTATION_CONTEXT(3)
GLOBAL_UNCERTAINTY_ASSIGNED_CONTEXT((#6272))
GLOBAL_UNIT_ASSIGNED_CONTEXT((#6282,#6284,#6285))
REPRESENTATION_CONTEXT('','3D')
);
#6278=(
GEOMETRIC_REPRESENTATION_CONTEXT(3)
GLOBAL_UNCERTAINTY_ASSIGNED_CONTEXT((#6273))
GLOBAL_UNIT_ASSIGNED_CONTEXT((#6282,#6284,#6285))
REPRESENTATION_CONTEXT('','3D')
);
#6279=(
GEOMETRIC_REPRESENTATION_CONTEXT(3)
GLOBAL_UNCERTAINTY_ASSIGNED_CONTEXT((#6274))
GLOBAL_UNIT_ASSIGNED_CONTEXT((#6282,#6284,#6285))
REPRESENTATION_CONTEXT('','3D')
);
#6280=(
GEOMETRIC_REPRESENTATION_CONTEXT(3)
GLOBAL_UNCERTAINTY_ASSIGNED_CONTEXT((#6275))
GLOBAL_UNIT_ASSIGNED_CONTEXT((#6282,#6284,#6285))
REPRESENTATION_CONTEXT('','3D')
);
#6281=(
GEOMETRIC_REPRESENTATION_CONTEXT(3)
GLOBAL_UNCERTAINTY_ASSIGNED_CONTEXT((#6276))
GLOBAL_UNIT_ASSIGNED_CONTEXT((#6282,#6284,#6285))
REPRESENTATION_CONTEXT('','3D')
);
#6282=(
LENGTH_UNIT()
NAMED_UNIT(*)
SI_UNIT(.MILLI.,.METRE.)
);
#6283=(
LENGTH_UNIT()
NAMED_UNIT(*)
SI_UNIT($,.METRE.)
);
#6284=(
NAMED_UNIT(*)
PLANE_ANGLE_UNIT()
SI_UNIT($,.RADIAN.)
);
#6285=(
NAMED_UNIT(*)
SI_UNIT($,.STERADIAN.)
SOLID_ANGLE_UNIT()
);
#6286=SHAPE_DEFINITION_REPRESENTATION(#6290,#6297);
#6287=SHAPE_DEFINITION_REPRESENTATION(#6291,#6298);
#6288=SHAPE_DEFINITION_REPRESENTATION(#6292,#6299);
#6289=SHAPE_DEFINITION_REPRESENTATION(#6293,#6300);
#6290=PRODUCT_DEFINITION_SHAPE('',$,#6302);
#6291=PRODUCT_DEFINITION_SHAPE('',$,#6303);
#6292=PRODUCT_DEFINITION_SHAPE('',$,#6304);
#6293=PRODUCT_DEFINITION_SHAPE('',$,#6305);
#6294=PRODUCT_DEFINITION_SHAPE($,$,#20);
#6295=PRODUCT_DEFINITION_SHAPE($,$,#21);
#6296=PRODUCT_DEFINITION_SHAPE($,$,#22);
#6297=SHAPE_REPRESENTATION('',(#3596,#3944),#6277);
#6298=SHAPE_REPRESENTATION('',(#3597,#3942,#3943),#6278);
#6299=SHAPE_REPRESENTATION('',(#3598),#6279);
#6300=SHAPE_REPRESENTATION('',(#3796),#6280);
#6301=PRODUCT_DEFINITION_CONTEXT('part definition',#6315,'design');
#6302=PRODUCT_DEFINITION('Trinity voron mgn12 9mm sherpa','(Unsaved)',#6306,
#6301);
#6303=PRODUCT_DEFINITION('Doom 350 Full CAD',
'Trinity Depressor Arm and Holder ',#6307,#6301);
#6304=PRODUCT_DEFINITION('Depressor Arm Base','Depressor Arm Base',#6308,
#6301);
#6305=PRODUCT_DEFINITION('Depressor Arm','Depressor Arm',#6309,#6301);
#6306=PRODUCT_DEFINITION_FORMATION('',$,#6317);
#6307=PRODUCT_DEFINITION_FORMATION('',$,#6318);
#6308=PRODUCT_DEFINITION_FORMATION('',$,#6319);
#6309=PRODUCT_DEFINITION_FORMATION('',$,#6320);
#6310=PRODUCT_RELATED_PRODUCT_CATEGORY('(Unsaved)','(Unsaved)',(#6317));
#6311=PRODUCT_RELATED_PRODUCT_CATEGORY(
'Trinity Depressor Arm and Holder ','Trinity Depressor Arm and Holder ',
(#6318));
#6312=PRODUCT_RELATED_PRODUCT_CATEGORY('Depressor Arm Base',
'Depressor Arm Base',(#6319));
#6313=PRODUCT_RELATED_PRODUCT_CATEGORY('Depressor Arm','Depressor Arm',
(#6320));
#6314=APPLICATION_PROTOCOL_DEFINITION('international standard',
'automotive_design',2009,#6315);
#6315=APPLICATION_CONTEXT(
'Core Data for Automotive Mechanical Design Process');
#6316=PRODUCT_CONTEXT('part definition',#6315,'mechanical');
#6317=PRODUCT('Trinity voron mgn12 9mm sherpa','(Unsaved)','STEP AP214',
(#6316));
#6318=PRODUCT('Doom 350 Full CAD','Trinity Depressor Arm and Holder ',$,
(#6316));
#6319=PRODUCT('Depressor Arm Base','Depressor Arm Base',$,(#6316));
#6320=PRODUCT('Depressor Arm','Depressor Arm',$,(#6316));
#6321=PRESENTATION_STYLE_ASSIGNMENT((#6324));
#6322=PRESENTATION_STYLE_ASSIGNMENT((#6325));
#6323=PRESENTATION_STYLE_ASSIGNMENT((#6326));
#6324=SURFACE_STYLE_USAGE(.BOTH.,#6327);
#6325=SURFACE_STYLE_USAGE(.BOTH.,#6328);
#6326=SURFACE_STYLE_USAGE(.BOTH.,#6329);
#6327=SURFACE_SIDE_STYLE('',(#6330));
#6328=SURFACE_SIDE_STYLE('',(#6331));
#6329=SURFACE_SIDE_STYLE('',(#6332));
#6330=SURFACE_STYLE_FILL_AREA(#6333);
#6331=SURFACE_STYLE_FILL_AREA(#6334);
#6332=SURFACE_STYLE_FILL_AREA(#6335);
#6333=FILL_AREA_STYLE('Steel - Satin',(#6336));
#6334=FILL_AREA_STYLE('Opaque(63,63,63)',(#6337));
#6335=FILL_AREA_STYLE('Opaque(255,0,0)',(#6338));
#6336=FILL_AREA_STYLE_COLOUR('Steel - Satin',#6339);
#6337=FILL_AREA_STYLE_COLOUR('Opaque(63,63,63)',#6340);
#6338=FILL_AREA_STYLE_COLOUR('Opaque(255,0,0)',#6341);
#6339=COLOUR_RGB('Steel - Satin',0.627450980392157,0.627450980392157,0.627450980392157);
#6340=COLOUR_RGB('Opaque(63,63,63)',0.247058823529412,0.247058823529412,
0.247058823529412);
#6341=COLOUR_RGB('Opaque(255,0,0)',1.,0.,0.);
ENDSEC;
END-ISO-10303-21;
